{
  "type": "FeatureCollection",
  "features": [
    {
      "id": "8625eba7-f1dc-5843-b297-f9261b904a40",
      "type": "Feature",
      "feature_type": "navigation",
      "geometry": {
        "type": "Point",
        "coordinates": [
          -123.251052248964,
          49.263410022989
        ]
      },
      "properties": {
        "debug_id": "AP-0001",
        "alt_name": {
          "en": "nav_projection_cabinet_0001"
        },
        "level_id": "41d0e8ca-d315-4b25-938c-7955db2daf2e",
        "wayfinding_type": "access_projection",
        "route_confirmed": true,
        "source": "col_1_cab_01",
        "sources": [
          "col_1_cab_01",
          "we_are_all_one_artwork"
        ],
        "target": "path_004",
        "targets": [
          "path_004"
        ]
      }
    },
    {
      "id": "6a5a3b39-110e-5395-820b-eb0d8e6645d8",
      "type": "Feature",
      "feature_type": "navigation",
      "geometry": {
        "type": "Point",
        "coordinates": [
          -123.251044591593,
          49.263400413152
        ]
      },
      "properties": {
        "debug_id": "AP-0002",
        "alt_name": {
          "en": "nav_projection_cabinet_0002"
        },
        "level_id": "41d0e8ca-d315-4b25-938c-7955db2daf2e",
        "wayfinding_type": "access_projection",
        "route_confirmed": true,
        "source": "col_1_cab_02",
        "sources": [
          "col_1_cab_02"
        ],
        "target": "path_004",
        "targets": [
          "path_004"
        ]
      }
    },
    {
      "id": "8a6eb9ea-ff35-5405-9961-1181fb5c4cd6",
      "type": "Feature",
      "feature_type": "navigation",
      "geometry": {
        "type": "Point",
        "coordinates": [
          -123.251036934223,
          49.263390803313
        ]
      },
      "properties": {
        "debug_id": "AP-0003",
        "alt_name": {
          "en": "nav_projection_cabinet_0003"
        },
        "level_id": "41d0e8ca-d315-4b25-938c-7955db2daf2e",
        "wayfinding_type": "access_projection",
        "route_confirmed": true,
        "source": "col_1_cab_03",
        "sources": [
          "col_1_cab_03",
          "irish_elk_skull"
        ],
        "target": "path_004",
        "targets": [
          "path_004"
        ]
      }
    },
    {
      "id": "39101810-c18b-5a5b-89fe-ecccc566d42f",
      "type": "Feature",
      "feature_type": "navigation",
      "geometry": {
        "type": "Point",
        "coordinates": [
          -123.251029276856,
          49.263381193473
        ]
      },
      "properties": {
        "debug_id": "AP-0004",
        "alt_name": {
          "en": "nav_projection_cabinet_0004"
        },
        "level_id": "41d0e8ca-d315-4b25-938c-7955db2daf2e",
        "wayfinding_type": "access_projection",
        "route_confirmed": true,
        "source": "col_1_cab_04",
        "sources": [
          "col_1_cab_04"
        ],
        "target": "path_004",
        "targets": [
          "path_004"
        ]
      }
    },
    {
      "id": "fc86fe79-c1bf-50db-a1a2-7a917a0cc3c7",
      "type": "Feature",
      "feature_type": "navigation",
      "geometry": {
        "type": "Point",
        "coordinates": [
          -123.25102161949,
          49.26337158363
        ]
      },
      "properties": {
        "debug_id": "AP-0005",
        "alt_name": {
          "en": "nav_projection_cabinet_0005"
        },
        "level_id": "41d0e8ca-d315-4b25-938c-7955db2daf2e",
        "wayfinding_type": "access_projection",
        "route_confirmed": true,
        "source": "col_1_cab_05",
        "sources": [
          "col_1_cab_05"
        ],
        "target": "path_004",
        "targets": [
          "path_004"
        ]
      }
    },
    {
      "id": "be8ceb35-5a28-5796-92ae-8b81f3ad85c3",
      "type": "Feature",
      "feature_type": "navigation",
      "geometry": {
        "type": "Point",
        "coordinates": [
          -123.251013962126,
          49.263361973786
        ]
      },
      "properties": {
        "debug_id": "AP-0006",
        "alt_name": {
          "en": "nav_projection_cabinet_0006"
        },
        "level_id": "41d0e8ca-d315-4b25-938c-7955db2daf2e",
        "wayfinding_type": "access_projection",
        "route_confirmed": true,
        "source": "col_1_cab_06",
        "sources": [
          "col_1_cab_06"
        ],
        "target": "path_004",
        "targets": [
          "path_004"
        ]
      }
    },
    {
      "id": "6d9c9db3-1eac-5401-aff6-b875adf27eb1",
      "type": "Feature",
      "feature_type": "navigation",
      "geometry": {
        "type": "Point",
        "coordinates": [
          -123.251006304764,
          49.263352363939
        ]
      },
      "properties": {
        "debug_id": "AP-0007",
        "alt_name": {
          "en": "nav_projection_cabinet_0007"
        },
        "level_id": "41d0e8ca-d315-4b25-938c-7955db2daf2e",
        "wayfinding_type": "access_projection",
        "route_confirmed": true,
        "source": "col_1_cab_07",
        "sources": [
          "col_1_cab_07"
        ],
        "target": "path_004",
        "targets": [
          "path_004"
        ]
      }
    },
    {
      "id": "d54565e6-5302-5080-a6f9-bf9b635dae3a",
      "type": "Feature",
      "feature_type": "navigation",
      "geometry": {
        "type": "Point",
        "coordinates": [
          -123.250998647405,
          49.263342754091
        ]
      },
      "properties": {
        "debug_id": "AP-0008",
        "alt_name": {
          "en": "nav_projection_cabinet_0008"
        },
        "level_id": "41d0e8ca-d315-4b25-938c-7955db2daf2e",
        "wayfinding_type": "access_projection",
        "route_confirmed": true,
        "source": "col_1_cab_08",
        "sources": [
          "col_1_cab_08"
        ],
        "target": "path_004",
        "targets": [
          "path_004"
        ]
      }
    },
    {
      "id": "6df8323d-1104-5f0c-8874-935cd1f5924d",
      "type": "Feature",
      "feature_type": "navigation",
      "geometry": {
        "type": "Point",
        "coordinates": [
          -123.250990990047,
          49.263333144241
        ]
      },
      "properties": {
        "debug_id": "AP-0009",
        "alt_name": {
          "en": "nav_projection_cabinet_0009"
        },
        "level_id": "41d0e8ca-d315-4b25-938c-7955db2daf2e",
        "wayfinding_type": "access_projection",
        "route_confirmed": true,
        "source": "col_1_cab_09",
        "sources": [
          "col_1_cab_09"
        ],
        "target": "path_004",
        "targets": [
          "path_004"
        ]
      }
    },
    {
      "id": "8185b1a3-374a-59c0-a680-fd00fc77bc1a",
      "type": "Feature",
      "feature_type": "navigation",
      "geometry": {
        "type": "Point",
        "coordinates": [
          -123.250983332691,
          49.26332353439
        ]
      },
      "properties": {
        "debug_id": "AP-0010",
        "alt_name": {
          "en": "nav_projection_cabinet_0010"
        },
        "level_id": "41d0e8ca-d315-4b25-938c-7955db2daf2e",
        "wayfinding_type": "access_projection",
        "route_confirmed": true,
        "source": "col_1_cab_10",
        "sources": [
          "col_1_cab_10"
        ],
        "target": "path_004",
        "targets": [
          "path_004"
        ]
      }
    },
    {
      "id": "c39cb07c-8f0a-5496-916f-4c91b10c5a28",
      "type": "Feature",
      "feature_type": "navigation",
      "geometry": {
        "type": "Point",
        "coordinates": [
          -123.250975675336,
          49.263313924536
        ]
      },
      "properties": {
        "debug_id": "AP-0011",
        "alt_name": {
          "en": "nav_projection_cabinet_0011"
        },
        "level_id": "41d0e8ca-d315-4b25-938c-7955db2daf2e",
        "wayfinding_type": "access_projection",
        "route_confirmed": true,
        "source": "col_1_cab_11",
        "sources": [
          "col_1_cab_11"
        ],
        "target": "path_004",
        "targets": [
          "path_004"
        ]
      }
    },
    {
      "id": "55ecd40f-a816-5876-ac0a-c08d24e1882a",
      "type": "Feature",
      "feature_type": "navigation",
      "geometry": {
        "type": "Point",
        "coordinates": [
          -123.250968017984,
          49.26330431468
        ]
      },
      "properties": {
        "debug_id": "AP-0012",
        "alt_name": {
          "en": "nav_projection_cabinet_0012"
        },
        "level_id": "41d0e8ca-d315-4b25-938c-7955db2daf2e",
        "wayfinding_type": "access_projection",
        "route_confirmed": true,
        "source": "col_1_cab_12",
        "sources": [
          "col_1_cab_12"
        ],
        "target": "path_004",
        "targets": [
          "path_004"
        ]
      }
    },
    {
      "id": "6c18afa0-edb3-5420-acce-206a8e97741b",
      "type": "Feature",
      "feature_type": "navigation",
      "geometry": {
        "type": "Point",
        "coordinates": [
          -123.250960360634,
          49.263294704823
        ]
      },
      "properties": {
        "debug_id": "AP-0013",
        "alt_name": {
          "en": "nav_projection_cabinet_0013"
        },
        "level_id": "41d0e8ca-d315-4b25-938c-7955db2daf2e",
        "wayfinding_type": "access_projection",
        "route_confirmed": true,
        "source": "col_1_cab_13",
        "sources": [
          "col_1_cab_13"
        ],
        "target": "path_004",
        "targets": [
          "path_004"
        ]
      }
    },
    {
      "id": "dd508693-85d6-5215-ae82-ebdc93baad81",
      "type": "Feature",
      "feature_type": "navigation",
      "geometry": {
        "type": "Point",
        "coordinates": [
          -123.250952703286,
          49.263285094964
        ]
      },
      "properties": {
        "debug_id": "AP-0014",
        "alt_name": {
          "en": "nav_projection_cabinet_0014"
        },
        "level_id": "41d0e8ca-d315-4b25-938c-7955db2daf2e",
        "wayfinding_type": "access_projection",
        "route_confirmed": true,
        "source": "col_1_cab_14",
        "sources": [
          "col_1_cab_14"
        ],
        "target": "path_004",
        "targets": [
          "path_004"
        ]
      }
    },
    {
      "id": "534cb1a9-f654-53ae-b016-1cde42a054af",
      "type": "Feature",
      "feature_type": "navigation",
      "geometry": {
        "type": "Point",
        "coordinates": [
          -123.250945045939,
          49.263275485103
        ]
      },
      "properties": {
        "debug_id": "AP-0015",
        "alt_name": {
          "en": "nav_projection_cabinet_0015"
        },
        "level_id": "41d0e8ca-d315-4b25-938c-7955db2daf2e",
        "wayfinding_type": "access_projection",
        "route_confirmed": true,
        "source": "col_1_cab_15",
        "sources": [
          "col_1_cab_15",
          "blue_whale_skeleton"
        ],
        "target": "path_004",
        "targets": [
          "path_004"
        ]
      }
    },
    {
      "id": "30f5a48d-4e49-5d3b-b1a7-bf44be15971e",
      "type": "Feature",
      "feature_type": "navigation",
      "geometry": {
        "type": "Point",
        "coordinates": [
          -123.250937388595,
          49.26326587524
        ]
      },
      "properties": {
        "debug_id": "AP-0016",
        "alt_name": {
          "en": "nav_projection_cabinet_0016"
        },
        "level_id": "41d0e8ca-d315-4b25-938c-7955db2daf2e",
        "wayfinding_type": "access_projection",
        "route_confirmed": true,
        "source": "col_1_cab_16",
        "sources": [
          "col_1_cab_16"
        ],
        "target": "path_004",
        "targets": [
          "path_004"
        ]
      }
    },
    {
      "id": "171bd757-2fed-561f-935a-020ed88ea475",
      "type": "Feature",
      "feature_type": "navigation",
      "geometry": {
        "type": "Point",
        "coordinates": [
          -123.250929731252,
          49.263256265375
        ]
      },
      "properties": {
        "debug_id": "AP-0017",
        "alt_name": {
          "en": "nav_projection_cabinet_0017"
        },
        "level_id": "41d0e8ca-d315-4b25-938c-7955db2daf2e",
        "wayfinding_type": "access_projection",
        "route_confirmed": true,
        "source": "col_1_cab_17",
        "sources": [
          "col_1_cab_17"
        ],
        "target": "path_004",
        "targets": [
          "path_004"
        ]
      }
    },
    {
      "id": "a0757c07-7d7a-5234-b4d6-70ba7e35519d",
      "type": "Feature",
      "feature_type": "navigation",
      "geometry": {
        "type": "Point",
        "coordinates": [
          -123.250922073911,
          49.263246655508
        ]
      },
      "properties": {
        "debug_id": "AP-0018",
        "alt_name": {
          "en": "nav_projection_cabinet_0018"
        },
        "level_id": "41d0e8ca-d315-4b25-938c-7955db2daf2e",
        "wayfinding_type": "access_projection",
        "route_confirmed": true,
        "source": "col_1_cab_18",
        "sources": [
          "col_1_cab_18"
        ],
        "target": "path_004",
        "targets": [
          "path_004"
        ]
      }
    },
    {
      "id": "1a4606e7-49b1-57d2-85a0-cc7c140d7316",
      "type": "Feature",
      "feature_type": "navigation",
      "geometry": {
        "type": "Point",
        "coordinates": [
          -123.250914416573,
          49.26323704564
        ]
      },
      "properties": {
        "debug_id": "AP-0019",
        "alt_name": {
          "en": "nav_projection_cabinet_0019"
        },
        "level_id": "41d0e8ca-d315-4b25-938c-7955db2daf2e",
        "wayfinding_type": "access_projection",
        "route_confirmed": true,
        "source": "col_1_cab_19",
        "sources": [
          "col_1_cab_19"
        ],
        "target": "path_004",
        "targets": [
          "path_004"
        ]
      }
    },
    {
      "id": "233dffc9-1b03-50e8-b7f7-20fde28c5a36",
      "type": "Feature",
      "feature_type": "navigation",
      "geometry": {
        "type": "Point",
        "coordinates": [
          -123.250906759236,
          49.26322743577
        ]
      },
      "properties": {
        "debug_id": "AP-0020",
        "alt_name": {
          "en": "nav_projection_cabinet_0020"
        },
        "level_id": "41d0e8ca-d315-4b25-938c-7955db2daf2e",
        "wayfinding_type": "access_projection",
        "route_confirmed": true,
        "source": "col_1_cab_20",
        "sources": [
          "col_1_cab_20"
        ],
        "target": "path_004",
        "targets": [
          "path_004"
        ]
      }
    },
    {
      "id": "59424ef4-fa60-5a47-b6bd-488612148d95",
      "type": "Feature",
      "feature_type": "navigation",
      "geometry": {
        "type": "Point",
        "coordinates": [
          -123.250899101901,
          49.263217825897
        ]
      },
      "properties": {
        "debug_id": "AP-0021",
        "alt_name": {
          "en": "nav_projection_cabinet_0021"
        },
        "level_id": "41d0e8ca-d315-4b25-938c-7955db2daf2e",
        "wayfinding_type": "access_projection",
        "route_confirmed": true,
        "source": "col_1_cab_21",
        "sources": [
          "col_1_cab_21"
        ],
        "target": "path_004",
        "targets": [
          "path_004"
        ]
      }
    },
    {
      "id": "1c8c8606-e091-58ac-9788-68f939ac1532",
      "type": "Feature",
      "feature_type": "navigation",
      "geometry": {
        "type": "Point",
        "coordinates": [
          -123.251008921717,
          49.263424892387
        ]
      },
      "properties": {
        "debug_id": "AP-0022",
        "alt_name": {
          "en": "nav_projection_cabinet_0022"
        },
        "level_id": "41d0e8ca-d315-4b25-938c-7955db2daf2e",
        "wayfinding_type": "access_projection",
        "route_confirmed": true,
        "source": "col_2_cab_21",
        "sources": [
          "col_2_cab_21"
        ],
        "target": "path_003",
        "targets": [
          "path_003"
        ]
      }
    },
    {
      "id": "b9cb97a7-0808-50ad-a356-6b3ce7c9fc75",
      "type": "Feature",
      "feature_type": "navigation",
      "geometry": {
        "type": "Point",
        "coordinates": [
          -123.251001264352,
          49.263415282547
        ]
      },
      "properties": {
        "debug_id": "AP-0023",
        "alt_name": {
          "en": "nav_projection_cabinet_0023"
        },
        "level_id": "41d0e8ca-d315-4b25-938c-7955db2daf2e",
        "wayfinding_type": "access_projection",
        "route_confirmed": true,
        "source": "col_2_cab_20",
        "sources": [
          "col_2_cab_20"
        ],
        "target": "path_003",
        "targets": [
          "path_003"
        ]
      }
    },
    {
      "id": "5d1a92e3-3fbd-5b0d-9df9-ff23d34f5133",
      "type": "Feature",
      "feature_type": "navigation",
      "geometry": {
        "type": "Point",
        "coordinates": [
          -123.250993606989,
          49.263405672706
        ]
      },
      "properties": {
        "debug_id": "AP-0024",
        "alt_name": {
          "en": "nav_projection_cabinet_0024"
        },
        "level_id": "41d0e8ca-d315-4b25-938c-7955db2daf2e",
        "wayfinding_type": "access_projection",
        "route_confirmed": true,
        "source": "col_2_cab_19",
        "sources": [
          "col_2_cab_19"
        ],
        "target": "path_003",
        "targets": [
          "path_003"
        ]
      }
    },
    {
      "id": "c3d02bbf-9c02-596a-8dda-7f7804aef8ec",
      "type": "Feature",
      "feature_type": "navigation",
      "geometry": {
        "type": "Point",
        "coordinates": [
          -123.250985949628,
          49.263396062863
        ]
      },
      "properties": {
        "debug_id": "AP-0025",
        "alt_name": {
          "en": "nav_projection_cabinet_0025"
        },
        "level_id": "41d0e8ca-d315-4b25-938c-7955db2daf2e",
        "wayfinding_type": "access_projection",
        "route_confirmed": true,
        "source": "col_2_cab_18",
        "sources": [
          "col_2_cab_18"
        ],
        "target": "path_003",
        "targets": [
          "path_003"
        ]
      }
    },
    {
      "id": "502a5b81-1155-5dc7-9ad2-8838879a52e3",
      "type": "Feature",
      "feature_type": "navigation",
      "geometry": {
        "type": "Point",
        "coordinates": [
          -123.250978347067,
          49.263386521788
        ]
      },
      "properties": {
        "debug_id": "AP-0026",
        "alt_name": {
          "en": "nav_projection_cabinet_0026"
        },
        "level_id": "41d0e8ca-d315-4b25-938c-7955db2daf2e",
        "wayfinding_type": "access_projection",
        "route_confirmed": true,
        "source": "col_2_cab_17",
        "sources": [
          "col_2_cab_17",
          "col_3_cab_07"
        ],
        "target": "path_003",
        "targets": [
          "path_003"
        ]
      }
    },
    {
      "id": "1e4f3f6a-1704-52cb-b0c9-0f03163ba1ad",
      "type": "Feature",
      "feature_type": "navigation",
      "geometry": {
        "type": "Point",
        "coordinates": [
          -123.25097068971,
          49.263376911943
        ]
      },
      "properties": {
        "debug_id": "AP-0027",
        "alt_name": {
          "en": "nav_projection_cabinet_0027"
        },
        "level_id": "41d0e8ca-d315-4b25-938c-7955db2daf2e",
        "wayfinding_type": "access_projection",
        "route_confirmed": true,
        "source": "col_2_cab_16",
        "sources": [
          "col_2_cab_16",
          "col_3_cab_08"
        ],
        "target": "path_003",
        "targets": [
          "path_003"
        ]
      }
    },
    {
      "id": "fad15a5c-6315-5155-9380-b7becc9f0435",
      "type": "Feature",
      "feature_type": "navigation",
      "geometry": {
        "type": "Point",
        "coordinates": [
          -123.250962977556,
          49.263367233323
        ]
      },
      "properties": {
        "debug_id": "AP-0028",
        "alt_name": {
          "en": "nav_projection_cabinet_0028"
        },
        "level_id": "41d0e8ca-d315-4b25-938c-7955db2daf2e",
        "wayfinding_type": "access_projection",
        "route_confirmed": true,
        "source": "col_2_cab_15",
        "sources": [
          "col_2_cab_15"
        ],
        "target": "path_003",
        "targets": [
          "path_003"
        ]
      }
    },
    {
      "id": "cc33b043-2960-537e-99e9-dc6f4ff43d85",
      "type": "Feature",
      "feature_type": "navigation",
      "geometry": {
        "type": "Point",
        "coordinates": [
          -123.250955320203,
          49.263357623473
        ]
      },
      "properties": {
        "debug_id": "AP-0029",
        "alt_name": {
          "en": "nav_projection_cabinet_0029"
        },
        "level_id": "41d0e8ca-d315-4b25-938c-7955db2daf2e",
        "wayfinding_type": "access_projection",
        "route_confirmed": true,
        "source": "col_2_cab_14",
        "sources": [
          "col_2_cab_14"
        ],
        "target": "path_003",
        "targets": [
          "path_003"
        ]
      }
    },
    {
      "id": "47eb2f3b-69df-5adc-a434-3f11527283c6",
      "type": "Feature",
      "feature_type": "navigation",
      "geometry": {
        "type": "Point",
        "coordinates": [
          -123.250947662852,
          49.26334801362
        ]
      },
      "properties": {
        "debug_id": "AP-0030",
        "alt_name": {
          "en": "nav_projection_cabinet_0030"
        },
        "level_id": "41d0e8ca-d315-4b25-938c-7955db2daf2e",
        "wayfinding_type": "access_projection",
        "route_confirmed": true,
        "source": "col_2_cab_13",
        "sources": [
          "col_2_cab_13"
        ],
        "target": "path_069",
        "targets": [
          "path_069"
        ]
      }
    },
    {
      "id": "d74044f1-3e07-57ff-8f9b-8c4a2db3bfcf",
      "type": "Feature",
      "feature_type": "navigation",
      "geometry": {
        "type": "Point",
        "coordinates": [
          -123.250940005502,
          49.263338403766
        ]
      },
      "properties": {
        "debug_id": "AP-0031",
        "alt_name": {
          "en": "nav_projection_cabinet_0031"
        },
        "level_id": "41d0e8ca-d315-4b25-938c-7955db2daf2e",
        "wayfinding_type": "access_projection",
        "route_confirmed": true,
        "source": "col_2_cab_12",
        "sources": [
          "col_2_cab_12"
        ],
        "target": "path_069",
        "targets": [
          "path_069"
        ]
      }
    },
    {
      "id": "356f1f49-d794-5f31-a6c7-9f4088047613",
      "type": "Feature",
      "feature_type": "navigation",
      "geometry": {
        "type": "Point",
        "coordinates": [
          -123.250932348155,
          49.26332879391
        ]
      },
      "properties": {
        "debug_id": "AP-0032",
        "alt_name": {
          "en": "nav_projection_cabinet_0032"
        },
        "level_id": "41d0e8ca-d315-4b25-938c-7955db2daf2e",
        "wayfinding_type": "access_projection",
        "route_confirmed": true,
        "source": "col_2_cab_11",
        "sources": [
          "col_2_cab_11"
        ],
        "target": "path_069",
        "targets": [
          "path_069"
        ]
      }
    },
    {
      "id": "36f08319-d5a9-5101-a3d5-724d71747673",
      "type": "Feature",
      "feature_type": "navigation",
      "geometry": {
        "type": "Point",
        "coordinates": [
          -123.250924690809,
          49.263319184052
        ]
      },
      "properties": {
        "debug_id": "AP-0033",
        "alt_name": {
          "en": "nav_projection_cabinet_0033"
        },
        "level_id": "41d0e8ca-d315-4b25-938c-7955db2daf2e",
        "wayfinding_type": "access_projection",
        "route_confirmed": true,
        "source": "col_2_cab_10",
        "sources": [
          "col_2_cab_10"
        ],
        "target": "path_069",
        "targets": [
          "path_069"
        ]
      }
    },
    {
      "id": "d25711fc-3952-5b1c-9e0e-9d773ea580ac",
      "type": "Feature",
      "feature_type": "navigation",
      "geometry": {
        "type": "Point",
        "coordinates": [
          -123.250917033465,
          49.263309574193
        ]
      },
      "properties": {
        "debug_id": "AP-0034",
        "alt_name": {
          "en": "nav_projection_cabinet_0034"
        },
        "level_id": "41d0e8ca-d315-4b25-938c-7955db2daf2e",
        "wayfinding_type": "access_projection",
        "route_confirmed": true,
        "source": "col_2_cab_09",
        "sources": [
          "col_2_cab_09"
        ],
        "target": "path_069",
        "targets": [
          "path_069"
        ]
      }
    },
    {
      "id": "549e9923-9d6d-522d-9d89-2be0b7cde17f",
      "type": "Feature",
      "feature_type": "navigation",
      "geometry": {
        "type": "Point",
        "coordinates": [
          -123.250909376123,
          49.263299964331
        ]
      },
      "properties": {
        "debug_id": "AP-0035",
        "alt_name": {
          "en": "nav_projection_cabinet_0035"
        },
        "level_id": "41d0e8ca-d315-4b25-938c-7955db2daf2e",
        "wayfinding_type": "access_projection",
        "route_confirmed": true,
        "source": "col_2_cab_08",
        "sources": [
          "col_2_cab_08"
        ],
        "target": "path_069",
        "targets": [
          "path_069"
        ]
      }
    },
    {
      "id": "3ecd3af1-1765-506e-8ae3-94688c4442ae",
      "type": "Feature",
      "feature_type": "navigation",
      "geometry": {
        "type": "Point",
        "coordinates": [
          -123.250901718783,
          49.263290354468
        ]
      },
      "properties": {
        "debug_id": "AP-0036",
        "alt_name": {
          "en": "nav_projection_cabinet_0036"
        },
        "level_id": "41d0e8ca-d315-4b25-938c-7955db2daf2e",
        "wayfinding_type": "access_projection",
        "route_confirmed": true,
        "source": "col_2_cab_07",
        "sources": [
          "col_2_cab_07"
        ],
        "target": "path_069",
        "targets": [
          "path_069"
        ]
      }
    },
    {
      "id": "6b8551a0-3d68-5502-8608-ae071a77c326",
      "type": "Feature",
      "feature_type": "navigation",
      "geometry": {
        "type": "Point",
        "coordinates": [
          -123.250894061445,
          49.263280744602
        ]
      },
      "properties": {
        "debug_id": "AP-0037",
        "alt_name": {
          "en": "nav_projection_cabinet_0037"
        },
        "level_id": "41d0e8ca-d315-4b25-938c-7955db2daf2e",
        "wayfinding_type": "access_projection",
        "route_confirmed": true,
        "source": "col_2_cab_06",
        "sources": [
          "col_2_cab_06"
        ],
        "target": "path_069",
        "targets": [
          "path_069"
        ]
      }
    },
    {
      "id": "b0a519f5-b23f-55b2-a56c-0af57ec19798",
      "type": "Feature",
      "feature_type": "navigation",
      "geometry": {
        "type": "Point",
        "coordinates": [
          -123.250886404109,
          49.263271134735
        ]
      },
      "properties": {
        "debug_id": "AP-0038",
        "alt_name": {
          "en": "nav_projection_cabinet_0038"
        },
        "level_id": "41d0e8ca-d315-4b25-938c-7955db2daf2e",
        "wayfinding_type": "access_projection",
        "route_confirmed": true,
        "source": "col_2_cab_05",
        "sources": [
          "col_2_cab_05"
        ],
        "target": "path_069",
        "targets": [
          "path_069"
        ]
      }
    },
    {
      "id": "38078290-3025-56ad-93f8-992f6774e45f",
      "type": "Feature",
      "feature_type": "navigation",
      "geometry": {
        "type": "Point",
        "coordinates": [
          -123.250878746775,
          49.263261524866
        ]
      },
      "properties": {
        "debug_id": "AP-0039",
        "alt_name": {
          "en": "nav_projection_cabinet_0039"
        },
        "level_id": "41d0e8ca-d315-4b25-938c-7955db2daf2e",
        "wayfinding_type": "access_projection",
        "route_confirmed": true,
        "source": "col_2_cab_04",
        "sources": [
          "col_2_cab_04"
        ],
        "target": "path_069",
        "targets": [
          "path_069"
        ]
      }
    },
    {
      "id": "342b324c-b835-5228-96b7-dbad18eb1694",
      "type": "Feature",
      "feature_type": "navigation",
      "geometry": {
        "type": "Point",
        "coordinates": [
          -123.250871089443,
          49.263251914996
        ]
      },
      "properties": {
        "debug_id": "AP-0040",
        "alt_name": {
          "en": "nav_projection_cabinet_0040"
        },
        "level_id": "41d0e8ca-d315-4b25-938c-7955db2daf2e",
        "wayfinding_type": "access_projection",
        "route_confirmed": true,
        "source": "col_2_cab_03",
        "sources": [
          "col_2_cab_03"
        ],
        "target": "path_069",
        "targets": [
          "path_069"
        ]
      }
    },
    {
      "id": "f4c5670e-0b8a-5843-96c4-fd3b0b8e1d3b",
      "type": "Feature",
      "feature_type": "navigation",
      "geometry": {
        "type": "Point",
        "coordinates": [
          -123.250863432113,
          49.263242305123
        ]
      },
      "properties": {
        "debug_id": "AP-0041",
        "alt_name": {
          "en": "nav_projection_cabinet_0041"
        },
        "level_id": "41d0e8ca-d315-4b25-938c-7955db2daf2e",
        "wayfinding_type": "access_projection",
        "route_confirmed": true,
        "source": "col_2_cab_02",
        "sources": [
          "col_2_cab_02"
        ],
        "target": "path_069",
        "targets": [
          "path_069"
        ]
      }
    },
    {
      "id": "99da592f-5414-5857-b5d8-6d9a1f2c9c8c",
      "type": "Feature",
      "feature_type": "navigation",
      "geometry": {
        "type": "Point",
        "coordinates": [
          -123.250855774784,
          49.263232695248
        ]
      },
      "properties": {
        "debug_id": "AP-0042",
        "alt_name": {
          "en": "nav_projection_cabinet_0042"
        },
        "level_id": "41d0e8ca-d315-4b25-938c-7955db2daf2e",
        "wayfinding_type": "access_projection",
        "route_confirmed": true,
        "source": "col_2_cab_01",
        "sources": [
          "col_2_cab_01"
        ],
        "target": "path_069",
        "targets": [
          "path_069"
        ]
      }
    },
    {
      "id": "050d454b-3725-5f3b-9fcf-c4dc9507ef4a",
      "type": "Feature",
      "feature_type": "navigation",
      "geometry": {
        "type": "Point",
        "coordinates": [
          -123.251010340202,
          49.263426672557
        ]
      },
      "properties": {
        "debug_id": "AP-0043",
        "alt_name": {
          "en": "nav_projection_cabinet_0043"
        },
        "level_id": "41d0e8ca-d315-4b25-938c-7955db2daf2e",
        "wayfinding_type": "access_projection",
        "route_confirmed": true,
        "source": "col_3_cab_01",
        "sources": [
          "col_3_cab_01",
          "daphne_boyer_artist_statement"
        ],
        "target": "path_003",
        "targets": [
          "path_003"
        ]
      }
    },
    {
      "id": "0e09e0cf-8e45-557b-9a2e-61092c77ca47",
      "type": "Feature",
      "feature_type": "navigation",
      "geometry": {
        "type": "Point",
        "coordinates": [
          -123.25100524881,
          49.263420282962
        ]
      },
      "properties": {
        "debug_id": "AP-0044",
        "alt_name": {
          "en": "nav_projection_cabinet_0044"
        },
        "level_id": "41d0e8ca-d315-4b25-938c-7955db2daf2e",
        "wayfinding_type": "access_projection",
        "route_confirmed": true,
        "source": "col_3_cab_02",
        "sources": [
          "col_3_cab_02"
        ],
        "target": "path_003",
        "targets": [
          "path_003"
        ]
      }
    },
    {
      "id": "3fe43909-c83a-53cc-8161-d8b9d454ebc6",
      "type": "Feature",
      "feature_type": "navigation",
      "geometry": {
        "type": "Point",
        "coordinates": [
          -123.251000114614,
          49.263413839648
        ]
      },
      "properties": {
        "debug_id": "AP-0045",
        "alt_name": {
          "en": "nav_projection_cabinet_0045"
        },
        "level_id": "41d0e8ca-d315-4b25-938c-7955db2daf2e",
        "wayfinding_type": "access_projection",
        "route_confirmed": true,
        "source": "col_3_cab_03",
        "sources": [
          "col_3_cab_03"
        ],
        "target": "path_003",
        "targets": [
          "path_003"
        ]
      }
    },
    {
      "id": "538e9040-0575-5859-ad00-b39b51895750",
      "type": "Feature",
      "feature_type": "navigation",
      "geometry": {
        "type": "Point",
        "coordinates": [
          -123.250994980419,
          49.263407396334
        ]
      },
      "properties": {
        "debug_id": "AP-0046",
        "alt_name": {
          "en": "nav_projection_cabinet_0046"
        },
        "level_id": "41d0e8ca-d315-4b25-938c-7955db2daf2e",
        "wayfinding_type": "access_projection",
        "route_confirmed": true,
        "source": "col_3_cab_04",
        "sources": [
          "col_3_cab_04"
        ],
        "target": "path_003",
        "targets": [
          "path_003"
        ]
      }
    },
    {
      "id": "f8373718-ab8c-5c91-a789-49d175961cd9",
      "type": "Feature",
      "feature_type": "navigation",
      "geometry": {
        "type": "Point",
        "coordinates": [
          -123.250989889029,
          49.263401006737
        ]
      },
      "properties": {
        "debug_id": "AP-0047",
        "alt_name": {
          "en": "nav_projection_cabinet_0047"
        },
        "level_id": "41d0e8ca-d315-4b25-938c-7955db2daf2e",
        "wayfinding_type": "access_projection",
        "route_confirmed": true,
        "source": "col_3_cab_05",
        "sources": [
          "col_3_cab_05"
        ],
        "target": "path_003",
        "targets": [
          "path_003"
        ]
      }
    },
    {
      "id": "fba3f499-b585-536f-8299-44e7d157e7fc",
      "type": "Feature",
      "feature_type": "navigation",
      "geometry": {
        "type": "Point",
        "coordinates": [
          -123.250984797639,
          49.263394617139
        ]
      },
      "properties": {
        "debug_id": "AP-0048",
        "alt_name": {
          "en": "nav_projection_cabinet_0048"
        },
        "level_id": "41d0e8ca-d315-4b25-938c-7955db2daf2e",
        "wayfinding_type": "access_projection",
        "route_confirmed": true,
        "source": "col_3_cab_06",
        "sources": [
          "col_3_cab_06"
        ],
        "target": "path_003",
        "targets": [
          "path_003"
        ]
      }
    },
    {
      "id": "a3721593-7d93-5f15-9ba8-638705a7bb36",
      "type": "Feature",
      "feature_type": "navigation",
      "geometry": {
        "type": "Point",
        "coordinates": [
          -123.250946486088,
          49.2633465368
        ]
      },
      "properties": {
        "debug_id": "AP-0051",
        "alt_name": {
          "en": "nav_projection_cabinet_0051"
        },
        "level_id": "41d0e8ca-d315-4b25-938c-7955db2daf2e",
        "wayfinding_type": "access_projection",
        "route_confirmed": true,
        "source": "col_3_cab_09",
        "sources": [
          "col_3_cab_09"
        ],
        "target": "path_069",
        "targets": [
          "path_069"
        ]
      }
    },
    {
      "id": "d52a5387-d647-5f16-8602-c5845739cf03",
      "type": "Feature",
      "feature_type": "navigation",
      "geometry": {
        "type": "Point",
        "coordinates": [
          -123.250941394706,
          49.263340147195
        ]
      },
      "properties": {
        "debug_id": "AP-0052",
        "alt_name": {
          "en": "nav_projection_cabinet_0052"
        },
        "level_id": "41d0e8ca-d315-4b25-938c-7955db2daf2e",
        "wayfinding_type": "access_projection",
        "route_confirmed": true,
        "source": "col_3_cab_10",
        "sources": [
          "col_3_cab_10"
        ],
        "target": "path_069",
        "targets": [
          "path_069"
        ]
      }
    },
    {
      "id": "6a789ac3-cbea-516f-938b-0134e5c8cdac",
      "type": "Feature",
      "feature_type": "navigation",
      "geometry": {
        "type": "Point",
        "coordinates": [
          -123.250936260521,
          49.263333703872
        ]
      },
      "properties": {
        "debug_id": "AP-0053",
        "alt_name": {
          "en": "nav_projection_cabinet_0053"
        },
        "level_id": "41d0e8ca-d315-4b25-938c-7955db2daf2e",
        "wayfinding_type": "access_projection",
        "route_confirmed": true,
        "source": "col_3_cab_11",
        "sources": [
          "col_3_cab_11"
        ],
        "target": "path_069",
        "targets": [
          "path_069"
        ]
      }
    },
    {
      "id": "dc116f0e-cd45-55f3-a98f-5009aee1cb71",
      "type": "Feature",
      "feature_type": "navigation",
      "geometry": {
        "type": "Point",
        "coordinates": [
          -123.250929864756,
          49.263325677281
        ]
      },
      "properties": {
        "debug_id": "AP-0054",
        "alt_name": {
          "en": "nav_projection_cabinet_0054"
        },
        "level_id": "41d0e8ca-d315-4b25-938c-7955db2daf2e",
        "wayfinding_type": "access_projection",
        "route_confirmed": true,
        "source": "col_3_cab_12",
        "sources": [
          "col_3_cab_12"
        ],
        "target": "path_069",
        "targets": [
          "path_069"
        ]
      }
    },
    {
      "id": "12e0f404-f5fc-5ab3-9a4e-0102ea1e2dd6",
      "type": "Feature",
      "feature_type": "navigation",
      "geometry": {
        "type": "Point",
        "coordinates": [
          -123.250922207412,
          49.263316067424
        ]
      },
      "properties": {
        "debug_id": "AP-0055",
        "alt_name": {
          "en": "nav_projection_cabinet_0055"
        },
        "level_id": "41d0e8ca-d315-4b25-938c-7955db2daf2e",
        "wayfinding_type": "access_projection",
        "route_confirmed": true,
        "source": "col_3_cab_13",
        "sources": [
          "col_3_cab_13"
        ],
        "target": "path_069",
        "targets": [
          "path_069"
        ]
      }
    },
    {
      "id": "43e8a231-c37a-5dcf-b51d-648acdb11bbe",
      "type": "Feature",
      "feature_type": "navigation",
      "geometry": {
        "type": "Point",
        "coordinates": [
          -123.25091455007,
          49.263306457565
        ]
      },
      "properties": {
        "debug_id": "AP-0056",
        "alt_name": {
          "en": "nav_projection_cabinet_0056"
        },
        "level_id": "41d0e8ca-d315-4b25-938c-7955db2daf2e",
        "wayfinding_type": "access_projection",
        "route_confirmed": true,
        "source": "col_3_cab_14",
        "sources": [
          "col_3_cab_14"
        ],
        "target": "path_069",
        "targets": [
          "path_069"
        ]
      }
    },
    {
      "id": "a7d5f943-d371-5980-b089-dd8033563c16",
      "type": "Feature",
      "feature_type": "navigation",
      "geometry": {
        "type": "Point",
        "coordinates": [
          -123.250906870201,
          49.263296819431
        ]
      },
      "properties": {
        "debug_id": "AP-0057",
        "alt_name": {
          "en": "nav_projection_cabinet_0057"
        },
        "level_id": "41d0e8ca-d315-4b25-938c-7955db2daf2e",
        "wayfinding_type": "access_projection",
        "route_confirmed": true,
        "source": "col_3_cab_15",
        "sources": [
          "col_3_cab_15"
        ],
        "target": "path_069",
        "targets": [
          "path_069"
        ]
      }
    },
    {
      "id": "031a1c38-20cf-53da-bd21-2e845bce9196",
      "type": "Feature",
      "feature_type": "navigation",
      "geometry": {
        "type": "Point",
        "coordinates": [
          -123.250900451914,
          49.263288764563
        ]
      },
      "properties": {
        "debug_id": "AP-0058",
        "alt_name": {
          "en": "nav_projection_cabinet_0058"
        },
        "level_id": "41d0e8ca-d315-4b25-938c-7955db2daf2e",
        "wayfinding_type": "access_projection",
        "route_confirmed": true,
        "source": "col_3_cab_16",
        "sources": [
          "col_3_cab_16"
        ],
        "target": "path_069",
        "targets": [
          "path_069"
        ]
      }
    },
    {
      "id": "e75eeb01-650d-5ddd-a916-3f0a9d69c237",
      "type": "Feature",
      "feature_type": "navigation",
      "geometry": {
        "type": "Point",
        "coordinates": [
          -123.250895363919,
          49.263282379191
        ]
      },
      "properties": {
        "debug_id": "AP-0059",
        "alt_name": {
          "en": "nav_projection_cabinet_0059"
        },
        "level_id": "41d0e8ca-d315-4b25-938c-7955db2daf2e",
        "wayfinding_type": "access_projection",
        "route_confirmed": true,
        "source": "col_3_cab_17",
        "sources": [
          "col_3_cab_17"
        ],
        "target": "path_069",
        "targets": [
          "path_069"
        ]
      }
    },
    {
      "id": "c2360fc4-b6d8-5957-a6d7-38c5daa106df",
      "type": "Feature",
      "feature_type": "navigation",
      "geometry": {
        "type": "Point",
        "coordinates": [
          -123.250889014345,
          49.263274410552
        ]
      },
      "properties": {
        "debug_id": "AP-0060",
        "alt_name": {
          "en": "nav_projection_cabinet_0060"
        },
        "level_id": "41d0e8ca-d315-4b25-938c-7955db2daf2e",
        "wayfinding_type": "access_projection",
        "route_confirmed": true,
        "source": "col_3_cab_18",
        "sources": [
          "col_3_cab_18"
        ],
        "target": "path_069",
        "targets": [
          "path_069"
        ]
      }
    },
    {
      "id": "b413f92c-5130-5761-a015-f436aea89c9b",
      "type": "Feature",
      "feature_type": "navigation",
      "geometry": {
        "type": "Point",
        "coordinates": [
          -123.250881357012,
          49.263264800684
        ]
      },
      "properties": {
        "debug_id": "AP-0061",
        "alt_name": {
          "en": "nav_projection_cabinet_0061"
        },
        "level_id": "41d0e8ca-d315-4b25-938c-7955db2daf2e",
        "wayfinding_type": "access_projection",
        "route_confirmed": true,
        "source": "col_3_cab_19",
        "sources": [
          "col_3_cab_19"
        ],
        "target": "path_069",
        "targets": [
          "path_069"
        ]
      }
    },
    {
      "id": "6ec3a7c7-1b9d-50c1-a97a-87dd11a94afa",
      "type": "Feature",
      "feature_type": "navigation",
      "geometry": {
        "type": "Point",
        "coordinates": [
          -123.250874961258,
          49.263256774083
        ]
      },
      "properties": {
        "debug_id": "AP-0062",
        "alt_name": {
          "en": "nav_projection_cabinet_0062"
        },
        "level_id": "41d0e8ca-d315-4b25-938c-7955db2daf2e",
        "wayfinding_type": "access_projection",
        "route_confirmed": true,
        "source": "col_3_cab_20",
        "sources": [
          "col_3_cab_20"
        ],
        "target": "path_069",
        "targets": [
          "path_069"
        ]
      }
    },
    {
      "id": "1921e326-1341-5bb9-b714-cf6e76468fc1",
      "type": "Feature",
      "feature_type": "navigation",
      "geometry": {
        "type": "Point",
        "coordinates": [
          -123.250869827084,
          49.263250330749
        ]
      },
      "properties": {
        "debug_id": "AP-0063",
        "alt_name": {
          "en": "nav_projection_cabinet_0063"
        },
        "level_id": "41d0e8ca-d315-4b25-938c-7955db2daf2e",
        "wayfinding_type": "access_projection",
        "route_confirmed": true,
        "source": "col_3_cab_21",
        "sources": [
          "col_3_cab_21"
        ],
        "target": "path_069",
        "targets": [
          "path_069"
        ]
      }
    },
    {
      "id": "3d2d97f7-0f9e-5215-b9f1-ded13f1bb331",
      "type": "Feature",
      "feature_type": "navigation",
      "geometry": {
        "type": "Point",
        "coordinates": [
          -123.250864735715,
          49.263243941131
        ]
      },
      "properties": {
        "debug_id": "AP-0064",
        "alt_name": {
          "en": "nav_projection_cabinet_0064"
        },
        "level_id": "41d0e8ca-d315-4b25-938c-7955db2daf2e",
        "wayfinding_type": "access_projection",
        "route_confirmed": true,
        "source": "col_3_cab_22",
        "sources": [
          "col_3_cab_22"
        ],
        "target": "path_069",
        "targets": [
          "path_069"
        ]
      }
    },
    {
      "id": "e8f93d92-523f-5499-b71a-5e905f098015",
      "type": "Feature",
      "feature_type": "navigation",
      "geometry": {
        "type": "Point",
        "coordinates": [
          -123.250859644347,
          49.263237551513
        ]
      },
      "properties": {
        "debug_id": "AP-0065",
        "alt_name": {
          "en": "nav_projection_cabinet_0065"
        },
        "level_id": "41d0e8ca-d315-4b25-938c-7955db2daf2e",
        "wayfinding_type": "access_projection",
        "route_confirmed": true,
        "source": "col_3_cab_23",
        "sources": [
          "col_3_cab_23"
        ],
        "target": "path_069",
        "targets": [
          "path_069"
        ]
      }
    },
    {
      "id": "ef9dfd8c-c82a-5166-84f7-720d99765ba3",
      "type": "Feature",
      "feature_type": "navigation",
      "geometry": {
        "type": "Point",
        "coordinates": [
          -123.250854507923,
          49.263231105349
        ]
      },
      "properties": {
        "debug_id": "AP-0066",
        "alt_name": {
          "en": "nav_projection_cabinet_0066"
        },
        "level_id": "41d0e8ca-d315-4b25-938c-7955db2daf2e",
        "wayfinding_type": "access_projection",
        "route_confirmed": true,
        "source": "col_3_cab_24",
        "sources": [
          "col_3_cab_24"
        ],
        "target": "path_069",
        "targets": [
          "path_069"
        ]
      }
    },
    {
      "id": "73186725-9581-5a75-a5e1-53f9325aedf5",
      "type": "Feature",
      "feature_type": "navigation",
      "geometry": {
        "type": "Point",
        "coordinates": [
          -123.25097881451,
          49.263437564034
        ]
      },
      "properties": {
        "debug_id": "AP-0067",
        "alt_name": {
          "en": "nav_projection_cabinet_0067"
        },
        "level_id": "41d0e8ca-d315-4b25-938c-7955db2daf2e",
        "wayfinding_type": "access_projection",
        "route_confirmed": true,
        "source": "col_4_cab_24",
        "sources": [
          "col_4_cab_24",
          "col_5_cab_01",
          "come_visit_sometime_artwork"
        ],
        "target": "path_007",
        "targets": [
          "path_007"
        ]
      }
    },
    {
      "id": "f5fe3ab5-1dd1-508b-808b-56190c15914e",
      "type": "Feature",
      "feature_type": "navigation",
      "geometry": {
        "type": "Point",
        "coordinates": [
          -123.25097372312,
          49.263431174438
        ]
      },
      "properties": {
        "debug_id": "AP-0068",
        "alt_name": {
          "en": "nav_projection_cabinet_0068"
        },
        "level_id": "41d0e8ca-d315-4b25-938c-7955db2daf2e",
        "wayfinding_type": "access_projection",
        "route_confirmed": true,
        "source": "col_4_cab_23",
        "sources": [
          "col_4_cab_23",
          "col_5_cab_02"
        ],
        "target": "path_007",
        "targets": [
          "path_007"
        ]
      }
    },
    {
      "id": "f034bb9d-2f2a-5d32-9b50-916548f9b4ad",
      "type": "Feature",
      "feature_type": "navigation",
      "geometry": {
        "type": "Point",
        "coordinates": [
          -123.250968588929,
          49.263424731124
        ]
      },
      "properties": {
        "debug_id": "AP-0069",
        "alt_name": {
          "en": "nav_projection_cabinet_0069"
        },
        "level_id": "41d0e8ca-d315-4b25-938c-7955db2daf2e",
        "wayfinding_type": "access_projection",
        "route_confirmed": true,
        "source": "col_4_cab_22",
        "sources": [
          "col_4_cab_22",
          "col_5_cab_03"
        ],
        "target": "path_007",
        "targets": [
          "path_007"
        ]
      }
    },
    {
      "id": "3b839f77-fe37-59f8-8c71-24dedfd99160",
      "type": "Feature",
      "feature_type": "navigation",
      "geometry": {
        "type": "Point",
        "coordinates": [
          -123.25096345361,
          49.263418286395
        ]
      },
      "properties": {
        "debug_id": "AP-0070",
        "alt_name": {
          "en": "nav_projection_cabinet_0070"
        },
        "level_id": "41d0e8ca-d315-4b25-938c-7955db2daf2e",
        "wayfinding_type": "access_projection",
        "route_confirmed": true,
        "source": "col_4_cab_21",
        "sources": [
          "col_4_cab_21",
          "col_5_cab_04"
        ],
        "target": "path_007",
        "targets": [
          "path_007"
        ]
      }
    },
    {
      "id": "2d9c0b6a-fca4-5365-9e6a-1bde3e6d9ef3",
      "type": "Feature",
      "feature_type": "navigation",
      "geometry": {
        "type": "Point",
        "coordinates": [
          -123.250958361097,
          49.263411895383
        ]
      },
      "properties": {
        "debug_id": "AP-0071",
        "alt_name": {
          "en": "nav_projection_cabinet_0071"
        },
        "level_id": "41d0e8ca-d315-4b25-938c-7955db2daf2e",
        "wayfinding_type": "access_projection",
        "route_confirmed": true,
        "source": "col_4_cab_20",
        "sources": [
          "col_4_cab_20",
          "col_5_cab_05"
        ],
        "target": "path_007",
        "targets": [
          "path_007"
        ]
      }
    },
    {
      "id": "28fac545-0be3-5e8b-9bfd-aa190d068207",
      "type": "Feature",
      "feature_type": "navigation",
      "geometry": {
        "type": "Point",
        "coordinates": [
          -123.250953269712,
          49.263405505784
        ]
      },
      "properties": {
        "debug_id": "AP-0072",
        "alt_name": {
          "en": "nav_projection_cabinet_0072"
        },
        "level_id": "41d0e8ca-d315-4b25-938c-7955db2daf2e",
        "wayfinding_type": "access_projection",
        "route_confirmed": true,
        "source": "col_4_cab_19",
        "sources": [
          "col_4_cab_19",
          "col_5_cab_06"
        ],
        "target": "path_007",
        "targets": [
          "path_007"
        ]
      }
    },
    {
      "id": "72a2b1a1-93fa-539d-9ae2-3ac6069b1eaa",
      "type": "Feature",
      "feature_type": "navigation",
      "geometry": {
        "type": "Point",
        "coordinates": [
          -123.250946827404,
          49.263397420801
        ]
      },
      "properties": {
        "debug_id": "AP-0073",
        "alt_name": {
          "en": "nav_projection_cabinet_0073"
        },
        "level_id": "41d0e8ca-d315-4b25-938c-7955db2daf2e",
        "wayfinding_type": "access_projection",
        "route_confirmed": true,
        "source": "col_4_cab_18",
        "sources": [
          "col_4_cab_18"
        ],
        "target": "path_072",
        "targets": [
          "path_072"
        ]
      }
    },
    {
      "id": "037be1f8-f184-540f-b29c-2642e2458609",
      "type": "Feature",
      "feature_type": "navigation",
      "geometry": {
        "type": "Point",
        "coordinates": [
          -123.250939170053,
          49.263387810954
        ]
      },
      "properties": {
        "debug_id": "AP-0074",
        "alt_name": {
          "en": "nav_projection_cabinet_0074"
        },
        "level_id": "41d0e8ca-d315-4b25-938c-7955db2daf2e",
        "wayfinding_type": "access_projection",
        "route_confirmed": true,
        "source": "col_4_cab_17",
        "sources": [
          "col_4_cab_17"
        ],
        "target": "path_072",
        "targets": [
          "path_072"
        ]
      }
    },
    {
      "id": "7f154587-48a9-55ab-841b-2e4d1172718a",
      "type": "Feature",
      "feature_type": "navigation",
      "geometry": {
        "type": "Point",
        "coordinates": [
          -123.250914911648,
          49.263357367036
        ]
      },
      "properties": {
        "debug_id": "AP-0075",
        "alt_name": {
          "en": "nav_projection_cabinet_0075"
        },
        "level_id": "41d0e8ca-d315-4b25-938c-7955db2daf2e",
        "wayfinding_type": "access_projection",
        "route_confirmed": true,
        "source": "col_4_cab_16",
        "sources": [
          "col_4_cab_16"
        ],
        "target": "path_073",
        "targets": [
          "path_073"
        ]
      }
    },
    {
      "id": "ff7811f8-3acb-5117-b990-c50bb6bf59e9",
      "type": "Feature",
      "feature_type": "navigation",
      "geometry": {
        "type": "Point",
        "coordinates": [
          -123.250909854368,
          49.263351020223
        ]
      },
      "properties": {
        "debug_id": "AP-0076",
        "alt_name": {
          "en": "nav_projection_cabinet_0076"
        },
        "level_id": "41d0e8ca-d315-4b25-938c-7955db2daf2e",
        "wayfinding_type": "access_projection",
        "route_confirmed": true,
        "source": "col_4_cab_15",
        "sources": [
          "col_4_cab_15",
          "di_05_01_L1",
          "di_05_01_L2",
          "di_05_01_L3",
          "di_05_01_top"
        ],
        "target": "path_073",
        "targets": [
          "path_073"
        ]
      }
    },
    {
      "id": "911f9413-7a53-5b74-a7c7-557f654103bd",
      "type": "Feature",
      "feature_type": "navigation",
      "geometry": {
        "type": "Point",
        "coordinates": [
          -123.250904720186,
          49.263344576899
        ]
      },
      "properties": {
        "debug_id": "AP-0077",
        "alt_name": {
          "en": "nav_projection_cabinet_0077"
        },
        "level_id": "41d0e8ca-d315-4b25-938c-7955db2daf2e",
        "wayfinding_type": "access_projection",
        "route_confirmed": true,
        "source": "col_4_cab_14",
        "sources": [
          "col_4_cab_14",
          "di_05_02_L1",
          "di_05_02_L2",
          "di_05_02_L3",
          "di_05_02_top"
        ],
        "target": "path_073",
        "targets": [
          "path_073"
        ]
      }
    },
    {
      "id": "c3c4bbb2-0de3-5210-b191-98bf6a96b630",
      "type": "Feature",
      "feature_type": "navigation",
      "geometry": {
        "type": "Point",
        "coordinates": [
          -123.250898290326,
          49.263336507513
        ]
      },
      "properties": {
        "debug_id": "AP-0078",
        "alt_name": {
          "en": "nav_projection_cabinet_0078"
        },
        "level_id": "41d0e8ca-d315-4b25-938c-7955db2daf2e",
        "wayfinding_type": "access_projection",
        "route_confirmed": true,
        "source": "col_4_cab_13",
        "sources": [
          "col_4_cab_13"
        ],
        "target": "path_073",
        "targets": [
          "path_073"
        ]
      }
    },
    {
      "id": "c9c22032-b7ae-59e9-a97a-6d110d0917ee",
      "type": "Feature",
      "feature_type": "navigation",
      "geometry": {
        "type": "Point",
        "coordinates": [
          -123.250890632986,
          49.263326897654
        ]
      },
      "properties": {
        "debug_id": "AP-0079",
        "alt_name": {
          "en": "nav_projection_cabinet_0079"
        },
        "level_id": "41d0e8ca-d315-4b25-938c-7955db2daf2e",
        "wayfinding_type": "access_projection",
        "route_confirmed": true,
        "source": "col_4_cab_12",
        "sources": [
          "col_4_cab_12"
        ],
        "target": "path_073",
        "targets": [
          "path_073"
        ]
      }
    },
    {
      "id": "ddfd0d12-afb4-53bf-a478-79b990e92f94",
      "type": "Feature",
      "feature_type": "navigation",
      "geometry": {
        "type": "Point",
        "coordinates": [
          -123.250882975649,
          49.263317287794
        ]
      },
      "properties": {
        "debug_id": "AP-0080",
        "alt_name": {
          "en": "nav_projection_cabinet_0080"
        },
        "level_id": "41d0e8ca-d315-4b25-938c-7955db2daf2e",
        "wayfinding_type": "access_projection",
        "route_confirmed": true,
        "source": "col_4_cab_11",
        "sources": [
          "col_4_cab_11"
        ],
        "target": "path_077",
        "targets": [
          "path_077"
        ]
      }
    },
    {
      "id": "87946012-d4ec-50c0-893a-2d33638cdeb1",
      "type": "Feature",
      "feature_type": "navigation",
      "geometry": {
        "type": "Point",
        "coordinates": [
          -123.250875295785,
          49.263307649658
        ]
      },
      "properties": {
        "debug_id": "AP-0081",
        "alt_name": {
          "en": "nav_projection_cabinet_0081"
        },
        "level_id": "41d0e8ca-d315-4b25-938c-7955db2daf2e",
        "wayfinding_type": "access_projection",
        "route_confirmed": true,
        "source": "col_4_cab_10",
        "sources": [
          "col_4_cab_10"
        ],
        "target": "path_077",
        "targets": [
          "path_077"
        ]
      }
    },
    {
      "id": "1253bf3a-b2f2-5e9a-9407-dab41e767f6d",
      "type": "Feature",
      "feature_type": "navigation",
      "geometry": {
        "type": "Point",
        "coordinates": [
          -123.250868877502,
          49.263299594788
        ]
      },
      "properties": {
        "debug_id": "AP-0082",
        "alt_name": {
          "en": "nav_projection_cabinet_0082"
        },
        "level_id": "41d0e8ca-d315-4b25-938c-7955db2daf2e",
        "wayfinding_type": "access_projection",
        "route_confirmed": true,
        "source": "col_4_cab_09",
        "sources": [
          "col_4_cab_09"
        ],
        "target": "path_077",
        "targets": [
          "path_077"
        ]
      }
    },
    {
      "id": "326a0daf-9976-541b-b036-d379feac8986",
      "type": "Feature",
      "feature_type": "navigation",
      "geometry": {
        "type": "Point",
        "coordinates": [
          -123.25086378951,
          49.263293209415
        ]
      },
      "properties": {
        "debug_id": "AP-0083",
        "alt_name": {
          "en": "nav_projection_cabinet_0083"
        },
        "level_id": "41d0e8ca-d315-4b25-938c-7955db2daf2e",
        "wayfinding_type": "access_projection",
        "route_confirmed": true,
        "source": "col_4_cab_08",
        "sources": [
          "col_4_cab_08"
        ],
        "target": "path_077",
        "targets": [
          "path_077"
        ]
      }
    },
    {
      "id": "e0b24761-02e7-52bb-b225-ae1d282a0591",
      "type": "Feature",
      "feature_type": "navigation",
      "geometry": {
        "type": "Point",
        "coordinates": [
          -123.25085743994,
          49.263285240774
        ]
      },
      "properties": {
        "debug_id": "AP-0084",
        "alt_name": {
          "en": "nav_projection_cabinet_0084"
        },
        "level_id": "41d0e8ca-d315-4b25-938c-7955db2daf2e",
        "wayfinding_type": "access_projection",
        "route_confirmed": true,
        "source": "col_4_cab_07",
        "sources": [
          "col_4_cab_07"
        ],
        "target": "path_077",
        "targets": [
          "path_077"
        ]
      }
    },
    {
      "id": "fd795271-34ba-5a6a-b193-35efe262300c",
      "type": "Feature",
      "feature_type": "navigation",
      "geometry": {
        "type": "Point",
        "coordinates": [
          -123.250849782611,
          49.263275630905
        ]
      },
      "properties": {
        "debug_id": "AP-0085",
        "alt_name": {
          "en": "nav_projection_cabinet_0085"
        },
        "level_id": "41d0e8ca-d315-4b25-938c-7955db2daf2e",
        "wayfinding_type": "access_projection",
        "route_confirmed": true,
        "source": "col_4_cab_06",
        "sources": [
          "col_4_cab_06"
        ],
        "target": "path_077",
        "targets": [
          "path_077"
        ]
      }
    },
    {
      "id": "041f7cd6-72bc-5897-9fdf-e5c606150552",
      "type": "Feature",
      "feature_type": "navigation",
      "geometry": {
        "type": "Point",
        "coordinates": [
          -123.250843386862,
          49.263267604303
        ]
      },
      "properties": {
        "debug_id": "AP-0086",
        "alt_name": {
          "en": "nav_projection_cabinet_0086"
        },
        "level_id": "41d0e8ca-d315-4b25-938c-7955db2daf2e",
        "wayfinding_type": "access_projection",
        "route_confirmed": true,
        "source": "col_4_cab_05",
        "sources": [
          "col_4_cab_05"
        ],
        "target": "path_077",
        "targets": [
          "path_077"
        ]
      }
    },
    {
      "id": "506d4b0a-2b50-578d-95d7-77e0ca750a67",
      "type": "Feature",
      "feature_type": "navigation",
      "geometry": {
        "type": "Point",
        "coordinates": [
          -123.250838252691,
          49.263261160967
        ]
      },
      "properties": {
        "debug_id": "AP-0087",
        "alt_name": {
          "en": "nav_projection_cabinet_0087"
        },
        "level_id": "41d0e8ca-d315-4b25-938c-7955db2daf2e",
        "wayfinding_type": "access_projection",
        "route_confirmed": true,
        "source": "col_4_cab_04",
        "sources": [
          "col_4_cab_04"
        ],
        "target": "path_077",
        "targets": [
          "path_077"
        ]
      }
    },
    {
      "id": "6df7652c-503f-5d18-81b1-91487e02af01",
      "type": "Feature",
      "feature_type": "navigation",
      "geometry": {
        "type": "Point",
        "coordinates": [
          -123.250833161325,
          49.263254771348
        ]
      },
      "properties": {
        "debug_id": "AP-0088",
        "alt_name": {
          "en": "nav_projection_cabinet_0088"
        },
        "level_id": "41d0e8ca-d315-4b25-938c-7955db2daf2e",
        "wayfinding_type": "access_projection",
        "route_confirmed": true,
        "source": "col_4_cab_03",
        "sources": [
          "col_4_cab_03"
        ],
        "target": "path_077",
        "targets": [
          "path_077"
        ]
      }
    },
    {
      "id": "b1f15bc4-0f19-54f1-afa6-990472d95f9c",
      "type": "Feature",
      "feature_type": "navigation",
      "geometry": {
        "type": "Point",
        "coordinates": [
          -123.25082806996,
          49.263248381729
        ]
      },
      "properties": {
        "debug_id": "AP-0089",
        "alt_name": {
          "en": "nav_projection_cabinet_0089"
        },
        "level_id": "41d0e8ca-d315-4b25-938c-7955db2daf2e",
        "wayfinding_type": "access_projection",
        "route_confirmed": true,
        "source": "col_4_cab_02",
        "sources": [
          "col_4_cab_02"
        ],
        "target": "path_077",
        "targets": [
          "path_077"
        ]
      }
    },
    {
      "id": "2155cb6e-7267-5a82-9a81-aa1add87b64c",
      "type": "Feature",
      "feature_type": "navigation",
      "geometry": {
        "type": "Point",
        "coordinates": [
          -123.250822933539,
          49.263241935564
        ]
      },
      "properties": {
        "debug_id": "AP-0090",
        "alt_name": {
          "en": "nav_projection_cabinet_0090"
        },
        "level_id": "41d0e8ca-d315-4b25-938c-7955db2daf2e",
        "wayfinding_type": "access_projection",
        "route_confirmed": true,
        "source": "col_4_cab_01",
        "sources": [
          "col_4_cab_01"
        ],
        "target": "path_077",
        "targets": [
          "path_077"
        ]
      }
    },
    {
      "id": "99c7243c-2473-5b16-aaac-c585b1cb34f2",
      "type": "Feature",
      "feature_type": "navigation",
      "geometry": {
        "type": "Point",
        "coordinates": [
          -123.250877893999,
          49.263310910386
        ]
      },
      "properties": {
        "debug_id": "AP-0097",
        "alt_name": {
          "en": "nav_projection_cabinet_0097"
        },
        "level_id": "41d0e8ca-d315-4b25-938c-7955db2daf2e",
        "wayfinding_type": "access_projection",
        "route_confirmed": true,
        "source": "col_5_cab_07",
        "sources": [
          "col_5_cab_07"
        ],
        "target": "path_077",
        "targets": [
          "path_077"
        ]
      }
    },
    {
      "id": "cfd81e12-002b-5ee3-8702-6c128e7bfb05",
      "type": "Feature",
      "feature_type": "navigation",
      "geometry": {
        "type": "Point",
        "coordinates": [
          -123.250870236666,
          49.263301300523
        ]
      },
      "properties": {
        "debug_id": "AP-0098",
        "alt_name": {
          "en": "nav_projection_cabinet_0098"
        },
        "level_id": "41d0e8ca-d315-4b25-938c-7955db2daf2e",
        "wayfinding_type": "access_projection",
        "route_confirmed": true,
        "source": "col_5_cab_08",
        "sources": [
          "col_5_cab_08"
        ],
        "target": "path_077",
        "targets": [
          "path_077"
        ]
      }
    },
    {
      "id": "d3ad28e5-33fe-51db-ba90-5af20208d0be",
      "type": "Feature",
      "feature_type": "navigation",
      "geometry": {
        "type": "Point",
        "coordinates": [
          -123.250862579334,
          49.263291690658
        ]
      },
      "properties": {
        "debug_id": "AP-0099",
        "alt_name": {
          "en": "nav_projection_cabinet_0099"
        },
        "level_id": "41d0e8ca-d315-4b25-938c-7955db2daf2e",
        "wayfinding_type": "access_projection",
        "route_confirmed": true,
        "source": "col_5_cab_09",
        "sources": [
          "col_5_cab_09"
        ],
        "target": "path_077",
        "targets": [
          "path_077"
        ]
      }
    },
    {
      "id": "a503dd6e-aee1-5947-a680-eea71216ce8d",
      "type": "Feature",
      "feature_type": "navigation",
      "geometry": {
        "type": "Point",
        "coordinates": [
          -123.250854922004,
          49.263282080791
        ]
      },
      "properties": {
        "debug_id": "AP-0100",
        "alt_name": {
          "en": "nav_projection_cabinet_0100"
        },
        "level_id": "41d0e8ca-d315-4b25-938c-7955db2daf2e",
        "wayfinding_type": "access_projection",
        "route_confirmed": true,
        "source": "col_5_cab_10",
        "sources": [
          "col_5_cab_10"
        ],
        "target": "path_077",
        "targets": [
          "path_077"
        ]
      }
    },
    {
      "id": "b3754f8a-2533-5eeb-bf7d-c57717c85425",
      "type": "Feature",
      "feature_type": "navigation",
      "geometry": {
        "type": "Point",
        "coordinates": [
          -123.250847264677,
          49.263272470923
        ]
      },
      "properties": {
        "debug_id": "AP-0101",
        "alt_name": {
          "en": "nav_projection_cabinet_0101"
        },
        "level_id": "41d0e8ca-d315-4b25-938c-7955db2daf2e",
        "wayfinding_type": "access_projection",
        "route_confirmed": true,
        "source": "col_5_cab_11",
        "sources": [
          "col_5_cab_11"
        ],
        "target": "path_077",
        "targets": [
          "path_077"
        ]
      }
    },
    {
      "id": "bd063949-ec59-559d-8462-0398ca205123",
      "type": "Feature",
      "feature_type": "navigation",
      "geometry": {
        "type": "Point",
        "coordinates": [
          -123.250839607351,
          49.263262861052
        ]
      },
      "properties": {
        "debug_id": "AP-0102",
        "alt_name": {
          "en": "nav_projection_cabinet_0102"
        },
        "level_id": "41d0e8ca-d315-4b25-938c-7955db2daf2e",
        "wayfinding_type": "access_projection",
        "route_confirmed": true,
        "source": "col_5_cab_12",
        "sources": [
          "col_5_cab_12"
        ],
        "target": "path_077",
        "targets": [
          "path_077"
        ]
      }
    },
    {
      "id": "84155482-69ce-5fe4-8c83-abc153c725db",
      "type": "Feature",
      "feature_type": "navigation",
      "geometry": {
        "type": "Point",
        "coordinates": [
          -123.250831950027,
          49.26325325118
        ]
      },
      "properties": {
        "debug_id": "AP-0103",
        "alt_name": {
          "en": "nav_projection_cabinet_0103"
        },
        "level_id": "41d0e8ca-d315-4b25-938c-7955db2daf2e",
        "wayfinding_type": "access_projection",
        "route_confirmed": true,
        "source": "col_5_cab_13",
        "sources": [
          "col_5_cab_13"
        ],
        "target": "path_077",
        "targets": [
          "path_077"
        ]
      }
    },
    {
      "id": "7787027c-eb61-5c9d-b6c7-6673a5b24e66",
      "type": "Feature",
      "feature_type": "navigation",
      "geometry": {
        "type": "Point",
        "coordinates": [
          -123.250824292705,
          49.263243641306
        ]
      },
      "properties": {
        "debug_id": "AP-0104",
        "alt_name": {
          "en": "nav_projection_cabinet_0104"
        },
        "level_id": "41d0e8ca-d315-4b25-938c-7955db2daf2e",
        "wayfinding_type": "access_projection",
        "route_confirmed": true,
        "source": "col_5_cab_14",
        "sources": [
          "col_5_cab_14"
        ],
        "target": "path_077",
        "targets": [
          "path_077"
        ]
      }
    },
    {
      "id": "739bb416-a830-5bf9-a3fa-6bef590fa01d",
      "type": "Feature",
      "feature_type": "navigation",
      "geometry": {
        "type": "Point",
        "coordinates": [
          -123.250943416464,
          49.263449777089
        ]
      },
      "properties": {
        "debug_id": "AP-0105",
        "alt_name": {
          "en": "nav_projection_cabinet_0105"
        },
        "level_id": "41d0e8ca-d315-4b25-938c-7955db2daf2e",
        "wayfinding_type": "access_projection",
        "route_confirmed": true,
        "source": "col_6_cab_14",
        "sources": [
          "col_6_cab_14",
          "barn_owl_moon_artwork"
        ],
        "target": "path_009",
        "targets": [
          "path_009"
        ]
      }
    },
    {
      "id": "78ec6973-1622-5c88-8dd3-a7b2234bd5fb",
      "type": "Feature",
      "feature_type": "navigation",
      "geometry": {
        "type": "Point",
        "coordinates": [
          -123.250938325078,
          49.263443387493
        ]
      },
      "properties": {
        "debug_id": "AP-0106",
        "alt_name": {
          "en": "nav_projection_cabinet_0106"
        },
        "level_id": "41d0e8ca-d315-4b25-938c-7955db2daf2e",
        "wayfinding_type": "access_projection",
        "route_confirmed": true,
        "source": "col_6_cab_13",
        "sources": [
          "col_6_cab_13"
        ],
        "target": "path_009",
        "targets": [
          "path_009"
        ]
      }
    },
    {
      "id": "9fd54bc1-8f5e-5119-bf67-6db3df47d03b",
      "type": "Feature",
      "feature_type": "navigation",
      "geometry": {
        "type": "Point",
        "coordinates": [
          -123.25093319089,
          49.263436944178
        ]
      },
      "properties": {
        "debug_id": "AP-0107",
        "alt_name": {
          "en": "nav_projection_cabinet_0107"
        },
        "level_id": "41d0e8ca-d315-4b25-938c-7955db2daf2e",
        "wayfinding_type": "access_projection",
        "route_confirmed": true,
        "source": "col_6_cab_12",
        "sources": [
          "col_6_cab_12"
        ],
        "target": "path_009",
        "targets": [
          "path_009"
        ]
      }
    },
    {
      "id": "fcd19050-928b-52b1-85c5-4d5393f3f3f1",
      "type": "Feature",
      "feature_type": "navigation",
      "geometry": {
        "type": "Point",
        "coordinates": [
          -123.250928054449,
          49.263430498034
        ]
      },
      "properties": {
        "debug_id": "AP-0108",
        "alt_name": {
          "en": "nav_projection_cabinet_0108"
        },
        "level_id": "41d0e8ca-d315-4b25-938c-7955db2daf2e",
        "wayfinding_type": "access_projection",
        "route_confirmed": true,
        "source": "col_6_cab_11",
        "sources": [
          "col_6_cab_11"
        ],
        "target": "path_009",
        "targets": [
          "path_009"
        ]
      }
    },
    {
      "id": "9acca63c-0069-5e22-95ec-df9d744b6cf9",
      "type": "Feature",
      "feature_type": "navigation",
      "geometry": {
        "type": "Point",
        "coordinates": [
          -123.250922960813,
          49.263424105608
        ]
      },
      "properties": {
        "debug_id": "AP-0109",
        "alt_name": {
          "en": "nav_projection_cabinet_0109"
        },
        "level_id": "41d0e8ca-d315-4b25-938c-7955db2daf2e",
        "wayfinding_type": "access_projection",
        "route_confirmed": true,
        "source": "col_6_cab_10",
        "sources": [
          "col_6_cab_10"
        ],
        "target": "path_009",
        "targets": [
          "path_009"
        ]
      }
    },
    {
      "id": "3be0baf6-a49c-5016-bd8c-eede1123fd77",
      "type": "Feature",
      "feature_type": "navigation",
      "geometry": {
        "type": "Point",
        "coordinates": [
          -123.250917869431,
          49.263417716008
        ]
      },
      "properties": {
        "debug_id": "AP-0110",
        "alt_name": {
          "en": "nav_projection_cabinet_0110"
        },
        "level_id": "41d0e8ca-d315-4b25-938c-7955db2daf2e",
        "wayfinding_type": "access_projection",
        "route_confirmed": true,
        "source": "col_6_cab_09",
        "sources": [
          "col_6_cab_09"
        ],
        "target": "path_009",
        "targets": [
          "path_009"
        ]
      }
    },
    {
      "id": "b036f29c-2c4f-54ea-807d-7af11a5e9188",
      "type": "Feature",
      "feature_type": "navigation",
      "geometry": {
        "type": "Point",
        "coordinates": [
          -123.250842496,
          49.263323123388
        ]
      },
      "properties": {
        "debug_id": "AP-0111",
        "alt_name": {
          "en": "nav_projection_cabinet_0111"
        },
        "level_id": "41d0e8ca-d315-4b25-938c-7955db2daf2e",
        "wayfinding_type": "access_projection",
        "route_confirmed": true,
        "source": "col_6_cab_08",
        "sources": [
          "col_6_cab_08",
          "col_7_cab_07"
        ],
        "target": "path_082",
        "targets": [
          "path_082"
        ]
      }
    },
    {
      "id": "902dc9f9-b97d-5ddc-a0e8-1d58e3508f03",
      "type": "Feature",
      "feature_type": "navigation",
      "geometry": {
        "type": "Point",
        "coordinates": [
          -123.250834838671,
          49.263313513523
        ]
      },
      "properties": {
        "debug_id": "AP-0112",
        "alt_name": {
          "en": "nav_projection_cabinet_0112"
        },
        "level_id": "41d0e8ca-d315-4b25-938c-7955db2daf2e",
        "wayfinding_type": "access_projection",
        "route_confirmed": true,
        "source": "col_6_cab_07",
        "sources": [
          "col_6_cab_07",
          "col_7_cab_08"
        ],
        "target": "path_082",
        "targets": [
          "path_082"
        ]
      }
    },
    {
      "id": "b52a9de4-3275-5679-ae4c-28e6385b3cd6",
      "type": "Feature",
      "feature_type": "navigation",
      "geometry": {
        "type": "Point",
        "coordinates": [
          -123.250827181346,
          49.263303903656
        ]
      },
      "properties": {
        "debug_id": "AP-0113",
        "alt_name": {
          "en": "nav_projection_cabinet_0113"
        },
        "level_id": "41d0e8ca-d315-4b25-938c-7955db2daf2e",
        "wayfinding_type": "access_projection",
        "route_confirmed": true,
        "source": "col_6_cab_06",
        "sources": [
          "col_6_cab_06",
          "col_7_cab_09"
        ],
        "target": "path_082",
        "targets": [
          "path_082"
        ]
      }
    },
    {
      "id": "2ae8507d-dbdc-5f7d-9d7a-af7eb0eedef0",
      "type": "Feature",
      "feature_type": "navigation",
      "geometry": {
        "type": "Point",
        "coordinates": [
          -123.250819524021,
          49.263294293789
        ]
      },
      "properties": {
        "debug_id": "AP-0114",
        "alt_name": {
          "en": "nav_projection_cabinet_0114"
        },
        "level_id": "41d0e8ca-d315-4b25-938c-7955db2daf2e",
        "wayfinding_type": "access_projection",
        "route_confirmed": true,
        "source": "col_6_cab_05",
        "sources": [
          "col_6_cab_05",
          "col_7_cab_10"
        ],
        "target": "path_082",
        "targets": [
          "path_082"
        ]
      }
    },
    {
      "id": "6f7a2f7a-6cc6-53c4-9649-2ddbb6c4751f",
      "type": "Feature",
      "feature_type": "navigation",
      "geometry": {
        "type": "Point",
        "coordinates": [
          -123.250811866699,
          49.263284683918
        ]
      },
      "properties": {
        "debug_id": "AP-0115",
        "alt_name": {
          "en": "nav_projection_cabinet_0115"
        },
        "level_id": "41d0e8ca-d315-4b25-938c-7955db2daf2e",
        "wayfinding_type": "access_projection",
        "route_confirmed": true,
        "source": "col_6_cab_04",
        "sources": [
          "col_6_cab_04",
          "col_7_cab_11"
        ],
        "target": "path_082",
        "targets": [
          "path_082"
        ]
      }
    },
    {
      "id": "e04d698c-042f-5758-921b-f7f5b094722a",
      "type": "Feature",
      "feature_type": "navigation",
      "geometry": {
        "type": "Point",
        "coordinates": [
          -123.25080420938,
          49.263275074047
        ]
      },
      "properties": {
        "debug_id": "AP-0116",
        "alt_name": {
          "en": "nav_projection_cabinet_0116"
        },
        "level_id": "41d0e8ca-d315-4b25-938c-7955db2daf2e",
        "wayfinding_type": "access_projection",
        "route_confirmed": true,
        "source": "col_6_cab_03",
        "sources": [
          "col_6_cab_03",
          "col_7_cab_12"
        ],
        "target": "path_082",
        "targets": [
          "path_082"
        ]
      }
    },
    {
      "id": "6f1f7c1e-c048-595e-bcb7-f672d6b84075",
      "type": "Feature",
      "feature_type": "navigation",
      "geometry": {
        "type": "Point",
        "coordinates": [
          -123.250796552062,
          49.263265464173
        ]
      },
      "properties": {
        "debug_id": "AP-0117",
        "alt_name": {
          "en": "nav_projection_cabinet_0117"
        },
        "level_id": "41d0e8ca-d315-4b25-938c-7955db2daf2e",
        "wayfinding_type": "access_projection",
        "route_confirmed": true,
        "source": "col_6_cab_02",
        "sources": [
          "col_6_cab_02",
          "col_7_cab_13"
        ],
        "target": "path_082",
        "targets": [
          "path_082"
        ]
      }
    },
    {
      "id": "32c69540-8072-5a96-b386-6401eccc6ec1",
      "type": "Feature",
      "feature_type": "navigation",
      "geometry": {
        "type": "Point",
        "coordinates": [
          -123.250788894745,
          49.263255854297
        ]
      },
      "properties": {
        "debug_id": "AP-0118",
        "alt_name": {
          "en": "nav_projection_cabinet_0118"
        },
        "level_id": "41d0e8ca-d315-4b25-938c-7955db2daf2e",
        "wayfinding_type": "access_projection",
        "route_confirmed": true,
        "source": "col_6_cab_01",
        "sources": [
          "col_6_cab_01",
          "col_7_cab_14"
        ],
        "target": "path_082",
        "targets": [
          "path_082"
        ]
      }
    },
    {
      "id": "f5838c02-6180-5e98-861f-2178e51fbd41",
      "type": "Feature",
      "feature_type": "navigation",
      "geometry": {
        "type": "Point",
        "coordinates": [
          -123.250942209596,
          49.263448262493
        ]
      },
      "properties": {
        "debug_id": "AP-0119",
        "alt_name": {
          "en": "nav_projection_cabinet_0119"
        },
        "level_id": "41d0e8ca-d315-4b25-938c-7955db2daf2e",
        "wayfinding_type": "access_projection",
        "route_confirmed": true,
        "source": "col_7_cab_01",
        "sources": [
          "col_7_cab_01"
        ],
        "target": "path_009",
        "targets": [
          "path_009"
        ]
      }
    },
    {
      "id": "958d8956-db38-5bf8-9f13-888a6d75157f",
      "type": "Feature",
      "feature_type": "navigation",
      "geometry": {
        "type": "Point",
        "coordinates": [
          -123.250934552244,
          49.263438652653
        ]
      },
      "properties": {
        "debug_id": "AP-0120",
        "alt_name": {
          "en": "nav_projection_cabinet_0120"
        },
        "level_id": "41d0e8ca-d315-4b25-938c-7955db2daf2e",
        "wayfinding_type": "access_projection",
        "route_confirmed": true,
        "source": "col_7_cab_02",
        "sources": [
          "col_7_cab_02"
        ],
        "target": "path_009",
        "targets": [
          "path_009"
        ]
      }
    },
    {
      "id": "81e908af-5b46-59ab-85a1-847a20d5da18",
      "type": "Feature",
      "feature_type": "navigation",
      "geometry": {
        "type": "Point",
        "coordinates": [
          -123.250926894893,
          49.263429042811
        ]
      },
      "properties": {
        "debug_id": "AP-0121",
        "alt_name": {
          "en": "nav_projection_cabinet_0121"
        },
        "level_id": "41d0e8ca-d315-4b25-938c-7955db2daf2e",
        "wayfinding_type": "access_projection",
        "route_confirmed": true,
        "source": "col_7_cab_03",
        "sources": [
          "col_7_cab_03"
        ],
        "target": "path_009",
        "targets": [
          "path_009"
        ]
      }
    },
    {
      "id": "3efbc79a-4937-57a8-9e5a-90929aa1cffb",
      "type": "Feature",
      "feature_type": "navigation",
      "geometry": {
        "type": "Point",
        "coordinates": [
          -123.250919237545,
          49.263419432968
        ]
      },
      "properties": {
        "debug_id": "AP-0122",
        "alt_name": {
          "en": "nav_projection_cabinet_0122"
        },
        "level_id": "41d0e8ca-d315-4b25-938c-7955db2daf2e",
        "wayfinding_type": "access_projection",
        "route_confirmed": true,
        "source": "col_7_cab_04",
        "sources": [
          "col_7_cab_04"
        ],
        "target": "path_009",
        "targets": [
          "path_009"
        ]
      }
    },
    {
      "id": "0d89c7b8-bd30-5200-b572-b76f5a9a1f7a",
      "type": "Feature",
      "feature_type": "navigation",
      "geometry": {
        "type": "Point",
        "coordinates": [
          -123.250911580198,
          49.263409823122
        ]
      },
      "properties": {
        "debug_id": "AP-0123",
        "alt_name": {
          "en": "nav_projection_cabinet_0123"
        },
        "level_id": "41d0e8ca-d315-4b25-938c-7955db2daf2e",
        "wayfinding_type": "access_projection",
        "route_confirmed": true,
        "source": "col_7_cab_05",
        "sources": [
          "col_7_cab_05"
        ],
        "target": "path_009",
        "targets": [
          "path_009"
        ]
      }
    },
    {
      "id": "318fb386-4d63-50a5-a3a6-eb45651ee915",
      "type": "Feature",
      "feature_type": "navigation",
      "geometry": {
        "type": "Point",
        "coordinates": [
          -123.250903922853,
          49.263400213275
        ]
      },
      "properties": {
        "debug_id": "AP-0124",
        "alt_name": {
          "en": "nav_projection_cabinet_0124"
        },
        "level_id": "41d0e8ca-d315-4b25-938c-7955db2daf2e",
        "wayfinding_type": "access_projection",
        "route_confirmed": true,
        "source": "col_7_cab_06",
        "sources": [
          "col_7_cab_06"
        ],
        "target": "path_078",
        "targets": [
          "path_078"
        ]
      }
    },
    {
      "id": "3d68ad29-537b-57dd-be76-509fb870b0fd",
      "type": "Feature",
      "feature_type": "navigation",
      "geometry": {
        "type": "Point",
        "coordinates": [
          -123.250914010291,
          49.263458018683
        ]
      },
      "properties": {
        "debug_id": "AP-0133",
        "alt_name": {
          "en": "nav_projection_cabinet_0133"
        },
        "level_id": "41d0e8ca-d315-4b25-938c-7955db2daf2e",
        "wayfinding_type": "access_projection",
        "route_confirmed": true,
        "source": "col_8_cab_14",
        "sources": [
          "col_8_cab_14",
          "col_9_cab_01"
        ],
        "target": "path_011",
        "targets": [
          "path_011"
        ]
      }
    },
    {
      "id": "a5a07c14-2eb2-53c0-98be-a1675e55c950",
      "type": "Feature",
      "feature_type": "navigation",
      "geometry": {
        "type": "Point",
        "coordinates": [
          -123.250906352944,
          49.263448408842
        ]
      },
      "properties": {
        "debug_id": "AP-0134",
        "alt_name": {
          "en": "nav_projection_cabinet_0134"
        },
        "level_id": "41d0e8ca-d315-4b25-938c-7955db2daf2e",
        "wayfinding_type": "access_projection",
        "route_confirmed": true,
        "source": "col_8_cab_13",
        "sources": [
          "col_8_cab_13",
          "col_9_cab_02"
        ],
        "target": "path_011",
        "targets": [
          "path_011"
        ]
      }
    },
    {
      "id": "a6feff2e-691c-58f7-9959-5d6525ec06b8",
      "type": "Feature",
      "feature_type": "navigation",
      "geometry": {
        "type": "Point",
        "coordinates": [
          -123.250898646832,
          49.263438737799
        ]
      },
      "properties": {
        "debug_id": "AP-0135",
        "alt_name": {
          "en": "nav_projection_cabinet_0135"
        },
        "level_id": "41d0e8ca-d315-4b25-938c-7955db2daf2e",
        "wayfinding_type": "access_projection",
        "route_confirmed": true,
        "source": "col_8_cab_12",
        "sources": [
          "col_8_cab_12"
        ],
        "target": "path_011",
        "targets": [
          "path_011"
        ]
      }
    },
    {
      "id": "1a313542-6448-57f4-9c6a-57ee4927e7a3",
      "type": "Feature",
      "feature_type": "navigation",
      "geometry": {
        "type": "Point",
        "coordinates": [
          -123.250890989487,
          49.263429127954
        ]
      },
      "properties": {
        "debug_id": "AP-0136",
        "alt_name": {
          "en": "nav_projection_cabinet_0136"
        },
        "level_id": "41d0e8ca-d315-4b25-938c-7955db2daf2e",
        "wayfinding_type": "access_projection",
        "route_confirmed": true,
        "source": "col_8_cab_11",
        "sources": [
          "col_8_cab_11"
        ],
        "target": "path_011",
        "targets": [
          "path_011"
        ]
      }
    },
    {
      "id": "a6488ed8-416d-5837-8642-c5c4c8177e21",
      "type": "Feature",
      "feature_type": "navigation",
      "geometry": {
        "type": "Point",
        "coordinates": [
          -123.250883377532,
          49.263419575068
        ]
      },
      "properties": {
        "debug_id": "AP-0137",
        "alt_name": {
          "en": "nav_projection_cabinet_0137"
        },
        "level_id": "41d0e8ca-d315-4b25-938c-7955db2daf2e",
        "wayfinding_type": "access_projection",
        "route_confirmed": true,
        "source": "col_8_cab_10",
        "sources": [
          "col_8_cab_10",
          "col_9_cab_06"
        ],
        "target": "path_011",
        "targets": [
          "path_011"
        ]
      }
    },
    {
      "id": "f9a0482a-288c-5624-a75b-bde9fdec1f76",
      "type": "Feature",
      "feature_type": "navigation",
      "geometry": {
        "type": "Point",
        "coordinates": [
          -123.250875720192,
          49.263409965219
        ]
      },
      "properties": {
        "debug_id": "AP-0138",
        "alt_name": {
          "en": "nav_projection_cabinet_0138"
        },
        "level_id": "41d0e8ca-d315-4b25-938c-7955db2daf2e",
        "wayfinding_type": "access_projection",
        "route_confirmed": true,
        "source": "col_8_cab_09",
        "sources": [
          "col_8_cab_09",
          "col_9_cab_07"
        ],
        "target": "path_011",
        "targets": [
          "path_011"
        ]
      }
    },
    {
      "id": "395e9233-2606-56bc-a991-1ff2ea1f0129",
      "type": "Feature",
      "feature_type": "navigation",
      "geometry": {
        "type": "Point",
        "coordinates": [
          -123.25081434552,
          49.263332940763
        ]
      },
      "properties": {
        "debug_id": "AP-0139",
        "alt_name": {
          "en": "nav_projection_cabinet_0139"
        },
        "level_id": "41d0e8ca-d315-4b25-938c-7955db2daf2e",
        "wayfinding_type": "access_projection",
        "route_confirmed": true,
        "source": "col_8_cab_08",
        "sources": [
          "col_8_cab_08",
          "col_9_cab_13"
        ],
        "target": "path_085",
        "targets": [
          "path_085"
        ]
      }
    },
    {
      "id": "d157e4be-549d-5953-9278-184c5931688a",
      "type": "Feature",
      "feature_type": "navigation",
      "geometry": {
        "type": "Point",
        "coordinates": [
          -123.250806688196,
          49.263323330899
        ]
      },
      "properties": {
        "debug_id": "AP-0140",
        "alt_name": {
          "en": "nav_projection_cabinet_0140"
        },
        "level_id": "41d0e8ca-d315-4b25-938c-7955db2daf2e",
        "wayfinding_type": "access_projection",
        "route_confirmed": true,
        "source": "col_8_cab_07",
        "sources": [
          "col_8_cab_07",
          "col_9_cab_14"
        ],
        "target": "path_085",
        "targets": [
          "path_085"
        ]
      }
    },
    {
      "id": "ae6cfb37-2f67-58cf-bd1e-b85768082b04",
      "type": "Feature",
      "feature_type": "navigation",
      "geometry": {
        "type": "Point",
        "coordinates": [
          -123.250799030875,
          49.263313721032
        ]
      },
      "properties": {
        "debug_id": "AP-0141",
        "alt_name": {
          "en": "nav_projection_cabinet_0141"
        },
        "level_id": "41d0e8ca-d315-4b25-938c-7955db2daf2e",
        "wayfinding_type": "access_projection",
        "route_confirmed": true,
        "source": "col_8_cab_06",
        "sources": [
          "col_8_cab_06",
          "col_9_cab_15"
        ],
        "target": "path_085",
        "targets": [
          "path_085"
        ]
      }
    },
    {
      "id": "0102aff5-1e88-55e2-8524-f29341c01fec",
      "type": "Feature",
      "feature_type": "navigation",
      "geometry": {
        "type": "Point",
        "coordinates": [
          -123.250791373556,
          49.263304111163
        ]
      },
      "properties": {
        "debug_id": "AP-0142",
        "alt_name": {
          "en": "nav_projection_cabinet_0142"
        },
        "level_id": "41d0e8ca-d315-4b25-938c-7955db2daf2e",
        "wayfinding_type": "access_projection",
        "route_confirmed": true,
        "source": "col_8_cab_05",
        "sources": [
          "col_8_cab_05",
          "col_9_cab_16"
        ],
        "target": "path_085",
        "targets": [
          "path_085"
        ]
      }
    },
    {
      "id": "e66f9020-9ca4-5ced-84a0-cdc0dc685c5c",
      "type": "Feature",
      "feature_type": "navigation",
      "geometry": {
        "type": "Point",
        "coordinates": [
          -123.250783667467,
          49.263294440084
        ]
      },
      "properties": {
        "debug_id": "AP-0143",
        "alt_name": {
          "en": "nav_projection_cabinet_0143"
        },
        "level_id": "41d0e8ca-d315-4b25-938c-7955db2daf2e",
        "wayfinding_type": "access_projection",
        "route_confirmed": true,
        "source": "col_8_cab_04",
        "sources": [
          "col_8_cab_04"
        ],
        "target": "path_085",
        "targets": [
          "path_085"
        ]
      }
    },
    {
      "id": "a80a6350-f43e-52a5-ab5c-2d7cfc97b3f3",
      "type": "Feature",
      "feature_type": "navigation",
      "geometry": {
        "type": "Point",
        "coordinates": [
          -123.250776010152,
          49.263284830211
        ]
      },
      "properties": {
        "debug_id": "AP-0144",
        "alt_name": {
          "en": "nav_projection_cabinet_0144"
        },
        "level_id": "41d0e8ca-d315-4b25-938c-7955db2daf2e",
        "wayfinding_type": "access_projection",
        "route_confirmed": true,
        "source": "col_8_cab_03",
        "sources": [
          "col_8_cab_03"
        ],
        "target": "path_093",
        "targets": [
          "path_093"
        ]
      }
    },
    {
      "id": "0fff8fd2-40d9-5396-be68-e01f4cf1fb8d",
      "type": "Feature",
      "feature_type": "navigation",
      "geometry": {
        "type": "Point",
        "coordinates": [
          -123.250768401611,
          49.263275281546
        ]
      },
      "properties": {
        "debug_id": "AP-0145",
        "alt_name": {
          "en": "nav_projection_cabinet_0145"
        },
        "level_id": "41d0e8ca-d315-4b25-938c-7955db2daf2e",
        "wayfinding_type": "access_projection",
        "route_confirmed": true,
        "source": "col_8_cab_02",
        "sources": [
          "col_8_cab_02",
          "col_9_cab_19"
        ],
        "target": "path_093",
        "targets": [
          "path_093"
        ]
      }
    },
    {
      "id": "7ee1ee1c-b4f8-5b5e-a757-bfd3f7440142",
      "type": "Feature",
      "feature_type": "navigation",
      "geometry": {
        "type": "Point",
        "coordinates": [
          -123.2507607443,
          49.26326567167
        ]
      },
      "properties": {
        "debug_id": "AP-0146",
        "alt_name": {
          "en": "nav_projection_cabinet_0146"
        },
        "level_id": "41d0e8ca-d315-4b25-938c-7955db2daf2e",
        "wayfinding_type": "access_projection",
        "route_confirmed": true,
        "source": "col_8_cab_01",
        "sources": [
          "col_8_cab_01",
          "clades_wall_display",
          "col_9_cab_20"
        ],
        "target": "path_093",
        "targets": [
          "path_093"
        ]
      }
    },
    {
      "id": "bbc40c25-1f6c-50f6-9e63-0ee342a7ec59",
      "type": "Feature",
      "feature_type": "navigation",
      "geometry": {
        "type": "Point",
        "coordinates": [
          -123.250900016083,
          49.263440456186
        ]
      },
      "properties": {
        "debug_id": "AP-0149",
        "alt_name": {
          "en": "nav_projection_cabinet_0149"
        },
        "level_id": "41d0e8ca-d315-4b25-938c-7955db2daf2e",
        "wayfinding_type": "access_projection",
        "route_confirmed": true,
        "source": "col_9_cab_03",
        "sources": [
          "col_9_cab_03"
        ],
        "target": "path_011",
        "targets": [
          "path_011"
        ]
      }
    },
    {
      "id": "3702cd91-b1c3-5f15-aa03-5d1fcec48d2a",
      "type": "Feature",
      "feature_type": "navigation",
      "geometry": {
        "type": "Point",
        "coordinates": [
          -123.25089492245,
          49.26343406376
        ]
      },
      "properties": {
        "debug_id": "AP-0150",
        "alt_name": {
          "en": "nav_projection_cabinet_0150"
        },
        "level_id": "41d0e8ca-d315-4b25-938c-7955db2daf2e",
        "wayfinding_type": "access_projection",
        "route_confirmed": true,
        "source": "col_9_cab_04",
        "sources": [
          "col_9_cab_04"
        ],
        "target": "path_011",
        "targets": [
          "path_011"
        ]
      }
    },
    {
      "id": "f24cdb66-34ac-51e6-9b3b-314383f0ab1c",
      "type": "Feature",
      "feature_type": "navigation",
      "geometry": {
        "type": "Point",
        "coordinates": [
          -123.250889818682,
          49.263427658611
        ]
      },
      "properties": {
        "debug_id": "AP-0151",
        "alt_name": {
          "en": "nav_projection_cabinet_0151"
        },
        "level_id": "41d0e8ca-d315-4b25-938c-7955db2daf2e",
        "wayfinding_type": "access_projection",
        "route_confirmed": true,
        "source": "col_9_cab_05",
        "sources": [
          "col_9_cab_05"
        ],
        "target": "path_011",
        "targets": [
          "path_011"
        ]
      }
    },
    {
      "id": "6f388889-4a97-50f6-a2ad-4b50556b98e1",
      "type": "Feature",
      "feature_type": "navigation",
      "geometry": {
        "type": "Point",
        "coordinates": [
          -123.250850065408,
          49.263377768816
        ]
      },
      "properties": {
        "debug_id": "AP-0154",
        "alt_name": {
          "en": "nav_projection_cabinet_0154"
        },
        "level_id": "41d0e8ca-d315-4b25-938c-7955db2daf2e",
        "wayfinding_type": "access_projection",
        "route_confirmed": true,
        "source": "col_9_cab_08",
        "sources": [
          "col_9_cab_08"
        ],
        "target": "path_083",
        "targets": [
          "path_083"
        ]
      }
    },
    {
      "id": "8f70cf4a-a688-5719-9790-ddb3668e28bf",
      "type": "Feature",
      "feature_type": "navigation",
      "geometry": {
        "type": "Point",
        "coordinates": [
          -123.250842408077,
          49.26336815896
        ]
      },
      "properties": {
        "debug_id": "AP-0155",
        "alt_name": {
          "en": "nav_projection_cabinet_0155"
        },
        "level_id": "41d0e8ca-d315-4b25-938c-7955db2daf2e",
        "wayfinding_type": "access_projection",
        "route_confirmed": true,
        "source": "col_9_cab_09",
        "sources": [
          "col_9_cab_09"
        ],
        "target": "path_083",
        "targets": [
          "path_083"
        ]
      }
    },
    {
      "id": "c3a0e61a-3bd5-51de-b017-81ce92e4c254",
      "type": "Feature",
      "feature_type": "navigation",
      "geometry": {
        "type": "Point",
        "coordinates": [
          -123.250836058508,
          49.263360190327
        ]
      },
      "properties": {
        "debug_id": "AP-0156",
        "alt_name": {
          "en": "nav_projection_cabinet_0156"
        },
        "level_id": "41d0e8ca-d315-4b25-938c-7955db2daf2e",
        "wayfinding_type": "access_projection",
        "route_confirmed": true,
        "source": "col_9_cab_10",
        "sources": [
          "col_9_cab_10"
        ],
        "target": "path_083",
        "targets": [
          "path_083"
        ]
      }
    },
    {
      "id": "3040d0ae-e476-5a2e-9951-029f45c382ba",
      "type": "Feature",
      "feature_type": "navigation",
      "geometry": {
        "type": "Point",
        "coordinates": [
          -123.250829708941,
          49.263352221693
        ]
      },
      "properties": {
        "debug_id": "AP-0157",
        "alt_name": {
          "en": "nav_projection_cabinet_0157"
        },
        "level_id": "41d0e8ca-d315-4b25-938c-7955db2daf2e",
        "wayfinding_type": "access_projection",
        "route_confirmed": true,
        "source": "col_9_cab_11",
        "sources": [
          "col_9_cab_11"
        ],
        "target": "path_083",
        "targets": [
          "path_083"
        ]
      }
    },
    {
      "id": "46cc324c-ee70-5506-9815-2679c4057d20",
      "type": "Feature",
      "feature_type": "navigation",
      "geometry": {
        "type": "Point",
        "coordinates": [
          -123.250822051614,
          49.263342611832
        ]
      },
      "properties": {
        "debug_id": "AP-0158",
        "alt_name": {
          "en": "nav_projection_cabinet_0158"
        },
        "level_id": "41d0e8ca-d315-4b25-938c-7955db2daf2e",
        "wayfinding_type": "access_projection",
        "route_confirmed": true,
        "source": "col_9_cab_12",
        "sources": [
          "col_9_cab_12"
        ],
        "target": "path_085",
        "targets": [
          "path_085"
        ]
      }
    },
    {
      "id": "549067de-8778-5dee-90e1-9ec191108e09",
      "type": "Feature",
      "feature_type": "navigation",
      "geometry": {
        "type": "Point",
        "coordinates": [
          -123.25078507277,
          49.263296203728
        ]
      },
      "properties": {
        "debug_id": "AP-0163",
        "alt_name": {
          "en": "nav_projection_cabinet_0163"
        },
        "level_id": "41d0e8ca-d315-4b25-938c-7955db2daf2e",
        "wayfinding_type": "access_projection",
        "route_confirmed": true,
        "source": "col_9_cab_17",
        "sources": [
          "col_9_cab_17"
        ],
        "target": "path_085",
        "targets": [
          "path_085"
        ]
      }
    },
    {
      "id": "4ddce3d5-acd4-5238-911a-a040108d98b8",
      "type": "Feature",
      "feature_type": "navigation",
      "geometry": {
        "type": "Point",
        "coordinates": [
          -123.250774846121,
          49.263283369361
        ]
      },
      "properties": {
        "debug_id": "AP-0164",
        "alt_name": {
          "en": "nav_projection_cabinet_0164"
        },
        "level_id": "41d0e8ca-d315-4b25-938c-7955db2daf2e",
        "wayfinding_type": "access_projection",
        "route_confirmed": true,
        "source": "col_9_cab_18",
        "sources": [
          "col_9_cab_18"
        ],
        "target": "path_093",
        "targets": [
          "path_093"
        ]
      }
    },
    {
      "id": "64b87d15-ca2a-5c08-b57d-c5395c280ad5",
      "type": "Feature",
      "feature_type": "navigation",
      "geometry": {
        "type": "Point",
        "coordinates": [
          -123.250883148929,
          49.263468683393
        ]
      },
      "properties": {
        "debug_id": "AP-0167",
        "alt_name": {
          "en": "nav_projection_cabinet_0167"
        },
        "level_id": "41d0e8ca-d315-4b25-938c-7955db2daf2e",
        "wayfinding_type": "access_projection",
        "route_confirmed": true,
        "source": "col_10_cab_20",
        "sources": [
          "col_10_cab_20"
        ],
        "target": "path_013",
        "targets": [
          "path_013"
        ]
      }
    },
    {
      "id": "3932c21a-60fb-526f-855c-25e808d6b08b",
      "type": "Feature",
      "feature_type": "navigation",
      "geometry": {
        "type": "Point",
        "coordinates": [
          -123.250875491587,
          49.263459073551
        ]
      },
      "properties": {
        "debug_id": "AP-0168",
        "alt_name": {
          "en": "nav_projection_cabinet_0168"
        },
        "level_id": "41d0e8ca-d315-4b25-938c-7955db2daf2e",
        "wayfinding_type": "access_projection",
        "route_confirmed": true,
        "source": "col_10_cab_19",
        "sources": [
          "col_10_cab_19"
        ],
        "target": "path_013",
        "targets": [
          "path_013"
        ]
      }
    },
    {
      "id": "3b88da95-557f-58ee-a1eb-0ed17678b62b",
      "type": "Feature",
      "feature_type": "navigation",
      "geometry": {
        "type": "Point",
        "coordinates": [
          -123.250869140958,
          49.26345110361
        ]
      },
      "properties": {
        "debug_id": "AP-0169",
        "alt_name": {
          "en": "nav_projection_cabinet_0169"
        },
        "level_id": "41d0e8ca-d315-4b25-938c-7955db2daf2e",
        "wayfinding_type": "access_projection",
        "route_confirmed": true,
        "source": "col_10_cab_18",
        "sources": [
          "col_10_cab_18",
          "col_11_cab_04"
        ],
        "target": "path_013",
        "targets": [
          "path_013"
        ]
      }
    },
    {
      "id": "b3a89b39-6aa6-53f2-a9fd-b106fee69221",
      "type": "Feature",
      "feature_type": "navigation",
      "geometry": {
        "type": "Point",
        "coordinates": [
          -123.250864037191,
          49.263444698461
        ]
      },
      "properties": {
        "debug_id": "AP-0170",
        "alt_name": {
          "en": "nav_projection_cabinet_0170"
        },
        "level_id": "41d0e8ca-d315-4b25-938c-7955db2daf2e",
        "wayfinding_type": "access_projection",
        "route_confirmed": true,
        "source": "col_10_cab_17",
        "sources": [
          "col_10_cab_17",
          "col_11_cab_05"
        ],
        "target": "path_013",
        "targets": [
          "path_013"
        ]
      }
    },
    {
      "id": "c8068bfd-6b8b-5a1d-9a92-122e364f92ad",
      "type": "Feature",
      "feature_type": "navigation",
      "geometry": {
        "type": "Point",
        "coordinates": [
          -123.250858928357,
          49.263438286949
        ]
      },
      "properties": {
        "debug_id": "AP-0171",
        "alt_name": {
          "en": "nav_projection_cabinet_0171"
        },
        "level_id": "41d0e8ca-d315-4b25-938c-7955db2daf2e",
        "wayfinding_type": "access_projection",
        "route_confirmed": true,
        "source": "col_10_cab_16",
        "sources": [
          "col_10_cab_16",
          "col_11_cab_06"
        ],
        "target": "path_013",
        "targets": [
          "path_013"
        ]
      }
    },
    {
      "id": "f029665a-7ba8-5cbb-8763-ba88ed78f558",
      "type": "Feature",
      "feature_type": "navigation",
      "geometry": {
        "type": "Point",
        "coordinates": [
          -123.250852512811,
          49.263430235532
        ]
      },
      "properties": {
        "debug_id": "AP-0172",
        "alt_name": {
          "en": "nav_projection_cabinet_0172"
        },
        "level_id": "41d0e8ca-d315-4b25-938c-7955db2daf2e",
        "wayfinding_type": "access_projection",
        "route_confirmed": true,
        "source": "col_10_cab_15",
        "sources": [
          "col_10_cab_15"
        ],
        "target": "path_013",
        "targets": [
          "path_013"
        ]
      }
    },
    {
      "id": "82f70032-df65-5647-9e48-f5578857cb6a",
      "type": "Feature",
      "feature_type": "navigation",
      "geometry": {
        "type": "Point",
        "coordinates": [
          -123.250844855476,
          49.263420625683
        ]
      },
      "properties": {
        "debug_id": "AP-0173",
        "alt_name": {
          "en": "nav_projection_cabinet_0173"
        },
        "level_id": "41d0e8ca-d315-4b25-938c-7955db2daf2e",
        "wayfinding_type": "access_projection",
        "route_confirmed": true,
        "source": "col_10_cab_14",
        "sources": [
          "col_10_cab_14"
        ],
        "target": "path_013",
        "targets": [
          "path_013"
        ]
      }
    },
    {
      "id": "1388ede0-4397-5215-82f4-42e49f84fceb",
      "type": "Feature",
      "feature_type": "navigation",
      "geometry": {
        "type": "Point",
        "coordinates": [
          -123.250819155319,
          49.263388372312
        ]
      },
      "properties": {
        "debug_id": "AP-0174",
        "alt_name": {
          "en": "nav_projection_cabinet_0174"
        },
        "level_id": "41d0e8ca-d315-4b25-938c-7955db2daf2e",
        "wayfinding_type": "access_projection",
        "route_confirmed": true,
        "source": "col_10_cab_13",
        "sources": [
          "col_10_cab_13"
        ],
        "target": "path_086",
        "targets": [
          "path_086"
        ]
      }
    },
    {
      "id": "9d626fcd-4bcc-5302-8f71-a189476f7f99",
      "type": "Feature",
      "feature_type": "navigation",
      "geometry": {
        "type": "Point",
        "coordinates": [
          -123.250811497992,
          49.263378762454
        ]
      },
      "properties": {
        "debug_id": "AP-0175",
        "alt_name": {
          "en": "nav_projection_cabinet_0175"
        },
        "level_id": "41d0e8ca-d315-4b25-938c-7955db2daf2e",
        "wayfinding_type": "access_projection",
        "route_confirmed": true,
        "source": "col_10_cab_12",
        "sources": [
          "col_10_cab_12"
        ],
        "target": "path_086",
        "targets": [
          "path_086"
        ]
      }
    },
    {
      "id": "d8bf5032-2071-5f51-a690-a282702797e8",
      "type": "Feature",
      "feature_type": "navigation",
      "geometry": {
        "type": "Point",
        "coordinates": [
          -123.250805148427,
          49.26337079382
        ]
      },
      "properties": {
        "debug_id": "AP-0176",
        "alt_name": {
          "en": "nav_projection_cabinet_0176"
        },
        "level_id": "41d0e8ca-d315-4b25-938c-7955db2daf2e",
        "wayfinding_type": "access_projection",
        "route_confirmed": true,
        "source": "col_10_cab_11",
        "sources": [
          "col_10_cab_11"
        ],
        "target": "path_086",
        "targets": [
          "path_086"
        ]
      }
    },
    {
      "id": "583d3b07-3576-5f9b-91fa-275143bedf43",
      "type": "Feature",
      "feature_type": "navigation",
      "geometry": {
        "type": "Point",
        "coordinates": [
          -123.250798798864,
          49.263362825184
        ]
      },
      "properties": {
        "debug_id": "AP-0177",
        "alt_name": {
          "en": "nav_projection_cabinet_0177"
        },
        "level_id": "41d0e8ca-d315-4b25-938c-7955db2daf2e",
        "wayfinding_type": "access_projection",
        "route_confirmed": true,
        "source": "col_10_cab_10",
        "sources": [
          "col_10_cab_10"
        ],
        "target": "path_086",
        "targets": [
          "path_086"
        ]
      }
    },
    {
      "id": "e8349644-ebeb-5258-87dc-bcf3cf300357",
      "type": "Feature",
      "feature_type": "navigation",
      "geometry": {
        "type": "Point",
        "coordinates": [
          -123.250791141542,
          49.263353215322
        ]
      },
      "properties": {
        "debug_id": "AP-0178",
        "alt_name": {
          "en": "nav_projection_cabinet_0178"
        },
        "level_id": "41d0e8ca-d315-4b25-938c-7955db2daf2e",
        "wayfinding_type": "access_projection",
        "route_confirmed": true,
        "source": "col_10_cab_09",
        "sources": [
          "col_10_cab_09"
        ],
        "target": "path_086",
        "targets": [
          "path_086"
        ]
      }
    },
    {
      "id": "d3059422-60af-5a26-8b84-18cb2fd61313",
      "type": "Feature",
      "feature_type": "navigation",
      "geometry": {
        "type": "Point",
        "coordinates": [
          -123.250783484223,
          49.263343605457
        ]
      },
      "properties": {
        "debug_id": "AP-0179",
        "alt_name": {
          "en": "nav_projection_cabinet_0179"
        },
        "level_id": "41d0e8ca-d315-4b25-938c-7955db2daf2e",
        "wayfinding_type": "access_projection",
        "route_confirmed": true,
        "source": "col_10_cab_08",
        "sources": [
          "col_10_cab_08"
        ],
        "target": "path_086",
        "targets": [
          "path_086"
        ]
      }
    },
    {
      "id": "ee9edcef-234e-5132-932c-a0d084cad1c3",
      "type": "Feature",
      "feature_type": "navigation",
      "geometry": {
        "type": "Point",
        "coordinates": [
          -123.250775826905,
          49.263333995591
        ]
      },
      "properties": {
        "debug_id": "AP-0180",
        "alt_name": {
          "en": "nav_projection_cabinet_0180"
        },
        "level_id": "41d0e8ca-d315-4b25-938c-7955db2daf2e",
        "wayfinding_type": "access_projection",
        "route_confirmed": true,
        "source": "col_10_cab_07",
        "sources": [
          "col_10_cab_07"
        ],
        "target": "path_088",
        "targets": [
          "path_088"
        ]
      }
    },
    {
      "id": "a1c90b1d-ba23-5a0b-ab12-a9e35dd7884d",
      "type": "Feature",
      "feature_type": "navigation",
      "geometry": {
        "type": "Point",
        "coordinates": [
          -123.250768169589,
          49.263324385723
        ]
      },
      "properties": {
        "debug_id": "AP-0181",
        "alt_name": {
          "en": "nav_projection_cabinet_0181"
        },
        "level_id": "41d0e8ca-d315-4b25-938c-7955db2daf2e",
        "wayfinding_type": "access_projection",
        "route_confirmed": true,
        "source": "col_10_cab_06",
        "sources": [
          "col_10_cab_06"
        ],
        "target": "path_088",
        "targets": [
          "path_088"
        ]
      }
    },
    {
      "id": "5ab8332a-8487-5061-9689-adb82bd540d2",
      "type": "Feature",
      "feature_type": "navigation",
      "geometry": {
        "type": "Point",
        "coordinates": [
          -123.250760512275,
          49.263314775854
        ]
      },
      "properties": {
        "debug_id": "AP-0182",
        "alt_name": {
          "en": "nav_projection_cabinet_0182"
        },
        "level_id": "41d0e8ca-d315-4b25-938c-7955db2daf2e",
        "wayfinding_type": "access_projection",
        "route_confirmed": true,
        "source": "col_10_cab_05",
        "sources": [
          "col_10_cab_05"
        ],
        "target": "path_088",
        "targets": [
          "path_088"
        ]
      }
    },
    {
      "id": "74adaf82-770f-5170-b837-c545a1abbfe1",
      "type": "Feature",
      "feature_type": "navigation",
      "geometry": {
        "type": "Point",
        "coordinates": [
          -123.250754231513,
          49.263306893542
        ]
      },
      "properties": {
        "debug_id": "AP-0183",
        "alt_name": {
          "en": "nav_projection_cabinet_0183"
        },
        "level_id": "41d0e8ca-d315-4b25-938c-7955db2daf2e",
        "wayfinding_type": "access_projection",
        "route_confirmed": true,
        "source": "col_10_cab_04",
        "sources": [
          "col_10_cab_04",
          "col_11_cab_21"
        ],
        "target": "path_088",
        "targets": [
          "path_088"
        ]
      }
    },
    {
      "id": "3c059c01-f02c-550b-9837-84437d5049c8",
      "type": "Feature",
      "feature_type": "navigation",
      "geometry": {
        "type": "Point",
        "coordinates": [
          -123.250744004308,
          49.263294058468
        ]
      },
      "properties": {
        "debug_id": "AP-0184",
        "alt_name": {
          "en": "nav_projection_cabinet_0184"
        },
        "level_id": "41d0e8ca-d315-4b25-938c-7955db2daf2e",
        "wayfinding_type": "access_projection",
        "route_confirmed": true,
        "source": "col_10_cab_03",
        "sources": [
          "col_10_cab_03",
          "col_11_cab_23"
        ],
        "target": "path_092",
        "targets": [
          "path_092"
        ]
      }
    },
    {
      "id": "722e2055-d880-506a-ae70-8764e3fb3def",
      "type": "Feature",
      "feature_type": "navigation",
      "geometry": {
        "type": "Point",
        "coordinates": [
          -123.250737540345,
          49.263285946233
        ]
      },
      "properties": {
        "debug_id": "AP-0185",
        "alt_name": {
          "en": "nav_projection_cabinet_0185"
        },
        "level_id": "41d0e8ca-d315-4b25-938c-7955db2daf2e",
        "wayfinding_type": "access_projection",
        "route_confirmed": true,
        "source": "col_10_cab_02",
        "sources": [
          "col_10_cab_02"
        ],
        "target": "path_092",
        "targets": [
          "path_092"
        ]
      }
    },
    {
      "id": "aa1046af-9715-5ff7-bc62-f1cca27d9d06",
      "type": "Feature",
      "feature_type": "navigation",
      "geometry": {
        "type": "Point",
        "coordinates": [
          -123.250729883038,
          49.263276336356
        ]
      },
      "properties": {
        "debug_id": "AP-0186",
        "alt_name": {
          "en": "nav_projection_cabinet_0186"
        },
        "level_id": "41d0e8ca-d315-4b25-938c-7955db2daf2e",
        "wayfinding_type": "access_projection",
        "route_confirmed": true,
        "source": "col_10_cab_01",
        "sources": [
          "col_10_cab_01"
        ],
        "target": "path_092",
        "targets": [
          "path_092"
        ]
      }
    },
    {
      "id": "44ebd3e9-9946-523e-8f23-7f51b3200bd9",
      "type": "Feature",
      "feature_type": "navigation",
      "geometry": {
        "type": "Point",
        "coordinates": [
          -123.250884517668,
          49.263470401138
        ]
      },
      "properties": {
        "debug_id": "AP-0187",
        "alt_name": {
          "en": "nav_projection_cabinet_0187"
        },
        "level_id": "41d0e8ca-d315-4b25-938c-7955db2daf2e",
        "wayfinding_type": "access_projection",
        "route_confirmed": true,
        "source": "col_11_cab_01",
        "sources": [
          "col_11_cab_01",
          "sweetgrass_braid_artwork"
        ],
        "target": "path_013",
        "targets": [
          "path_013"
        ]
      }
    },
    {
      "id": "c8dffbcb-2096-59d7-bbde-a26d23e419fb",
      "type": "Feature",
      "feature_type": "navigation",
      "geometry": {
        "type": "Point",
        "coordinates": [
          -123.250879403762,
          49.263463983269
        ]
      },
      "properties": {
        "debug_id": "AP-0188",
        "alt_name": {
          "en": "nav_projection_cabinet_0188"
        },
        "level_id": "41d0e8ca-d315-4b25-938c-7955db2daf2e",
        "wayfinding_type": "access_projection",
        "route_confirmed": true,
        "source": "col_11_cab_02",
        "sources": [
          "col_11_cab_02"
        ],
        "target": "path_013",
        "targets": [
          "path_013"
        ]
      }
    },
    {
      "id": "fc27547b-5e20-5c81-8095-65fa50323c44",
      "type": "Feature",
      "feature_type": "navigation",
      "geometry": {
        "type": "Point",
        "coordinates": [
          -123.250874289856,
          49.263457565398
        ]
      },
      "properties": {
        "debug_id": "AP-0189",
        "alt_name": {
          "en": "nav_projection_cabinet_0189"
        },
        "level_id": "41d0e8ca-d315-4b25-938c-7955db2daf2e",
        "wayfinding_type": "access_projection",
        "route_confirmed": true,
        "source": "col_11_cab_03",
        "sources": [
          "col_11_cab_03"
        ],
        "target": "path_013",
        "targets": [
          "path_013"
        ]
      }
    },
    {
      "id": "b4974ce4-ba5a-57d5-a92f-a504206caadc",
      "type": "Feature",
      "feature_type": "navigation",
      "geometry": {
        "type": "Point",
        "coordinates": [
          -123.250853834243,
          49.26343189391
        ]
      },
      "properties": {
        "debug_id": "AP-0193",
        "alt_name": {
          "en": "nav_projection_cabinet_0193"
        },
        "level_id": "41d0e8ca-d315-4b25-938c-7955db2daf2e",
        "wayfinding_type": "access_projection",
        "route_confirmed": true,
        "source": "col_11_cab_07",
        "sources": [
          "col_11_cab_07"
        ],
        "target": "path_013",
        "targets": [
          "path_013"
        ]
      }
    },
    {
      "id": "ce0649a7-9774-5fde-8039-e5dbc14ac745",
      "type": "Feature",
      "feature_type": "navigation",
      "geometry": {
        "type": "Point",
        "coordinates": [
          -123.250848720341,
          49.263425476036
        ]
      },
      "properties": {
        "debug_id": "AP-0194",
        "alt_name": {
          "en": "nav_projection_cabinet_0194"
        },
        "level_id": "41d0e8ca-d315-4b25-938c-7955db2daf2e",
        "wayfinding_type": "access_projection",
        "route_confirmed": true,
        "source": "col_11_cab_08",
        "sources": [
          "col_11_cab_08"
        ],
        "target": "path_013",
        "targets": [
          "path_013"
        ]
      }
    },
    {
      "id": "8d20be90-afa0-5be0-9ee7-41519dffc1d8",
      "type": "Feature",
      "feature_type": "navigation",
      "geometry": {
        "type": "Point",
        "coordinates": [
          -123.250843606441,
          49.26341905816
        ]
      },
      "properties": {
        "debug_id": "AP-0195",
        "alt_name": {
          "en": "nav_projection_cabinet_0195"
        },
        "level_id": "41d0e8ca-d315-4b25-938c-7955db2daf2e",
        "wayfinding_type": "access_projection",
        "route_confirmed": true,
        "source": "col_11_cab_09",
        "sources": [
          "col_11_cab_09"
        ],
        "target": "path_013",
        "targets": [
          "path_013"
        ]
      }
    },
    {
      "id": "9bab99ef-c7b5-531a-b8fd-344469c25033",
      "type": "Feature",
      "feature_type": "navigation",
      "geometry": {
        "type": "Point",
        "coordinates": [
          -123.250838492541,
          49.263412640285
        ]
      },
      "properties": {
        "debug_id": "AP-0196",
        "alt_name": {
          "en": "nav_projection_cabinet_0196"
        },
        "level_id": "41d0e8ca-d315-4b25-938c-7955db2daf2e",
        "wayfinding_type": "access_projection",
        "route_confirmed": true,
        "source": "col_11_cab_10",
        "sources": [
          "col_11_cab_10"
        ],
        "target": "path_013",
        "targets": [
          "path_013"
        ]
      }
    },
    {
      "id": "1fe49ff2-e3ea-5336-becd-02da70f97fdb",
      "type": "Feature",
      "feature_type": "navigation",
      "geometry": {
        "type": "Point",
        "coordinates": [
          -123.250833378642,
          49.263406222408
        ]
      },
      "properties": {
        "debug_id": "AP-0197",
        "alt_name": {
          "en": "nav_projection_cabinet_0197"
        },
        "level_id": "41d0e8ca-d315-4b25-938c-7955db2daf2e",
        "wayfinding_type": "access_projection",
        "route_confirmed": true,
        "source": "col_11_cab_11",
        "sources": [
          "col_11_cab_11"
        ],
        "target": "path_013",
        "targets": [
          "path_013"
        ]
      }
    },
    {
      "id": "f43e5e90-5f12-5fbc-9f8c-364457c43c89",
      "type": "Feature",
      "feature_type": "navigation",
      "geometry": {
        "type": "Point",
        "coordinates": [
          -123.250828264745,
          49.26339980453
        ]
      },
      "properties": {
        "debug_id": "AP-0198",
        "alt_name": {
          "en": "nav_projection_cabinet_0198"
        },
        "level_id": "41d0e8ca-d315-4b25-938c-7955db2daf2e",
        "wayfinding_type": "access_projection",
        "route_confirmed": true,
        "source": "col_11_cab_12",
        "sources": [
          "col_11_cab_12"
        ],
        "target": "path_013",
        "targets": [
          "path_013"
        ]
      }
    },
    {
      "id": "2cc84105-c14a-5c11-89e4-2edfc1fae4cb",
      "type": "Feature",
      "feature_type": "navigation",
      "geometry": {
        "type": "Point",
        "coordinates": [
          -123.250823150847,
          49.263393386652
        ]
      },
      "properties": {
        "debug_id": "AP-0199",
        "alt_name": {
          "en": "nav_projection_cabinet_0199"
        },
        "level_id": "41d0e8ca-d315-4b25-938c-7955db2daf2e",
        "wayfinding_type": "access_projection",
        "route_confirmed": true,
        "source": "col_11_cab_13",
        "sources": [
          "col_11_cab_13"
        ],
        "target": "path_086",
        "targets": [
          "path_086"
        ]
      }
    },
    {
      "id": "acff667b-0270-56b6-9107-6a612b5f51fc",
      "type": "Feature",
      "feature_type": "navigation",
      "geometry": {
        "type": "Point",
        "coordinates": [
          -123.250818036951,
          49.263386968773
        ]
      },
      "properties": {
        "debug_id": "AP-0200",
        "alt_name": {
          "en": "nav_projection_cabinet_0200"
        },
        "level_id": "41d0e8ca-d315-4b25-938c-7955db2daf2e",
        "wayfinding_type": "access_projection",
        "route_confirmed": true,
        "source": "col_11_cab_14",
        "sources": [
          "col_11_cab_14"
        ],
        "target": "path_086",
        "targets": [
          "path_086"
        ]
      }
    },
    {
      "id": "c24fc310-0c7c-558b-9b19-3113e4472617",
      "type": "Feature",
      "feature_type": "navigation",
      "geometry": {
        "type": "Point",
        "coordinates": [
          -123.250812923056,
          49.263380550893
        ]
      },
      "properties": {
        "debug_id": "AP-0201",
        "alt_name": {
          "en": "nav_projection_cabinet_0201"
        },
        "level_id": "41d0e8ca-d315-4b25-938c-7955db2daf2e",
        "wayfinding_type": "access_projection",
        "route_confirmed": true,
        "source": "col_11_cab_15",
        "sources": [
          "col_11_cab_15"
        ],
        "target": "path_086",
        "targets": [
          "path_086"
        ]
      }
    },
    {
      "id": "4f82187f-1e32-583d-959c-a8079c6dec0f",
      "type": "Feature",
      "feature_type": "navigation",
      "geometry": {
        "type": "Point",
        "coordinates": [
          -123.250807809161,
          49.263374133012
        ]
      },
      "properties": {
        "debug_id": "AP-0202",
        "alt_name": {
          "en": "nav_projection_cabinet_0202"
        },
        "level_id": "41d0e8ca-d315-4b25-938c-7955db2daf2e",
        "wayfinding_type": "access_projection",
        "route_confirmed": true,
        "source": "col_11_cab_16",
        "sources": [
          "col_11_cab_16"
        ],
        "target": "path_086",
        "targets": [
          "path_086"
        ]
      }
    },
    {
      "id": "5ad778c4-5279-585c-8dd3-bfe3e7182e61",
      "type": "Feature",
      "feature_type": "navigation",
      "geometry": {
        "type": "Point",
        "coordinates": [
          -123.250802695268,
          49.26336771513
        ]
      },
      "properties": {
        "debug_id": "AP-0203",
        "alt_name": {
          "en": "nav_projection_cabinet_0203"
        },
        "level_id": "41d0e8ca-d315-4b25-938c-7955db2daf2e",
        "wayfinding_type": "access_projection",
        "route_confirmed": true,
        "source": "col_11_cab_17",
        "sources": [
          "col_11_cab_17"
        ],
        "target": "path_086",
        "targets": [
          "path_086"
        ]
      }
    },
    {
      "id": "bbec164f-153c-5099-ae29-874804b3ac14",
      "type": "Feature",
      "feature_type": "navigation",
      "geometry": {
        "type": "Point",
        "coordinates": [
          -123.250797581375,
          49.263361297248
        ]
      },
      "properties": {
        "debug_id": "AP-0204",
        "alt_name": {
          "en": "nav_projection_cabinet_0204"
        },
        "level_id": "41d0e8ca-d315-4b25-938c-7955db2daf2e",
        "wayfinding_type": "access_projection",
        "route_confirmed": true,
        "source": "col_11_cab_18",
        "sources": [
          "col_11_cab_18"
        ],
        "target": "path_086",
        "targets": [
          "path_086"
        ]
      }
    },
    {
      "id": "10bd3b78-955c-5e21-ad1c-6609e7191584",
      "type": "Feature",
      "feature_type": "navigation",
      "geometry": {
        "type": "Point",
        "coordinates": [
          -123.250764528077,
          49.263319815654
        ]
      },
      "properties": {
        "debug_id": "AP-0205",
        "alt_name": {
          "en": "nav_projection_cabinet_0205"
        },
        "level_id": "41d0e8ca-d315-4b25-938c-7955db2daf2e",
        "wayfinding_type": "access_projection",
        "route_confirmed": true,
        "source": "col_11_cab_19",
        "sources": [
          "col_11_cab_19"
        ],
        "target": "path_088",
        "targets": [
          "path_088"
        ]
      }
    },
    {
      "id": "dda13f9a-6e2b-5689-90ab-b9048502438d",
      "type": "Feature",
      "feature_type": "navigation",
      "geometry": {
        "type": "Point",
        "coordinates": [
          -123.25075941419,
          49.263313397766
        ]
      },
      "properties": {
        "debug_id": "AP-0206",
        "alt_name": {
          "en": "nav_projection_cabinet_0206"
        },
        "level_id": "41d0e8ca-d315-4b25-938c-7955db2daf2e",
        "wayfinding_type": "access_projection",
        "route_confirmed": true,
        "source": "col_11_cab_20",
        "sources": [
          "col_11_cab_20"
        ],
        "target": "path_088",
        "targets": [
          "path_088"
        ]
      }
    },
    {
      "id": "3f9b1aee-e93a-5b0c-a111-56805d835d1f",
      "type": "Feature",
      "feature_type": "navigation",
      "geometry": {
        "type": "Point",
        "coordinates": [
          -123.25074918642,
          49.263300561986
        ]
      },
      "properties": {
        "debug_id": "AP-0208",
        "alt_name": {
          "en": "nav_projection_cabinet_0208"
        },
        "level_id": "41d0e8ca-d315-4b25-938c-7955db2daf2e",
        "wayfinding_type": "access_projection",
        "route_confirmed": true,
        "source": "col_11_cab_22",
        "sources": [
          "col_11_cab_22"
        ],
        "target": "path_088",
        "targets": [
          "path_088"
        ]
      }
    },
    {
      "id": "92b3a3d9-fc63-5408-8057-67ec738d7f6d",
      "type": "Feature",
      "feature_type": "navigation",
      "geometry": {
        "type": "Point",
        "coordinates": [
          -123.250738958654,
          49.263287726203
        ]
      },
      "properties": {
        "debug_id": "AP-0210",
        "alt_name": {
          "en": "nav_projection_cabinet_0210"
        },
        "level_id": "41d0e8ca-d315-4b25-938c-7955db2daf2e",
        "wayfinding_type": "access_projection",
        "route_confirmed": true,
        "source": "col_11_cab_24",
        "sources": [
          "col_11_cab_24"
        ],
        "target": "path_092",
        "targets": [
          "path_092"
        ]
      }
    },
    {
      "id": "136c871d-f93c-5224-902b-52a0b8d2fc6f",
      "type": "Feature",
      "feature_type": "navigation",
      "geometry": {
        "type": "Point",
        "coordinates": [
          -123.250733844772,
          49.26328130831
        ]
      },
      "properties": {
        "debug_id": "AP-0211",
        "alt_name": {
          "en": "nav_projection_cabinet_0211"
        },
        "level_id": "41d0e8ca-d315-4b25-938c-7955db2daf2e",
        "wayfinding_type": "access_projection",
        "route_confirmed": true,
        "source": "col_11_cab_25",
        "sources": [
          "col_11_cab_25"
        ],
        "target": "path_092",
        "targets": [
          "path_092"
        ]
      }
    },
    {
      "id": "4e38aa73-26d9-5d12-8aca-045562f9a93d",
      "type": "Feature",
      "feature_type": "navigation",
      "geometry": {
        "type": "Point",
        "coordinates": [
          -123.250728730891,
          49.263274890416
        ]
      },
      "properties": {
        "debug_id": "AP-0212",
        "alt_name": {
          "en": "nav_projection_cabinet_0212"
        },
        "level_id": "41d0e8ca-d315-4b25-938c-7955db2daf2e",
        "wayfinding_type": "access_projection",
        "route_confirmed": true,
        "source": "col_11_cab_26",
        "sources": [
          "col_11_cab_26"
        ],
        "target": "path_092",
        "targets": [
          "path_092"
        ]
      }
    },
    {
      "id": "8a0ea24b-1bba-5024-9fa1-3384a61a0769",
      "type": "Feature",
      "feature_type": "navigation",
      "geometry": {
        "type": "Point",
        "coordinates": [
          -123.250853080804,
          49.263481251776
        ]
      },
      "properties": {
        "debug_id": "AP-0213",
        "alt_name": {
          "en": "nav_projection_cabinet_0213"
        },
        "level_id": "41d0e8ca-d315-4b25-938c-7955db2daf2e",
        "wayfinding_type": "access_projection",
        "route_confirmed": true,
        "source": "col_12_cab_26",
        "sources": [
          "col_12_cab_26",
          "col_13_cab_01",
          "porcupine_display_case"
        ],
        "target": "path_015",
        "targets": [
          "path_015"
        ]
      }
    },
    {
      "id": "b83f1a84-6538-587e-a3ce-cc8a0b97fe54",
      "type": "Feature",
      "feature_type": "navigation",
      "geometry": {
        "type": "Point",
        "coordinates": [
          -123.250847966902,
          49.263474833906
        ]
      },
      "properties": {
        "debug_id": "AP-0214",
        "alt_name": {
          "en": "nav_projection_cabinet_0214"
        },
        "level_id": "41d0e8ca-d315-4b25-938c-7955db2daf2e",
        "wayfinding_type": "access_projection",
        "route_confirmed": true,
        "source": "col_12_cab_25",
        "sources": [
          "col_12_cab_25",
          "col_13_cab_02"
        ],
        "target": "path_015",
        "targets": [
          "path_015"
        ]
      }
    },
    {
      "id": "0a75f976-08e1-5493-9fa5-35f0513f120b",
      "type": "Feature",
      "feature_type": "navigation",
      "geometry": {
        "type": "Point",
        "coordinates": [
          -123.250842852999,
          49.263468416035
        ]
      },
      "properties": {
        "debug_id": "AP-0215",
        "alt_name": {
          "en": "nav_projection_cabinet_0215"
        },
        "level_id": "41d0e8ca-d315-4b25-938c-7955db2daf2e",
        "wayfinding_type": "access_projection",
        "route_confirmed": true,
        "source": "col_12_cab_24",
        "sources": [
          "col_12_cab_24",
          "col_13_cab_03"
        ],
        "target": "path_015",
        "targets": [
          "path_015"
        ]
      }
    },
    {
      "id": "f2737ac6-cf0b-5a4e-9ec6-46fee2e94960",
      "type": "Feature",
      "feature_type": "navigation",
      "geometry": {
        "type": "Point",
        "coordinates": [
          -123.250837739098,
          49.263461998163
        ]
      },
      "properties": {
        "debug_id": "AP-0216",
        "alt_name": {
          "en": "nav_projection_cabinet_0216"
        },
        "level_id": "41d0e8ca-d315-4b25-938c-7955db2daf2e",
        "wayfinding_type": "access_projection",
        "route_confirmed": true,
        "source": "col_12_cab_23",
        "sources": [
          "col_12_cab_23",
          "col_13_cab_04"
        ],
        "target": "path_015",
        "targets": [
          "path_015"
        ]
      }
    },
    {
      "id": "6e2fe500-1829-5e2f-86ea-6712d7f416fc",
      "type": "Feature",
      "feature_type": "navigation",
      "geometry": {
        "type": "Point",
        "coordinates": [
          -123.250832625197,
          49.263455580291
        ]
      },
      "properties": {
        "debug_id": "AP-0217",
        "alt_name": {
          "en": "nav_projection_cabinet_0217"
        },
        "level_id": "41d0e8ca-d315-4b25-938c-7955db2daf2e",
        "wayfinding_type": "access_projection",
        "route_confirmed": true,
        "source": "col_12_cab_22",
        "sources": [
          "col_12_cab_22",
          "col_13_cab_05"
        ],
        "target": "path_015",
        "targets": [
          "path_015"
        ]
      }
    },
    {
      "id": "df38697a-83ca-5b4f-a901-fd0cc4069dd2",
      "type": "Feature",
      "feature_type": "navigation",
      "geometry": {
        "type": "Point",
        "coordinates": [
          -123.250827511298,
          49.263449162418
        ]
      },
      "properties": {
        "debug_id": "AP-0218",
        "alt_name": {
          "en": "nav_projection_cabinet_0218"
        },
        "level_id": "41d0e8ca-d315-4b25-938c-7955db2daf2e",
        "wayfinding_type": "access_projection",
        "route_confirmed": true,
        "source": "col_12_cab_21",
        "sources": [
          "col_12_cab_21",
          "col_13_cab_06"
        ],
        "target": "path_015",
        "targets": [
          "path_015"
        ]
      }
    },
    {
      "id": "a1c37418-06dd-5eab-a315-c2a111777b24",
      "type": "Feature",
      "feature_type": "navigation",
      "geometry": {
        "type": "Point",
        "coordinates": [
          -123.2508223974,
          49.263442744544
        ]
      },
      "properties": {
        "debug_id": "AP-0219",
        "alt_name": {
          "en": "nav_projection_cabinet_0219"
        },
        "level_id": "41d0e8ca-d315-4b25-938c-7955db2daf2e",
        "wayfinding_type": "access_projection",
        "route_confirmed": true,
        "source": "col_12_cab_20",
        "sources": [
          "col_12_cab_20",
          "col_13_cab_07"
        ],
        "target": "path_015",
        "targets": [
          "path_015"
        ]
      }
    },
    {
      "id": "6329ac7c-86a6-50b4-bf40-36de985e5676",
      "type": "Feature",
      "feature_type": "navigation",
      "geometry": {
        "type": "Point",
        "coordinates": [
          -123.250817283502,
          49.263436326669
        ]
      },
      "properties": {
        "debug_id": "AP-0220",
        "alt_name": {
          "en": "nav_projection_cabinet_0220"
        },
        "level_id": "41d0e8ca-d315-4b25-938c-7955db2daf2e",
        "wayfinding_type": "access_projection",
        "route_confirmed": true,
        "source": "col_12_cab_19",
        "sources": [
          "col_12_cab_19",
          "col_13_cab_08"
        ],
        "target": "path_015",
        "targets": [
          "path_015"
        ]
      }
    },
    {
      "id": "a57d041f-4c55-588b-8188-b26734ec09a2",
      "type": "Feature",
      "feature_type": "navigation",
      "geometry": {
        "type": "Point",
        "coordinates": [
          -123.250812169605,
          49.263429908793
        ]
      },
      "properties": {
        "debug_id": "AP-0221",
        "alt_name": {
          "en": "nav_projection_cabinet_0221"
        },
        "level_id": "41d0e8ca-d315-4b25-938c-7955db2daf2e",
        "wayfinding_type": "access_projection",
        "route_confirmed": true,
        "source": "col_12_cab_18",
        "sources": [
          "col_12_cab_18",
          "col_13_cab_09"
        ],
        "target": "path_015",
        "targets": [
          "path_015"
        ]
      }
    },
    {
      "id": "03e2cdae-6bb0-57cc-9bbd-461059e06afc",
      "type": "Feature",
      "feature_type": "navigation",
      "geometry": {
        "type": "Point",
        "coordinates": [
          -123.250807006745,
          49.263423429468
        ]
      },
      "properties": {
        "debug_id": "AP-0222",
        "alt_name": {
          "en": "nav_projection_cabinet_0222"
        },
        "level_id": "41d0e8ca-d315-4b25-938c-7955db2daf2e",
        "wayfinding_type": "access_projection",
        "route_confirmed": true,
        "source": "col_12_cab_17",
        "sources": [
          "col_12_cab_17"
        ],
        "target": "path_015",
        "targets": [
          "path_015"
        ]
      }
    },
    {
      "id": "62122163-3cbd-5873-bc1c-2f2eeead1b79",
      "type": "Feature",
      "feature_type": "navigation",
      "geometry": {
        "type": "Point",
        "coordinates": [
          -123.25080189285,
          49.263417011591
        ]
      },
      "properties": {
        "debug_id": "AP-0223",
        "alt_name": {
          "en": "nav_projection_cabinet_0223"
        },
        "level_id": "41d0e8ca-d315-4b25-938c-7955db2daf2e",
        "wayfinding_type": "access_projection",
        "route_confirmed": true,
        "source": "col_12_cab_16",
        "sources": [
          "col_12_cab_16"
        ],
        "target": "path_015",
        "targets": [
          "path_015"
        ]
      }
    },
    {
      "id": "4ee9dbb4-8d8e-5696-b964-1d79072c148a",
      "type": "Feature",
      "feature_type": "navigation",
      "geometry": {
        "type": "Point",
        "coordinates": [
          -123.250796778956,
          49.263410593712
        ]
      },
      "properties": {
        "debug_id": "AP-0224",
        "alt_name": {
          "en": "nav_projection_cabinet_0224"
        },
        "level_id": "41d0e8ca-d315-4b25-938c-7955db2daf2e",
        "wayfinding_type": "access_projection",
        "route_confirmed": true,
        "source": "col_12_cab_15",
        "sources": [
          "col_12_cab_15"
        ],
        "target": "path_089",
        "targets": [
          "path_089"
        ]
      }
    },
    {
      "id": "3106d135-9e40-5308-a928-cdf11c128435",
      "type": "Feature",
      "feature_type": "navigation",
      "geometry": {
        "type": "Point",
        "coordinates": [
          -123.250791665062,
          49.263404175833
        ]
      },
      "properties": {
        "debug_id": "AP-0225",
        "alt_name": {
          "en": "nav_projection_cabinet_0225"
        },
        "level_id": "41d0e8ca-d315-4b25-938c-7955db2daf2e",
        "wayfinding_type": "access_projection",
        "route_confirmed": true,
        "source": "col_12_cab_14",
        "sources": [
          "col_12_cab_14"
        ],
        "target": "path_089",
        "targets": [
          "path_089"
        ]
      }
    },
    {
      "id": "1cfa3717-c044-5e69-acd4-bab994f3c1d4",
      "type": "Feature",
      "feature_type": "navigation",
      "geometry": {
        "type": "Point",
        "coordinates": [
          -123.250786551169,
          49.263397757953
        ]
      },
      "properties": {
        "debug_id": "AP-0226",
        "alt_name": {
          "en": "nav_projection_cabinet_0226"
        },
        "level_id": "41d0e8ca-d315-4b25-938c-7955db2daf2e",
        "wayfinding_type": "access_projection",
        "route_confirmed": true,
        "source": "col_12_cab_13",
        "sources": [
          "col_12_cab_13"
        ],
        "target": "path_089",
        "targets": [
          "path_089"
        ]
      }
    },
    {
      "id": "dfe4eb1c-80ee-512e-8211-91d8cdd7862c",
      "type": "Feature",
      "feature_type": "navigation",
      "geometry": {
        "type": "Point",
        "coordinates": [
          -123.250781437278,
          49.263391340072
        ]
      },
      "properties": {
        "debug_id": "AP-0227",
        "alt_name": {
          "en": "nav_projection_cabinet_0227"
        },
        "level_id": "41d0e8ca-d315-4b25-938c-7955db2daf2e",
        "wayfinding_type": "access_projection",
        "route_confirmed": true,
        "source": "col_12_cab_12",
        "sources": [
          "col_12_cab_12"
        ],
        "target": "path_089",
        "targets": [
          "path_089"
        ]
      }
    },
    {
      "id": "ed56504e-8816-5927-ba91-da111d25afa4",
      "type": "Feature",
      "feature_type": "navigation",
      "geometry": {
        "type": "Point",
        "coordinates": [
          -123.250776323386,
          49.26338492219
        ]
      },
      "properties": {
        "debug_id": "AP-0228",
        "alt_name": {
          "en": "nav_projection_cabinet_0228"
        },
        "level_id": "41d0e8ca-d315-4b25-938c-7955db2daf2e",
        "wayfinding_type": "access_projection",
        "route_confirmed": true,
        "source": "col_12_cab_11",
        "sources": [
          "col_12_cab_11"
        ],
        "target": "path_089",
        "targets": [
          "path_089"
        ]
      }
    },
    {
      "id": "b8a1c548-d7b7-5400-86cc-4069cd03ddd3",
      "type": "Feature",
      "feature_type": "navigation",
      "geometry": {
        "type": "Point",
        "coordinates": [
          -123.250771209496,
          49.263378504307
        ]
      },
      "properties": {
        "debug_id": "AP-0229",
        "alt_name": {
          "en": "nav_projection_cabinet_0229"
        },
        "level_id": "41d0e8ca-d315-4b25-938c-7955db2daf2e",
        "wayfinding_type": "access_projection",
        "route_confirmed": true,
        "source": "col_12_cab_10",
        "sources": [
          "col_12_cab_10"
        ],
        "target": "path_089",
        "targets": [
          "path_089"
        ]
      }
    },
    {
      "id": "a6f7b536-e19b-593e-aa56-8fbd3bb422ff",
      "type": "Feature",
      "feature_type": "navigation",
      "geometry": {
        "type": "Point",
        "coordinates": [
          -123.250766095607,
          49.263372086424
        ]
      },
      "properties": {
        "debug_id": "AP-0230",
        "alt_name": {
          "en": "nav_projection_cabinet_0230"
        },
        "level_id": "41d0e8ca-d315-4b25-938c-7955db2daf2e",
        "wayfinding_type": "access_projection",
        "route_confirmed": true,
        "source": "col_12_cab_09",
        "sources": [
          "col_12_cab_09"
        ],
        "target": "path_089",
        "targets": [
          "path_089"
        ]
      }
    },
    {
      "id": "086f0a3d-a8f9-559b-aa46-1b7ef03c5398",
      "type": "Feature",
      "feature_type": "navigation",
      "geometry": {
        "type": "Point",
        "coordinates": [
          -123.250733091296,
          49.263330666278
        ]
      },
      "properties": {
        "debug_id": "AP-0231",
        "alt_name": {
          "en": "nav_projection_cabinet_0231"
        },
        "level_id": "41d0e8ca-d315-4b25-938c-7955db2daf2e",
        "wayfinding_type": "access_projection",
        "route_confirmed": true,
        "source": "col_12_cab_08",
        "sources": [
          "col_12_cab_08",
          "col_13_cab_21"
        ],
        "target": "path_090",
        "targets": [
          "path_090"
        ]
      }
    },
    {
      "id": "37e1b012-35d2-5a6d-8da3-05f92d21dba7",
      "type": "Feature",
      "feature_type": "navigation",
      "geometry": {
        "type": "Point",
        "coordinates": [
          -123.250727977414,
          49.263324248389
        ]
      },
      "properties": {
        "debug_id": "AP-0232",
        "alt_name": {
          "en": "nav_projection_cabinet_0232"
        },
        "level_id": "41d0e8ca-d315-4b25-938c-7955db2daf2e",
        "wayfinding_type": "access_projection",
        "route_confirmed": true,
        "source": "col_12_cab_07",
        "sources": [
          "col_12_cab_07",
          "col_13_cab_22"
        ],
        "target": "path_090",
        "targets": [
          "path_090"
        ]
      }
    },
    {
      "id": "3aeb61e5-cbc9-5ab9-81fa-6cf92948629f",
      "type": "Feature",
      "feature_type": "navigation",
      "geometry": {
        "type": "Point",
        "coordinates": [
          -123.250722863532,
          49.263317830499
        ]
      },
      "properties": {
        "debug_id": "AP-0233",
        "alt_name": {
          "en": "nav_projection_cabinet_0233"
        },
        "level_id": "41d0e8ca-d315-4b25-938c-7955db2daf2e",
        "wayfinding_type": "access_projection",
        "route_confirmed": true,
        "source": "col_12_cab_06",
        "sources": [
          "col_12_cab_06",
          "col_13_cab_23"
        ],
        "target": "path_090",
        "targets": [
          "path_090"
        ]
      }
    },
    {
      "id": "c830ca78-a9ec-50f7-b9eb-ab0ab7ba1972",
      "type": "Feature",
      "feature_type": "navigation",
      "geometry": {
        "type": "Point",
        "coordinates": [
          -123.250717749651,
          49.263311412608
        ]
      },
      "properties": {
        "debug_id": "AP-0234",
        "alt_name": {
          "en": "nav_projection_cabinet_0234"
        },
        "level_id": "41d0e8ca-d315-4b25-938c-7955db2daf2e",
        "wayfinding_type": "access_projection",
        "route_confirmed": true,
        "source": "col_12_cab_05",
        "sources": [
          "col_12_cab_05",
          "col_13_cab_24"
        ],
        "target": "path_090",
        "targets": [
          "path_090"
        ]
      }
    },
    {
      "id": "7c088c00-16c2-5fa9-9aee-5f3b529d918e",
      "type": "Feature",
      "feature_type": "navigation",
      "geometry": {
        "type": "Point",
        "coordinates": [
          -123.250712635771,
          49.263304994716
        ]
      },
      "properties": {
        "debug_id": "AP-0235",
        "alt_name": {
          "en": "nav_projection_cabinet_0235"
        },
        "level_id": "41d0e8ca-d315-4b25-938c-7955db2daf2e",
        "wayfinding_type": "access_projection",
        "route_confirmed": true,
        "source": "col_12_cab_04",
        "sources": [
          "col_12_cab_04",
          "col_13_cab_25"
        ],
        "target": "path_090",
        "targets": [
          "path_090"
        ]
      }
    },
    {
      "id": "4690847a-7862-5398-83be-18c7aeffd332",
      "type": "Feature",
      "feature_type": "navigation",
      "geometry": {
        "type": "Point",
        "coordinates": [
          -123.250707521892,
          49.263298576824
        ]
      },
      "properties": {
        "debug_id": "AP-0236",
        "alt_name": {
          "en": "nav_projection_cabinet_0236"
        },
        "level_id": "41d0e8ca-d315-4b25-938c-7955db2daf2e",
        "wayfinding_type": "access_projection",
        "route_confirmed": true,
        "source": "col_12_cab_03",
        "sources": [
          "col_12_cab_03",
          "col_13_cab_26"
        ],
        "target": "path_090",
        "targets": [
          "path_090"
        ]
      }
    },
    {
      "id": "e4f91d64-9ad9-5cb5-9705-41a514ff54de",
      "type": "Feature",
      "feature_type": "navigation",
      "geometry": {
        "type": "Point",
        "coordinates": [
          -123.250702408013,
          49.26329215893
        ]
      },
      "properties": {
        "debug_id": "AP-0237",
        "alt_name": {
          "en": "nav_projection_cabinet_0237"
        },
        "level_id": "41d0e8ca-d315-4b25-938c-7955db2daf2e",
        "wayfinding_type": "access_projection",
        "route_confirmed": true,
        "source": "col_12_cab_02",
        "sources": [
          "col_12_cab_02",
          "col_13_cab_27"
        ],
        "target": "path_090",
        "targets": [
          "path_090"
        ]
      }
    },
    {
      "id": "dda091df-cc96-5cb0-aba8-ffa36df12e1c",
      "type": "Feature",
      "feature_type": "navigation",
      "geometry": {
        "type": "Point",
        "coordinates": [
          -123.250697294136,
          49.263285741036
        ]
      },
      "properties": {
        "debug_id": "AP-0238",
        "alt_name": {
          "en": "nav_projection_cabinet_0238"
        },
        "level_id": "41d0e8ca-d315-4b25-938c-7955db2daf2e",
        "wayfinding_type": "access_projection",
        "route_confirmed": true,
        "source": "col_12_cab_01",
        "sources": [
          "col_12_cab_01",
          "col_13_cab_28"
        ],
        "target": "path_090",
        "targets": [
          "path_090"
        ]
      }
    },
    {
      "id": "3a3089d2-d1b7-541e-9b7e-2117dcc324c3",
      "type": "Feature",
      "feature_type": "navigation",
      "geometry": {
        "type": "Point",
        "coordinates": [
          -123.250789393029,
          49.263401324455
        ]
      },
      "properties": {
        "debug_id": "AP-0248",
        "alt_name": {
          "en": "nav_projection_cabinet_0248"
        },
        "level_id": "41d0e8ca-d315-4b25-938c-7955db2daf2e",
        "wayfinding_type": "access_projection",
        "route_confirmed": true,
        "source": "col_13_cab_10",
        "sources": [
          "col_13_cab_10"
        ],
        "target": "path_089",
        "targets": [
          "path_089"
        ]
      }
    },
    {
      "id": "e029b80e-c2f0-564c-9dca-ab9ddd347b89",
      "type": "Feature",
      "feature_type": "navigation",
      "geometry": {
        "type": "Point",
        "coordinates": [
          -123.250784279136,
          49.263394906576
        ]
      },
      "properties": {
        "debug_id": "AP-0249",
        "alt_name": {
          "en": "nav_projection_cabinet_0249"
        },
        "level_id": "41d0e8ca-d315-4b25-938c-7955db2daf2e",
        "wayfinding_type": "access_projection",
        "route_confirmed": true,
        "source": "col_13_cab_11",
        "sources": [
          "col_13_cab_11"
        ],
        "target": "path_089",
        "targets": [
          "path_089"
        ]
      }
    },
    {
      "id": "df0c0be0-f1d6-5ebd-bbc1-34aec99cb518",
      "type": "Feature",
      "feature_type": "navigation",
      "geometry": {
        "type": "Point",
        "coordinates": [
          -123.250779165245,
          49.263388488695
        ]
      },
      "properties": {
        "debug_id": "AP-0250",
        "alt_name": {
          "en": "nav_projection_cabinet_0250"
        },
        "level_id": "41d0e8ca-d315-4b25-938c-7955db2daf2e",
        "wayfinding_type": "access_projection",
        "route_confirmed": true,
        "source": "col_13_cab_12",
        "sources": [
          "col_13_cab_12"
        ],
        "target": "path_089",
        "targets": [
          "path_089"
        ]
      }
    },
    {
      "id": "1c747a37-beda-5010-bf41-9c67568ee279",
      "type": "Feature",
      "feature_type": "navigation",
      "geometry": {
        "type": "Point",
        "coordinates": [
          -123.250774051355,
          49.263382070813
        ]
      },
      "properties": {
        "debug_id": "AP-0251",
        "alt_name": {
          "en": "nav_projection_cabinet_0251"
        },
        "level_id": "41d0e8ca-d315-4b25-938c-7955db2daf2e",
        "wayfinding_type": "access_projection",
        "route_confirmed": true,
        "source": "col_13_cab_13",
        "sources": [
          "col_13_cab_13"
        ],
        "target": "path_089",
        "targets": [
          "path_089"
        ]
      }
    },
    {
      "id": "b027477d-a1b8-5191-be8b-3b236becfa58",
      "type": "Feature",
      "feature_type": "navigation",
      "geometry": {
        "type": "Point",
        "coordinates": [
          -123.250768937465,
          49.263375652931
        ]
      },
      "properties": {
        "debug_id": "AP-0252",
        "alt_name": {
          "en": "nav_projection_cabinet_0252"
        },
        "level_id": "41d0e8ca-d315-4b25-938c-7955db2daf2e",
        "wayfinding_type": "access_projection",
        "route_confirmed": true,
        "source": "col_13_cab_14",
        "sources": [
          "col_13_cab_14"
        ],
        "target": "path_089",
        "targets": [
          "path_089"
        ]
      }
    },
    {
      "id": "5546a9a9-47ab-576b-b9ed-85a197a11c92",
      "type": "Feature",
      "feature_type": "navigation",
      "geometry": {
        "type": "Point",
        "coordinates": [
          -123.250763823577,
          49.263369235048
        ]
      },
      "properties": {
        "debug_id": "AP-0253",
        "alt_name": {
          "en": "nav_projection_cabinet_0253"
        },
        "level_id": "41d0e8ca-d315-4b25-938c-7955db2daf2e",
        "wayfinding_type": "access_projection",
        "route_confirmed": true,
        "source": "col_13_cab_15",
        "sources": [
          "col_13_cab_15"
        ],
        "target": "path_089",
        "targets": [
          "path_089"
        ]
      }
    },
    {
      "id": "e60a973c-e0cf-532f-89bb-6e3ae6d9a1bc",
      "type": "Feature",
      "feature_type": "navigation",
      "geometry": {
        "type": "Point",
        "coordinates": [
          -123.25075870969,
          49.263362817164
        ]
      },
      "properties": {
        "debug_id": "AP-0254",
        "alt_name": {
          "en": "nav_projection_cabinet_0254"
        },
        "level_id": "41d0e8ca-d315-4b25-938c-7955db2daf2e",
        "wayfinding_type": "access_projection",
        "route_confirmed": true,
        "source": "col_13_cab_16",
        "sources": [
          "col_13_cab_16"
        ],
        "target": "path_089",
        "targets": [
          "path_089"
        ]
      }
    },
    {
      "id": "4d8c319d-d105-526d-bfd6-46839a54c8c4",
      "type": "Feature",
      "feature_type": "navigation",
      "geometry": {
        "type": "Point",
        "coordinates": [
          -123.250753595802,
          49.263356399279
        ]
      },
      "properties": {
        "debug_id": "AP-0255",
        "alt_name": {
          "en": "nav_projection_cabinet_0255"
        },
        "level_id": "41d0e8ca-d315-4b25-938c-7955db2daf2e",
        "wayfinding_type": "access_projection",
        "route_confirmed": true,
        "source": "col_13_cab_17",
        "sources": [
          "col_13_cab_17"
        ],
        "target": "path_089",
        "targets": [
          "path_089"
        ]
      }
    },
    {
      "id": "be5f0fda-72a3-566a-b946-6c7260e83359",
      "type": "Feature",
      "feature_type": "navigation",
      "geometry": {
        "type": "Point",
        "coordinates": [
          -123.250748481917,
          49.263349981394
        ]
      },
      "properties": {
        "debug_id": "AP-0256",
        "alt_name": {
          "en": "nav_projection_cabinet_0256"
        },
        "level_id": "41d0e8ca-d315-4b25-938c-7955db2daf2e",
        "wayfinding_type": "access_projection",
        "route_confirmed": true,
        "source": "col_13_cab_18",
        "sources": [
          "col_13_cab_18"
        ],
        "target": "path_090",
        "targets": [
          "path_090"
        ]
      }
    },
    {
      "id": "95967518-c8d4-5599-9bcd-3e8d35f275ba",
      "type": "Feature",
      "feature_type": "navigation",
      "geometry": {
        "type": "Point",
        "coordinates": [
          -123.250743368032,
          49.263343563507
        ]
      },
      "properties": {
        "debug_id": "AP-0257",
        "alt_name": {
          "en": "nav_projection_cabinet_0257"
        },
        "level_id": "41d0e8ca-d315-4b25-938c-7955db2daf2e",
        "wayfinding_type": "access_projection",
        "route_confirmed": true,
        "source": "col_13_cab_19",
        "sources": [
          "col_13_cab_19"
        ],
        "target": "path_090",
        "targets": [
          "path_090"
        ]
      }
    },
    {
      "id": "3dbfde3d-dd6e-52a7-838e-f28d40cfa000",
      "type": "Feature",
      "feature_type": "navigation",
      "geometry": {
        "type": "Point",
        "coordinates": [
          -123.250738204991,
          49.26333708393
        ]
      },
      "properties": {
        "debug_id": "AP-0258",
        "alt_name": {
          "en": "nav_projection_cabinet_0258"
        },
        "level_id": "41d0e8ca-d315-4b25-938c-7955db2daf2e",
        "wayfinding_type": "access_projection",
        "route_confirmed": true,
        "source": "col_13_cab_20",
        "sources": [
          "col_13_cab_20",
          "di_12_05_L1",
          "di_12_05_L2",
          "di_12_05_L3",
          "di_12_05_top"
        ],
        "target": "path_090",
        "targets": [
          "path_090"
        ]
      }
    },
    {
      "id": "f03602a8-d693-58ba-9c7c-602eac71f2af",
      "type": "Feature",
      "feature_type": "navigation",
      "geometry": {
        "type": "Point",
        "coordinates": [
          -123.250821436691,
          49.263492272884
        ]
      },
      "properties": {
        "debug_id": "AP-0267",
        "alt_name": {
          "en": "nav_projection_cabinet_0267"
        },
        "level_id": "41d0e8ca-d315-4b25-938c-7955db2daf2e",
        "wayfinding_type": "access_projection",
        "route_confirmed": true,
        "source": "col_14_cab_28",
        "sources": [
          "col_14_cab_28",
          "col_15_cab_01",
          "hung_out_to_dry_artwork"
        ],
        "target": "path_017",
        "targets": [
          "path_017"
        ]
      }
    },
    {
      "id": "c742b350-1c60-50f1-bdaa-0eb23450cbb5",
      "type": "Feature",
      "feature_type": "navigation",
      "geometry": {
        "type": "Point",
        "coordinates": [
          -123.250816322791,
          49.263485855013
        ]
      },
      "properties": {
        "debug_id": "AP-0268",
        "alt_name": {
          "en": "nav_projection_cabinet_0268"
        },
        "level_id": "41d0e8ca-d315-4b25-938c-7955db2daf2e",
        "wayfinding_type": "access_projection",
        "route_confirmed": true,
        "source": "col_14_cab_27",
        "sources": [
          "col_14_cab_27",
          "col_15_cab_02"
        ],
        "target": "path_017",
        "targets": [
          "path_017"
        ]
      }
    },
    {
      "id": "8f74b782-63d0-58c7-aa88-f1e1edba8a06",
      "type": "Feature",
      "feature_type": "navigation",
      "geometry": {
        "type": "Point",
        "coordinates": [
          -123.250811208892,
          49.263479437142
        ]
      },
      "properties": {
        "debug_id": "AP-0269",
        "alt_name": {
          "en": "nav_projection_cabinet_0269"
        },
        "level_id": "41d0e8ca-d315-4b25-938c-7955db2daf2e",
        "wayfinding_type": "access_projection",
        "route_confirmed": true,
        "source": "col_14_cab_26",
        "sources": [
          "col_14_cab_26",
          "col_15_cab_03"
        ],
        "target": "path_017",
        "targets": [
          "path_017"
        ]
      }
    },
    {
      "id": "48cf9fa3-1a7b-5e03-be47-1c241cc15020",
      "type": "Feature",
      "feature_type": "navigation",
      "geometry": {
        "type": "Point",
        "coordinates": [
          -123.250806095188,
          49.263473019513
        ]
      },
      "properties": {
        "debug_id": "AP-0270",
        "alt_name": {
          "en": "nav_projection_cabinet_0270"
        },
        "level_id": "41d0e8ca-d315-4b25-938c-7955db2daf2e",
        "wayfinding_type": "access_projection",
        "route_confirmed": true,
        "source": "col_14_cab_25",
        "sources": [
          "col_14_cab_25",
          "di_15_06_L1",
          "di_15_06_L2",
          "di_15_06_L3",
          "di_15_06_top"
        ],
        "target": "path_017",
        "targets": [
          "path_017"
        ]
      }
    },
    {
      "id": "7f74039b-a8d2-570c-81a1-8ef36789148d",
      "type": "Feature",
      "feature_type": "navigation",
      "geometry": {
        "type": "Point",
        "coordinates": [
          -123.250800981097,
          49.263466601397
        ]
      },
      "properties": {
        "debug_id": "AP-0271",
        "alt_name": {
          "en": "nav_projection_cabinet_0271"
        },
        "level_id": "41d0e8ca-d315-4b25-938c-7955db2daf2e",
        "wayfinding_type": "access_projection",
        "route_confirmed": true,
        "source": "col_14_cab_24",
        "sources": [
          "col_14_cab_24",
          "col_15_cab_04"
        ],
        "target": "path_017",
        "targets": [
          "path_017"
        ]
      }
    },
    {
      "id": "8a94eb35-61b3-5db0-b241-d79a930b70a3",
      "type": "Feature",
      "feature_type": "navigation",
      "geometry": {
        "type": "Point",
        "coordinates": [
          -123.250795867202,
          49.263460183523
        ]
      },
      "properties": {
        "debug_id": "AP-0272",
        "alt_name": {
          "en": "nav_projection_cabinet_0272"
        },
        "level_id": "41d0e8ca-d315-4b25-938c-7955db2daf2e",
        "wayfinding_type": "access_projection",
        "route_confirmed": true,
        "source": "col_14_cab_23",
        "sources": [
          "col_14_cab_23",
          "col_15_cab_05"
        ],
        "target": "path_017",
        "targets": [
          "path_017"
        ]
      }
    },
    {
      "id": "49d0d10b-7635-5ea8-b292-0e316f4af015",
      "type": "Feature",
      "feature_type": "navigation",
      "geometry": {
        "type": "Point",
        "coordinates": [
          -123.250790753307,
          49.263453765648
        ]
      },
      "properties": {
        "debug_id": "AP-0273",
        "alt_name": {
          "en": "nav_projection_cabinet_0273"
        },
        "level_id": "41d0e8ca-d315-4b25-938c-7955db2daf2e",
        "wayfinding_type": "access_projection",
        "route_confirmed": true,
        "source": "col_14_cab_22",
        "sources": [
          "col_14_cab_22",
          "col_15_cab_06"
        ],
        "target": "path_017",
        "targets": [
          "path_017"
        ]
      }
    },
    {
      "id": "a565b6d6-2cca-5b38-a2b7-4d8a1a2792af",
      "type": "Feature",
      "feature_type": "navigation",
      "geometry": {
        "type": "Point",
        "coordinates": [
          -123.250785639412,
          49.263447347772
        ]
      },
      "properties": {
        "debug_id": "AP-0274",
        "alt_name": {
          "en": "nav_projection_cabinet_0274"
        },
        "level_id": "41d0e8ca-d315-4b25-938c-7955db2daf2e",
        "wayfinding_type": "access_projection",
        "route_confirmed": true,
        "source": "col_14_cab_21",
        "sources": [
          "col_14_cab_21",
          "col_15_cab_07"
        ],
        "target": "path_017",
        "targets": [
          "path_017"
        ]
      }
    },
    {
      "id": "8e54713e-e569-592d-b532-ba958734301f",
      "type": "Feature",
      "feature_type": "navigation",
      "geometry": {
        "type": "Point",
        "coordinates": [
          -123.25078052552,
          49.263440929897
        ]
      },
      "properties": {
        "debug_id": "AP-0275",
        "alt_name": {
          "en": "nav_projection_cabinet_0275"
        },
        "level_id": "41d0e8ca-d315-4b25-938c-7955db2daf2e",
        "wayfinding_type": "access_projection",
        "route_confirmed": true,
        "source": "col_14_cab_20",
        "sources": [
          "col_14_cab_20",
          "col_15_cab_08"
        ],
        "target": "path_017",
        "targets": [
          "path_017"
        ]
      }
    },
    {
      "id": "9858fea9-9661-5204-840c-5b753cc203a7",
      "type": "Feature",
      "feature_type": "navigation",
      "geometry": {
        "type": "Point",
        "coordinates": [
          -123.250757699993,
          49.263412284105
        ]
      },
      "properties": {
        "debug_id": "AP-0276",
        "alt_name": {
          "en": "nav_projection_cabinet_0276"
        },
        "level_id": "41d0e8ca-d315-4b25-938c-7955db2daf2e",
        "wayfinding_type": "access_projection",
        "route_confirmed": true,
        "source": "col_14_cab_19",
        "sources": [
          "col_14_cab_19",
          "col_15_cab_09"
        ],
        "target": "path_096",
        "targets": [
          "path_096"
        ]
      }
    },
    {
      "id": "061a39ab-d208-5025-8b89-72bfebdcc65d",
      "type": "Feature",
      "feature_type": "navigation",
      "geometry": {
        "type": "Point",
        "coordinates": [
          -123.250752586105,
          49.263405866224
        ]
      },
      "properties": {
        "debug_id": "AP-0277",
        "alt_name": {
          "en": "nav_projection_cabinet_0277"
        },
        "level_id": "41d0e8ca-d315-4b25-938c-7955db2daf2e",
        "wayfinding_type": "access_projection",
        "route_confirmed": true,
        "source": "col_14_cab_18",
        "sources": [
          "col_14_cab_18",
          "col_15_cab_10"
        ],
        "target": "path_096",
        "targets": [
          "path_096"
        ]
      }
    },
    {
      "id": "3328b086-5c56-51c4-8d9d-96eb6389e3a5",
      "type": "Feature",
      "feature_type": "navigation",
      "geometry": {
        "type": "Point",
        "coordinates": [
          -123.250747472217,
          49.263399448342
        ]
      },
      "properties": {
        "debug_id": "AP-0278",
        "alt_name": {
          "en": "nav_projection_cabinet_0278"
        },
        "level_id": "41d0e8ca-d315-4b25-938c-7955db2daf2e",
        "wayfinding_type": "access_projection",
        "route_confirmed": true,
        "source": "col_14_cab_17",
        "sources": [
          "col_14_cab_17",
          "col_15_cab_11"
        ],
        "target": "path_096",
        "targets": [
          "path_096"
        ]
      }
    },
    {
      "id": "46a55cb4-f0f3-50f4-870b-4bd4319d0309",
      "type": "Feature",
      "feature_type": "navigation",
      "geometry": {
        "type": "Point",
        "coordinates": [
          -123.25074235833,
          49.26339303046
        ]
      },
      "properties": {
        "debug_id": "AP-0279",
        "alt_name": {
          "en": "nav_projection_cabinet_0279"
        },
        "level_id": "41d0e8ca-d315-4b25-938c-7955db2daf2e",
        "wayfinding_type": "access_projection",
        "route_confirmed": true,
        "source": "col_14_cab_16",
        "sources": [
          "col_14_cab_16",
          "col_15_cab_12"
        ],
        "target": "path_096",
        "targets": [
          "path_096"
        ]
      }
    },
    {
      "id": "2c469b95-1847-5acc-9154-b953169857d7",
      "type": "Feature",
      "feature_type": "navigation",
      "geometry": {
        "type": "Point",
        "coordinates": [
          -123.250737244444,
          49.263386612576
        ]
      },
      "properties": {
        "debug_id": "AP-0280",
        "alt_name": {
          "en": "nav_projection_cabinet_0280"
        },
        "level_id": "41d0e8ca-d315-4b25-938c-7955db2daf2e",
        "wayfinding_type": "access_projection",
        "route_confirmed": true,
        "source": "col_14_cab_15",
        "sources": [
          "col_14_cab_15",
          "col_15_cab_13"
        ],
        "target": "path_096",
        "targets": [
          "path_096"
        ]
      }
    },
    {
      "id": "2eec5bfa-13d6-5508-8681-8014c3be4a0d",
      "type": "Feature",
      "feature_type": "navigation",
      "geometry": {
        "type": "Point",
        "coordinates": [
          -123.250732130559,
          49.263380194693
        ]
      },
      "properties": {
        "debug_id": "AP-0281",
        "alt_name": {
          "en": "nav_projection_cabinet_0281"
        },
        "level_id": "41d0e8ca-d315-4b25-938c-7955db2daf2e",
        "wayfinding_type": "access_projection",
        "route_confirmed": true,
        "source": "col_14_cab_14",
        "sources": [
          "col_14_cab_14",
          "col_15_cab_14"
        ],
        "target": "path_096",
        "targets": [
          "path_096"
        ]
      }
    },
    {
      "id": "f75661b0-1296-5334-b85c-891a319b206c",
      "type": "Feature",
      "feature_type": "navigation",
      "geometry": {
        "type": "Point",
        "coordinates": [
          -123.250727016674,
          49.263373776807
        ]
      },
      "properties": {
        "debug_id": "AP-0282",
        "alt_name": {
          "en": "nav_projection_cabinet_0282"
        },
        "level_id": "41d0e8ca-d315-4b25-938c-7955db2daf2e",
        "wayfinding_type": "access_projection",
        "route_confirmed": true,
        "source": "col_14_cab_13",
        "sources": [
          "col_14_cab_13",
          "col_15_cab_15"
        ],
        "target": "path_096",
        "targets": [
          "path_096"
        ]
      }
    },
    {
      "id": "2c6abc2f-aa61-5b3e-bb81-ce225dcd66bb",
      "type": "Feature",
      "feature_type": "navigation",
      "geometry": {
        "type": "Point",
        "coordinates": [
          -123.250721902791,
          49.263367358921
        ]
      },
      "properties": {
        "debug_id": "AP-0283",
        "alt_name": {
          "en": "nav_projection_cabinet_0283"
        },
        "level_id": "41d0e8ca-d315-4b25-938c-7955db2daf2e",
        "wayfinding_type": "access_projection",
        "route_confirmed": true,
        "source": "col_14_cab_12",
        "sources": [
          "col_14_cab_12",
          "col_15_cab_16"
        ],
        "target": "path_096",
        "targets": [
          "path_096"
        ]
      }
    },
    {
      "id": "ab220266-68ea-54db-a6b4-2f3ffc361d5e",
      "type": "Feature",
      "feature_type": "navigation",
      "geometry": {
        "type": "Point",
        "coordinates": [
          -123.250716788908,
          49.263360941035
        ]
      },
      "properties": {
        "debug_id": "AP-0284",
        "alt_name": {
          "en": "nav_projection_cabinet_0284"
        },
        "level_id": "41d0e8ca-d315-4b25-938c-7955db2daf2e",
        "wayfinding_type": "access_projection",
        "route_confirmed": true,
        "source": "col_14_cab_11",
        "sources": [
          "col_14_cab_11",
          "col_15_cab_17"
        ],
        "target": "path_096",
        "targets": [
          "path_096"
        ]
      }
    },
    {
      "id": "034702ae-3be6-547d-bafe-fc27cca08f70",
      "type": "Feature",
      "feature_type": "navigation",
      "geometry": {
        "type": "Point",
        "coordinates": [
          -123.250711675026,
          49.263354523147
        ]
      },
      "properties": {
        "debug_id": "AP-0285",
        "alt_name": {
          "en": "nav_projection_cabinet_0285"
        },
        "level_id": "41d0e8ca-d315-4b25-938c-7955db2daf2e",
        "wayfinding_type": "access_projection",
        "route_confirmed": true,
        "source": "col_14_cab_10",
        "sources": [
          "col_14_cab_10",
          "col_15_cab_18"
        ],
        "target": "path_096",
        "targets": [
          "path_096"
        ]
      }
    },
    {
      "id": "72fdf5bf-720c-5ebb-a158-871f0200c644",
      "type": "Feature",
      "feature_type": "navigation",
      "geometry": {
        "type": "Point",
        "coordinates": [
          -123.250706561145,
          49.263348105259
        ]
      },
      "properties": {
        "debug_id": "AP-0286",
        "alt_name": {
          "en": "nav_projection_cabinet_0286"
        },
        "level_id": "41d0e8ca-d315-4b25-938c-7955db2daf2e",
        "wayfinding_type": "access_projection",
        "route_confirmed": true,
        "source": "col_14_cab_09",
        "sources": [
          "col_14_cab_09",
          "col_15_cab_19"
        ],
        "target": "path_096",
        "targets": [
          "path_096"
        ]
      }
    },
    {
      "id": "135a51a7-27bd-5702-8471-de9d49eb8d86",
      "type": "Feature",
      "feature_type": "navigation",
      "geometry": {
        "type": "Point",
        "coordinates": [
          -123.250701447265,
          49.26334168737
        ]
      },
      "properties": {
        "debug_id": "AP-0287",
        "alt_name": {
          "en": "nav_projection_cabinet_0287"
        },
        "level_id": "41d0e8ca-d315-4b25-938c-7955db2daf2e",
        "wayfinding_type": "access_projection",
        "route_confirmed": true,
        "source": "col_14_cab_08",
        "sources": [
          "col_14_cab_08",
          "col_15_cab_20"
        ],
        "target": "path_096",
        "targets": [
          "path_096"
        ]
      }
    },
    {
      "id": "ea5c3963-46a1-54a4-b72f-9c1cdbfffb36",
      "type": "Feature",
      "feature_type": "navigation",
      "geometry": {
        "type": "Point",
        "coordinates": [
          -123.250696333386,
          49.26333526948
        ]
      },
      "properties": {
        "debug_id": "AP-0288",
        "alt_name": {
          "en": "nav_projection_cabinet_0288"
        },
        "level_id": "41d0e8ca-d315-4b25-938c-7955db2daf2e",
        "wayfinding_type": "access_projection",
        "route_confirmed": true,
        "source": "col_14_cab_07",
        "sources": [
          "col_14_cab_07",
          "col_15_cab_21"
        ],
        "target": "path_096",
        "targets": [
          "path_096"
        ]
      }
    },
    {
      "id": "789362bf-723d-5b3b-bbdb-3cd1368adc87",
      "type": "Feature",
      "feature_type": "navigation",
      "geometry": {
        "type": "Point",
        "coordinates": [
          -123.250691219508,
          49.263328851589
        ]
      },
      "properties": {
        "debug_id": "AP-0289",
        "alt_name": {
          "en": "nav_projection_cabinet_0289"
        },
        "level_id": "41d0e8ca-d315-4b25-938c-7955db2daf2e",
        "wayfinding_type": "access_projection",
        "route_confirmed": true,
        "source": "col_14_cab_06",
        "sources": [
          "col_14_cab_06",
          "col_15_cab_22"
        ],
        "target": "path_096",
        "targets": [
          "path_096"
        ]
      }
    },
    {
      "id": "90a9f446-49ed-55a8-9ac0-3af5e865fba4",
      "type": "Feature",
      "feature_type": "navigation",
      "geometry": {
        "type": "Point",
        "coordinates": [
          -123.25068610563,
          49.263322433697
        ]
      },
      "properties": {
        "debug_id": "AP-0290",
        "alt_name": {
          "en": "nav_projection_cabinet_0290"
        },
        "level_id": "41d0e8ca-d315-4b25-938c-7955db2daf2e",
        "wayfinding_type": "access_projection",
        "route_confirmed": true,
        "source": "col_14_cab_05",
        "sources": [
          "col_14_cab_05",
          "col_15_cab_23"
        ],
        "target": "path_096",
        "targets": [
          "path_096"
        ]
      }
    },
    {
      "id": "0a6e186c-0972-5614-b16f-f284f39921e4",
      "type": "Feature",
      "feature_type": "navigation",
      "geometry": {
        "type": "Point",
        "coordinates": [
          -123.250680991947,
          49.263316016048
        ]
      },
      "properties": {
        "debug_id": "AP-0291",
        "alt_name": {
          "en": "nav_projection_cabinet_0291"
        },
        "level_id": "41d0e8ca-d315-4b25-938c-7955db2daf2e",
        "wayfinding_type": "access_projection",
        "route_confirmed": true,
        "source": "col_14_cab_04",
        "sources": [
          "col_14_cab_04",
          "di_15_07_L1",
          "di_15_07_L2",
          "di_15_07_L3",
          "di_15_07_top"
        ],
        "target": "path_096",
        "targets": [
          "path_096"
        ]
      }
    },
    {
      "id": "862495b8-4b07-5e45-a19d-c8d98b036656",
      "type": "Feature",
      "feature_type": "navigation",
      "geometry": {
        "type": "Point",
        "coordinates": [
          -123.250675877877,
          49.263309597912
        ]
      },
      "properties": {
        "debug_id": "AP-0292",
        "alt_name": {
          "en": "nav_projection_cabinet_0292"
        },
        "level_id": "41d0e8ca-d315-4b25-938c-7955db2daf2e",
        "wayfinding_type": "access_projection",
        "route_confirmed": true,
        "source": "col_14_cab_03",
        "sources": [
          "col_14_cab_03",
          "col_15_cab_24"
        ],
        "target": "path_096",
        "targets": [
          "path_096"
        ]
      }
    },
    {
      "id": "0e57f13f-3258-573d-86b8-a35fc28086a1",
      "type": "Feature",
      "feature_type": "navigation",
      "geometry": {
        "type": "Point",
        "coordinates": [
          -123.250670764003,
          49.263303180018
        ]
      },
      "properties": {
        "debug_id": "AP-0293",
        "alt_name": {
          "en": "nav_projection_cabinet_0293"
        },
        "level_id": "41d0e8ca-d315-4b25-938c-7955db2daf2e",
        "wayfinding_type": "access_projection",
        "route_confirmed": true,
        "source": "col_14_cab_02",
        "sources": [
          "col_14_cab_02",
          "col_15_cab_25"
        ],
        "target": "path_096",
        "targets": [
          "path_096"
        ]
      }
    },
    {
      "id": "c9a851fe-ee6e-55ae-9dd1-90df097ebdd5",
      "type": "Feature",
      "feature_type": "navigation",
      "geometry": {
        "type": "Point",
        "coordinates": [
          -123.250665650128,
          49.263296762123
        ]
      },
      "properties": {
        "debug_id": "AP-0294",
        "alt_name": {
          "en": "nav_projection_cabinet_0294"
        },
        "level_id": "41d0e8ca-d315-4b25-938c-7955db2daf2e",
        "wayfinding_type": "access_projection",
        "route_confirmed": true,
        "source": "col_14_cab_01",
        "sources": [
          "col_14_cab_01",
          "col_15_cab_26"
        ],
        "target": "path_096",
        "targets": [
          "path_096"
        ]
      }
    },
    {
      "id": "8449aa27-cd1e-5837-94b8-37ac24eff0f9",
      "type": "Feature",
      "feature_type": "navigation",
      "geometry": {
        "type": "Point",
        "coordinates": [
          -123.250790015393,
          49.263503206492
        ]
      },
      "properties": {
        "debug_id": "AP-0321",
        "alt_name": {
          "en": "nav_projection_cabinet_0321"
        },
        "level_id": "41d0e8ca-d315-4b25-938c-7955db2daf2e",
        "wayfinding_type": "access_projection",
        "route_confirmed": true,
        "source": "col_16_cab_26",
        "sources": [
          "col_16_cab_26",
          "col_17_cab_01"
        ],
        "target": "path_019",
        "targets": [
          "path_019"
        ]
      }
    },
    {
      "id": "9bec7125-e3ba-5390-81c5-949ffcf3b714",
      "type": "Feature",
      "feature_type": "navigation",
      "geometry": {
        "type": "Point",
        "coordinates": [
          -123.250784901497,
          49.263496788621
        ]
      },
      "properties": {
        "debug_id": "AP-0322",
        "alt_name": {
          "en": "nav_projection_cabinet_0322"
        },
        "level_id": "41d0e8ca-d315-4b25-938c-7955db2daf2e",
        "wayfinding_type": "access_projection",
        "route_confirmed": true,
        "source": "col_16_cab_25",
        "sources": [
          "col_16_cab_25",
          "col_17_cab_02"
        ],
        "target": "path_019",
        "targets": [
          "path_019"
        ]
      }
    },
    {
      "id": "9c45aa7c-9be3-502b-a59f-3667b82beaa4",
      "type": "Feature",
      "feature_type": "navigation",
      "geometry": {
        "type": "Point",
        "coordinates": [
          -123.250779787602,
          49.263490370749
        ]
      },
      "properties": {
        "debug_id": "AP-0323",
        "alt_name": {
          "en": "nav_projection_cabinet_0323"
        },
        "level_id": "41d0e8ca-d315-4b25-938c-7955db2daf2e",
        "wayfinding_type": "access_projection",
        "route_confirmed": true,
        "source": "col_16_cab_24",
        "sources": [
          "col_16_cab_24",
          "col_17_cab_03"
        ],
        "target": "path_019",
        "targets": [
          "path_019"
        ]
      }
    },
    {
      "id": "7ed369c3-356a-5a3b-bf51-97ee38a7499c",
      "type": "Feature",
      "feature_type": "navigation",
      "geometry": {
        "type": "Point",
        "coordinates": [
          -123.250769559815,
          49.263477535003
        ]
      },
      "properties": {
        "debug_id": "AP-0324",
        "alt_name": {
          "en": "nav_projection_cabinet_0324"
        },
        "level_id": "41d0e8ca-d315-4b25-938c-7955db2daf2e",
        "wayfinding_type": "access_projection",
        "route_confirmed": true,
        "source": "col_16_cab_23",
        "sources": [
          "col_16_cab_23",
          "col_17_cab_04"
        ],
        "target": "path_097",
        "targets": [
          "path_097"
        ]
      }
    },
    {
      "id": "867db529-3a0c-5e56-9837-fde33e6365bc",
      "type": "Feature",
      "feature_type": "navigation",
      "geometry": {
        "type": "Point",
        "coordinates": [
          -123.250764445922,
          49.263471117128
        ]
      },
      "properties": {
        "debug_id": "AP-0325",
        "alt_name": {
          "en": "nav_projection_cabinet_0325"
        },
        "level_id": "41d0e8ca-d315-4b25-938c-7955db2daf2e",
        "wayfinding_type": "access_projection",
        "route_confirmed": true,
        "source": "col_16_cab_22",
        "sources": [
          "col_16_cab_22",
          "col_17_cab_05"
        ],
        "target": "path_097",
        "targets": [
          "path_097"
        ]
      }
    },
    {
      "id": "75421550-f6be-5074-a4c5-0e0e833d0194",
      "type": "Feature",
      "feature_type": "navigation",
      "geometry": {
        "type": "Point",
        "coordinates": [
          -123.250759332031,
          49.263464699253
        ]
      },
      "properties": {
        "debug_id": "AP-0326",
        "alt_name": {
          "en": "nav_projection_cabinet_0326"
        },
        "level_id": "41d0e8ca-d315-4b25-938c-7955db2daf2e",
        "wayfinding_type": "access_projection",
        "route_confirmed": true,
        "source": "col_16_cab_21",
        "sources": [
          "col_16_cab_21",
          "col_17_cab_06"
        ],
        "target": "path_097",
        "targets": [
          "path_097"
        ]
      }
    },
    {
      "id": "4a78fe4c-c31c-5bff-b650-5b401834a42f",
      "type": "Feature",
      "feature_type": "navigation",
      "geometry": {
        "type": "Point",
        "coordinates": [
          -123.250754218141,
          49.263458281377
        ]
      },
      "properties": {
        "debug_id": "AP-0327",
        "alt_name": {
          "en": "nav_projection_cabinet_0327"
        },
        "level_id": "41d0e8ca-d315-4b25-938c-7955db2daf2e",
        "wayfinding_type": "access_projection",
        "route_confirmed": true,
        "source": "col_16_cab_20",
        "sources": [
          "col_16_cab_20",
          "col_17_cab_07"
        ],
        "target": "path_097",
        "targets": [
          "path_097"
        ]
      }
    },
    {
      "id": "1698f975-fa72-506e-91a7-fb7a6ed6a1ac",
      "type": "Feature",
      "feature_type": "navigation",
      "geometry": {
        "type": "Point",
        "coordinates": [
          -123.250749104251,
          49.2634518635
        ]
      },
      "properties": {
        "debug_id": "AP-0328",
        "alt_name": {
          "en": "nav_projection_cabinet_0328"
        },
        "level_id": "41d0e8ca-d315-4b25-938c-7955db2daf2e",
        "wayfinding_type": "access_projection",
        "route_confirmed": true,
        "source": "col_16_cab_19",
        "sources": [
          "col_16_cab_19",
          "col_17_cab_08"
        ],
        "target": "path_097",
        "targets": [
          "path_097"
        ]
      }
    },
    {
      "id": "ac4a3d22-715b-5e89-8325-909442a8369f",
      "type": "Feature",
      "feature_type": "navigation",
      "geometry": {
        "type": "Point",
        "coordinates": [
          -123.250726229764,
          49.263423156241
        ]
      },
      "properties": {
        "debug_id": "AP-0329",
        "alt_name": {
          "en": "nav_projection_cabinet_0329"
        },
        "level_id": "41d0e8ca-d315-4b25-938c-7955db2daf2e",
        "wayfinding_type": "access_projection",
        "route_confirmed": true,
        "source": "col_16_cab_18",
        "sources": [
          "col_16_cab_18"
        ],
        "target": "path_099",
        "targets": [
          "path_099"
        ]
      }
    },
    {
      "id": "228e87c6-c702-5463-b665-be84456331a0",
      "type": "Feature",
      "feature_type": "navigation",
      "geometry": {
        "type": "Point",
        "coordinates": [
          -123.250721115879,
          49.26341673836
        ]
      },
      "properties": {
        "debug_id": "AP-0330",
        "alt_name": {
          "en": "nav_projection_cabinet_0330"
        },
        "level_id": "41d0e8ca-d315-4b25-938c-7955db2daf2e",
        "wayfinding_type": "access_projection",
        "route_confirmed": true,
        "source": "col_16_cab_17",
        "sources": [
          "col_16_cab_17"
        ],
        "target": "path_099",
        "targets": [
          "path_099"
        ]
      }
    },
    {
      "id": "bd09e4ce-de53-5c9d-ba39-8c58b22f5a85",
      "type": "Feature",
      "feature_type": "navigation",
      "geometry": {
        "type": "Point",
        "coordinates": [
          -123.250716001995,
          49.263410320477
        ]
      },
      "properties": {
        "debug_id": "AP-0331",
        "alt_name": {
          "en": "nav_projection_cabinet_0331"
        },
        "level_id": "41d0e8ca-d315-4b25-938c-7955db2daf2e",
        "wayfinding_type": "access_projection",
        "route_confirmed": true,
        "source": "col_16_cab_16",
        "sources": [
          "col_16_cab_16"
        ],
        "target": "path_099",
        "targets": [
          "path_099"
        ]
      }
    },
    {
      "id": "a5e1989a-700f-5e76-8edd-39f73779b5a7",
      "type": "Feature",
      "feature_type": "navigation",
      "geometry": {
        "type": "Point",
        "coordinates": [
          -123.250710888111,
          49.263403902594
        ]
      },
      "properties": {
        "debug_id": "AP-0332",
        "alt_name": {
          "en": "nav_projection_cabinet_0332"
        },
        "level_id": "41d0e8ca-d315-4b25-938c-7955db2daf2e",
        "wayfinding_type": "access_projection",
        "route_confirmed": true,
        "source": "col_16_cab_15",
        "sources": [
          "col_16_cab_15"
        ],
        "target": "path_099",
        "targets": [
          "path_099"
        ]
      }
    },
    {
      "id": "b9000914-4675-51dc-8ca7-e7e721b4c239",
      "type": "Feature",
      "feature_type": "navigation",
      "geometry": {
        "type": "Point",
        "coordinates": [
          -123.250705774228,
          49.26339748471
        ]
      },
      "properties": {
        "debug_id": "AP-0333",
        "alt_name": {
          "en": "nav_projection_cabinet_0333"
        },
        "level_id": "41d0e8ca-d315-4b25-938c-7955db2daf2e",
        "wayfinding_type": "access_projection",
        "route_confirmed": true,
        "source": "col_16_cab_14",
        "sources": [
          "col_16_cab_14"
        ],
        "target": "path_099",
        "targets": [
          "path_099"
        ]
      }
    },
    {
      "id": "585440b6-4df7-5162-9d0c-dbfab35f1932",
      "type": "Feature",
      "feature_type": "navigation",
      "geometry": {
        "type": "Point",
        "coordinates": [
          -123.250700660347,
          49.263391066825
        ]
      },
      "properties": {
        "debug_id": "AP-0334",
        "alt_name": {
          "en": "nav_projection_cabinet_0334"
        },
        "level_id": "41d0e8ca-d315-4b25-938c-7955db2daf2e",
        "wayfinding_type": "access_projection",
        "route_confirmed": true,
        "source": "col_16_cab_13",
        "sources": [
          "col_16_cab_13"
        ],
        "target": "path_099",
        "targets": [
          "path_099"
        ]
      }
    },
    {
      "id": "a789fe1f-1e79-5a97-a492-af821c4e5826",
      "type": "Feature",
      "feature_type": "navigation",
      "geometry": {
        "type": "Point",
        "coordinates": [
          -123.250695546466,
          49.263384648939
        ]
      },
      "properties": {
        "debug_id": "AP-0335",
        "alt_name": {
          "en": "nav_projection_cabinet_0335"
        },
        "level_id": "41d0e8ca-d315-4b25-938c-7955db2daf2e",
        "wayfinding_type": "access_projection",
        "route_confirmed": true,
        "source": "col_16_cab_12",
        "sources": [
          "col_16_cab_12"
        ],
        "target": "path_099",
        "targets": [
          "path_099"
        ]
      }
    },
    {
      "id": "27c682a5-ba9a-5763-a65d-8bf92a265bd6",
      "type": "Feature",
      "feature_type": "navigation",
      "geometry": {
        "type": "Point",
        "coordinates": [
          -123.250690432585,
          49.263378231052
        ]
      },
      "properties": {
        "debug_id": "AP-0336",
        "alt_name": {
          "en": "nav_projection_cabinet_0336"
        },
        "level_id": "41d0e8ca-d315-4b25-938c-7955db2daf2e",
        "wayfinding_type": "access_projection",
        "route_confirmed": true,
        "source": "col_16_cab_11",
        "sources": [
          "col_16_cab_11"
        ],
        "target": "path_099",
        "targets": [
          "path_099"
        ]
      }
    },
    {
      "id": "d562b1e1-485e-54af-adc5-48a6877420d0",
      "type": "Feature",
      "feature_type": "navigation",
      "geometry": {
        "type": "Point",
        "coordinates": [
          -123.250685318706,
          49.263371813165
        ]
      },
      "properties": {
        "debug_id": "AP-0337",
        "alt_name": {
          "en": "nav_projection_cabinet_0337"
        },
        "level_id": "41d0e8ca-d315-4b25-938c-7955db2daf2e",
        "wayfinding_type": "access_projection",
        "route_confirmed": true,
        "source": "col_16_cab_10",
        "sources": [
          "col_16_cab_10"
        ],
        "target": "path_106",
        "targets": [
          "path_106"
        ]
      }
    },
    {
      "id": "d8416841-e43d-513e-9f8c-1a377cf8213a",
      "type": "Feature",
      "feature_type": "navigation",
      "geometry": {
        "type": "Point",
        "coordinates": [
          -123.250680204828,
          49.263365395276
        ]
      },
      "properties": {
        "debug_id": "AP-0338",
        "alt_name": {
          "en": "nav_projection_cabinet_0338"
        },
        "level_id": "41d0e8ca-d315-4b25-938c-7955db2daf2e",
        "wayfinding_type": "access_projection",
        "route_confirmed": true,
        "source": "col_16_cab_09",
        "sources": [
          "col_16_cab_09"
        ],
        "target": "path_106",
        "targets": [
          "path_106"
        ]
      }
    },
    {
      "id": "568f2cab-37ea-5e8b-9a2f-1ec39fd8b2eb",
      "type": "Feature",
      "feature_type": "navigation",
      "geometry": {
        "type": "Point",
        "coordinates": [
          -123.250675103885,
          49.26335899362
        ]
      },
      "properties": {
        "debug_id": "AP-0339",
        "alt_name": {
          "en": "nav_projection_cabinet_0339"
        },
        "level_id": "41d0e8ca-d315-4b25-938c-7955db2daf2e",
        "wayfinding_type": "access_projection",
        "route_confirmed": true,
        "source": "col_16_cab_08",
        "sources": [
          "col_16_cab_08",
          "col_17_cab_09"
        ],
        "target": "path_106",
        "targets": [
          "path_106"
        ]
      }
    },
    {
      "id": "73509169-5e70-545a-a816-69f0244beada",
      "type": "Feature",
      "feature_type": "navigation",
      "geometry": {
        "type": "Point",
        "coordinates": [
          -123.250669990009,
          49.26335257573
        ]
      },
      "properties": {
        "debug_id": "AP-0340",
        "alt_name": {
          "en": "nav_projection_cabinet_0340"
        },
        "level_id": "41d0e8ca-d315-4b25-938c-7955db2daf2e",
        "wayfinding_type": "access_projection",
        "route_confirmed": true,
        "source": "col_16_cab_07",
        "sources": [
          "col_16_cab_07",
          "col_17_cab_10"
        ],
        "target": "path_106",
        "targets": [
          "path_106"
        ]
      }
    },
    {
      "id": "b56c9efd-2183-5bee-98e5-58d826112e38",
      "type": "Feature",
      "feature_type": "navigation",
      "geometry": {
        "type": "Point",
        "coordinates": [
          -123.250664876133,
          49.263346157839
        ]
      },
      "properties": {
        "debug_id": "AP-0341",
        "alt_name": {
          "en": "nav_projection_cabinet_0341"
        },
        "level_id": "41d0e8ca-d315-4b25-938c-7955db2daf2e",
        "wayfinding_type": "access_projection",
        "route_confirmed": true,
        "source": "col_16_cab_06",
        "sources": [
          "col_16_cab_06",
          "col_17_cab_11"
        ],
        "target": "path_106",
        "targets": [
          "path_106"
        ]
      }
    },
    {
      "id": "d94e7769-0d2b-5c0b-b246-9e265c2e99dc",
      "type": "Feature",
      "feature_type": "navigation",
      "geometry": {
        "type": "Point",
        "coordinates": [
          -123.250659762258,
          49.263339739948
        ]
      },
      "properties": {
        "debug_id": "AP-0342",
        "alt_name": {
          "en": "nav_projection_cabinet_0342"
        },
        "level_id": "41d0e8ca-d315-4b25-938c-7955db2daf2e",
        "wayfinding_type": "access_projection",
        "route_confirmed": true,
        "source": "col_16_cab_05",
        "sources": [
          "col_16_cab_05",
          "col_17_cab_12"
        ],
        "target": "path_106",
        "targets": [
          "path_106"
        ]
      }
    },
    {
      "id": "58493540-b7af-5b87-81d9-e3fe2a812217",
      "type": "Feature",
      "feature_type": "navigation",
      "geometry": {
        "type": "Point",
        "coordinates": [
          -123.250654648384,
          49.263333322056
        ]
      },
      "properties": {
        "debug_id": "AP-0343",
        "alt_name": {
          "en": "nav_projection_cabinet_0343"
        },
        "level_id": "41d0e8ca-d315-4b25-938c-7955db2daf2e",
        "wayfinding_type": "access_projection",
        "route_confirmed": true,
        "source": "col_16_cab_04",
        "sources": [
          "col_16_cab_04",
          "col_17_cab_13"
        ],
        "target": "path_106",
        "targets": [
          "path_106"
        ]
      }
    },
    {
      "id": "06f11799-ffea-5d09-8b50-48f9f3c06f3b",
      "type": "Feature",
      "feature_type": "navigation",
      "geometry": {
        "type": "Point",
        "coordinates": [
          -123.250644456684,
          49.263320531506
        ]
      },
      "properties": {
        "debug_id": "AP-0344",
        "alt_name": {
          "en": "nav_projection_cabinet_0344"
        },
        "level_id": "41d0e8ca-d315-4b25-938c-7955db2daf2e",
        "wayfinding_type": "access_projection",
        "route_confirmed": true,
        "source": "col_16_cab_03",
        "sources": [
          "col_16_cab_03",
          "col_17_cab_14"
        ],
        "target": "path_112",
        "targets": [
          "path_112"
        ]
      }
    },
    {
      "id": "35762714-a902-5e91-97e4-be6b4f33cd81",
      "type": "Feature",
      "feature_type": "navigation",
      "geometry": {
        "type": "Point",
        "coordinates": [
          -123.250639342812,
          49.263314113612
        ]
      },
      "properties": {
        "debug_id": "AP-0345",
        "alt_name": {
          "en": "nav_projection_cabinet_0345"
        },
        "level_id": "41d0e8ca-d315-4b25-938c-7955db2daf2e",
        "wayfinding_type": "access_projection",
        "route_confirmed": true,
        "source": "col_16_cab_02",
        "sources": [
          "col_16_cab_02",
          "col_17_cab_15"
        ],
        "target": "path_112",
        "targets": [
          "path_112"
        ]
      }
    },
    {
      "id": "2725e43e-94fe-551a-b1f2-9a4a04e50f01",
      "type": "Feature",
      "feature_type": "navigation",
      "geometry": {
        "type": "Point",
        "coordinates": [
          -123.250634228942,
          49.263307695715
        ]
      },
      "properties": {
        "debug_id": "AP-0346",
        "alt_name": {
          "en": "nav_projection_cabinet_0346"
        },
        "level_id": "41d0e8ca-d315-4b25-938c-7955db2daf2e",
        "wayfinding_type": "access_projection",
        "route_confirmed": true,
        "source": "col_16_cab_01",
        "sources": [
          "col_16_cab_01",
          "col_17_cab_16"
        ],
        "target": "path_112",
        "targets": [
          "path_112"
        ]
      }
    },
    {
      "id": "7c224119-2995-5f61-9d9e-c663181e1488",
      "type": "Feature",
      "feature_type": "navigation",
      "geometry": {
        "type": "Point",
        "coordinates": [
          -123.250758540858,
          49.263514158477
        ]
      },
      "properties": {
        "debug_id": "AP-0363",
        "alt_name": {
          "en": "nav_projection_cabinet_0363"
        },
        "level_id": "41d0e8ca-d315-4b25-938c-7955db2daf2e",
        "wayfinding_type": "access_projection",
        "route_confirmed": true,
        "source": "col_18_cab_16",
        "sources": [
          "col_18_cab_16",
          "col_19_cab_01",
          "for_jean_guy_artwork"
        ],
        "target": "path_021",
        "targets": [
          "path_021"
        ]
      }
    },
    {
      "id": "b2c05bcb-9e9b-5238-94c9-eac4bc0db295",
      "type": "Feature",
      "feature_type": "navigation",
      "geometry": {
        "type": "Point",
        "coordinates": [
          -123.250753426966,
          49.263507740605
        ]
      },
      "properties": {
        "debug_id": "AP-0364",
        "alt_name": {
          "en": "nav_projection_cabinet_0364"
        },
        "level_id": "41d0e8ca-d315-4b25-938c-7955db2daf2e",
        "wayfinding_type": "access_projection",
        "route_confirmed": true,
        "source": "col_18_cab_15",
        "sources": [
          "col_18_cab_15",
          "col_19_cab_02"
        ],
        "target": "path_021",
        "targets": [
          "path_021"
        ]
      }
    },
    {
      "id": "433c01d8-0421-528b-9436-38f387b68add",
      "type": "Feature",
      "feature_type": "navigation",
      "geometry": {
        "type": "Point",
        "coordinates": [
          -123.250748313076,
          49.263501322733
        ]
      },
      "properties": {
        "debug_id": "AP-0365",
        "alt_name": {
          "en": "nav_projection_cabinet_0365"
        },
        "level_id": "41d0e8ca-d315-4b25-938c-7955db2daf2e",
        "wayfinding_type": "access_projection",
        "route_confirmed": true,
        "source": "col_18_cab_14",
        "sources": [
          "col_18_cab_14",
          "col_19_cab_03"
        ],
        "target": "path_021",
        "targets": [
          "path_021"
        ]
      }
    },
    {
      "id": "601d7d5d-a750-5f2b-a546-68a7f2cd4f31",
      "type": "Feature",
      "feature_type": "navigation",
      "geometry": {
        "type": "Point",
        "coordinates": [
          -123.250738085295,
          49.263488486986
        ]
      },
      "properties": {
        "debug_id": "AP-0366",
        "alt_name": {
          "en": "nav_projection_cabinet_0366"
        },
        "level_id": "41d0e8ca-d315-4b25-938c-7955db2daf2e",
        "wayfinding_type": "access_projection",
        "route_confirmed": true,
        "source": "col_18_cab_13",
        "sources": [
          "col_18_cab_13",
          "col_19_cab_04"
        ],
        "target": "path_101",
        "targets": [
          "path_101"
        ]
      }
    },
    {
      "id": "c2cbc031-71d8-5123-82f9-0c9e66cfc2a3",
      "type": "Feature",
      "feature_type": "navigation",
      "geometry": {
        "type": "Point",
        "coordinates": [
          -123.250732971407,
          49.263482069111
        ]
      },
      "properties": {
        "debug_id": "AP-0367",
        "alt_name": {
          "en": "nav_projection_cabinet_0367"
        },
        "level_id": "41d0e8ca-d315-4b25-938c-7955db2daf2e",
        "wayfinding_type": "access_projection",
        "route_confirmed": true,
        "source": "col_18_cab_12",
        "sources": [
          "col_18_cab_12",
          "col_19_cab_05"
        ],
        "target": "path_101",
        "targets": [
          "path_101"
        ]
      }
    },
    {
      "id": "bb0b82b7-9989-5a9b-aa5e-ab6a51e31892",
      "type": "Feature",
      "feature_type": "navigation",
      "geometry": {
        "type": "Point",
        "coordinates": [
          -123.25072785752,
          49.263475651235
        ]
      },
      "properties": {
        "debug_id": "AP-0368",
        "alt_name": {
          "en": "nav_projection_cabinet_0368"
        },
        "level_id": "41d0e8ca-d315-4b25-938c-7955db2daf2e",
        "wayfinding_type": "access_projection",
        "route_confirmed": true,
        "source": "col_18_cab_11",
        "sources": [
          "col_18_cab_11",
          "col_19_cab_06"
        ],
        "target": "path_101",
        "targets": [
          "path_101"
        ]
      }
    },
    {
      "id": "7c087c8c-09ed-56a3-a300-a34b23b00a38",
      "type": "Feature",
      "feature_type": "navigation",
      "geometry": {
        "type": "Point",
        "coordinates": [
          -123.250722743632,
          49.263469233359
        ]
      },
      "properties": {
        "debug_id": "AP-0369",
        "alt_name": {
          "en": "nav_projection_cabinet_0369"
        },
        "level_id": "41d0e8ca-d315-4b25-938c-7955db2daf2e",
        "wayfinding_type": "access_projection",
        "route_confirmed": true,
        "source": "col_18_cab_10",
        "sources": [
          "col_18_cab_10",
          "col_19_cab_07"
        ],
        "target": "path_101",
        "targets": [
          "path_101"
        ]
      }
    },
    {
      "id": "e1306b08-f725-56e1-98af-831089b70717",
      "type": "Feature",
      "feature_type": "navigation",
      "geometry": {
        "type": "Point",
        "coordinates": [
          -123.250717629746,
          49.263462815482
        ]
      },
      "properties": {
        "debug_id": "AP-0370",
        "alt_name": {
          "en": "nav_projection_cabinet_0370"
        },
        "level_id": "41d0e8ca-d315-4b25-938c-7955db2daf2e",
        "wayfinding_type": "access_projection",
        "route_confirmed": true,
        "source": "col_18_cab_09",
        "sources": [
          "col_18_cab_09",
          "col_19_cab_08"
        ],
        "target": "path_101",
        "targets": [
          "path_101"
        ]
      }
    },
    {
      "id": "ae23bd40-d074-5a5e-ae4b-358b6393dda4",
      "type": "Feature",
      "feature_type": "navigation",
      "geometry": {
        "type": "Point",
        "coordinates": [
          -123.250643629432,
          49.263369945594
        ]
      },
      "properties": {
        "debug_id": "AP-0371",
        "alt_name": {
          "en": "nav_projection_cabinet_0371"
        },
        "level_id": "41d0e8ca-d315-4b25-938c-7955db2daf2e",
        "wayfinding_type": "access_projection",
        "route_confirmed": true,
        "source": "col_18_cab_08",
        "sources": [
          "col_18_cab_08",
          "col_19_cab_19"
        ],
        "target": "path_105",
        "targets": [
          "path_105"
        ]
      }
    },
    {
      "id": "be2cf230-a600-580e-8019-3742c2119588",
      "type": "Feature",
      "feature_type": "navigation",
      "geometry": {
        "type": "Point",
        "coordinates": [
          -123.25063851556,
          49.263363527704
        ]
      },
      "properties": {
        "debug_id": "AP-0372",
        "alt_name": {
          "en": "nav_projection_cabinet_0372"
        },
        "level_id": "41d0e8ca-d315-4b25-938c-7955db2daf2e",
        "wayfinding_type": "access_projection",
        "route_confirmed": true,
        "source": "col_18_cab_07",
        "sources": [
          "col_18_cab_07",
          "col_19_cab_20"
        ],
        "target": "path_105",
        "targets": [
          "path_105"
        ]
      }
    },
    {
      "id": "e038a31c-84e8-5d15-ad86-7715ffe64f3b",
      "type": "Feature",
      "feature_type": "navigation",
      "geometry": {
        "type": "Point",
        "coordinates": [
          -123.250633401688,
          49.263357109813
        ]
      },
      "properties": {
        "debug_id": "AP-0373",
        "alt_name": {
          "en": "nav_projection_cabinet_0373"
        },
        "level_id": "41d0e8ca-d315-4b25-938c-7955db2daf2e",
        "wayfinding_type": "access_projection",
        "route_confirmed": true,
        "source": "col_18_cab_06",
        "sources": [
          "col_18_cab_06",
          "col_19_cab_21"
        ],
        "target": "path_105",
        "targets": [
          "path_105"
        ]
      }
    },
    {
      "id": "f48245fb-2ad8-5c85-8edc-7516738d6a69",
      "type": "Feature",
      "feature_type": "navigation",
      "geometry": {
        "type": "Point",
        "coordinates": [
          -123.250628287817,
          49.263350691922
        ]
      },
      "properties": {
        "debug_id": "AP-0374",
        "alt_name": {
          "en": "nav_projection_cabinet_0374"
        },
        "level_id": "41d0e8ca-d315-4b25-938c-7955db2daf2e",
        "wayfinding_type": "access_projection",
        "route_confirmed": true,
        "source": "col_18_cab_05",
        "sources": [
          "col_18_cab_05",
          "col_19_cab_22"
        ],
        "target": "path_105",
        "targets": [
          "path_105"
        ]
      }
    },
    {
      "id": "c61ba656-948d-5936-a2d4-1e3bbf9055e7",
      "type": "Feature",
      "feature_type": "navigation",
      "geometry": {
        "type": "Point",
        "coordinates": [
          -123.250623173947,
          49.263344274029
        ]
      },
      "properties": {
        "debug_id": "AP-0375",
        "alt_name": {
          "en": "nav_projection_cabinet_0375"
        },
        "level_id": "41d0e8ca-d315-4b25-938c-7955db2daf2e",
        "wayfinding_type": "access_projection",
        "route_confirmed": true,
        "source": "col_18_cab_04",
        "sources": [
          "col_18_cab_04",
          "col_19_cab_23"
        ],
        "target": "path_105",
        "targets": [
          "path_105"
        ]
      }
    },
    {
      "id": "645f8a15-8108-5013-bc2c-4f4dd8061a0e",
      "type": "Feature",
      "feature_type": "navigation",
      "geometry": {
        "type": "Point",
        "coordinates": [
          -123.250612982254,
          49.263331483478
        ]
      },
      "properties": {
        "debug_id": "AP-0376",
        "alt_name": {
          "en": "nav_projection_cabinet_0376"
        },
        "level_id": "41d0e8ca-d315-4b25-938c-7955db2daf2e",
        "wayfinding_type": "access_projection",
        "route_confirmed": true,
        "source": "col_18_cab_03",
        "sources": [
          "col_18_cab_03",
          "col_19_cab_24"
        ],
        "target": "path_113",
        "targets": [
          "path_113"
        ]
      }
    },
    {
      "id": "0be2e982-4379-5021-8364-e695f8a4d573",
      "type": "Feature",
      "feature_type": "navigation",
      "geometry": {
        "type": "Point",
        "coordinates": [
          -123.250607868387,
          49.263325065582
        ]
      },
      "properties": {
        "debug_id": "AP-0377",
        "alt_name": {
          "en": "nav_projection_cabinet_0377"
        },
        "level_id": "41d0e8ca-d315-4b25-938c-7955db2daf2e",
        "wayfinding_type": "access_projection",
        "route_confirmed": true,
        "source": "col_18_cab_02",
        "sources": [
          "col_18_cab_02",
          "col_19_cab_25"
        ],
        "target": "path_113",
        "targets": [
          "path_113"
        ]
      }
    },
    {
      "id": "ba77436a-5bb6-5a90-b8c8-6dd88c9c44b0",
      "type": "Feature",
      "feature_type": "navigation",
      "geometry": {
        "type": "Point",
        "coordinates": [
          -123.250602754519,
          49.263318647686
        ]
      },
      "properties": {
        "debug_id": "AP-0378",
        "alt_name": {
          "en": "nav_projection_cabinet_0378"
        },
        "level_id": "41d0e8ca-d315-4b25-938c-7955db2daf2e",
        "wayfinding_type": "access_projection",
        "route_confirmed": true,
        "source": "col_18_cab_01",
        "sources": [
          "col_18_cab_01",
          "col_19_cab_26"
        ],
        "target": "path_113",
        "targets": [
          "path_113"
        ]
      }
    },
    {
      "id": "af09eb65-22ec-587a-af1f-c2e6435c98b5",
      "type": "Feature",
      "feature_type": "navigation",
      "geometry": {
        "type": "Point",
        "coordinates": [
          -123.250712564688,
          49.263456458881
        ]
      },
      "properties": {
        "debug_id": "AP-0387",
        "alt_name": {
          "en": "nav_projection_cabinet_0387"
        },
        "level_id": "41d0e8ca-d315-4b25-938c-7955db2daf2e",
        "wayfinding_type": "access_projection",
        "route_confirmed": true,
        "source": "col_19_cab_09",
        "sources": [
          "col_19_cab_09"
        ],
        "target": "path_101",
        "targets": [
          "path_101"
        ]
      }
    },
    {
      "id": "cbd22b87-340f-56ae-a299-1a5ad17d106a",
      "type": "Feature",
      "feature_type": "navigation",
      "geometry": {
        "type": "Point",
        "coordinates": [
          -123.250707450804,
          49.263450041002
        ]
      },
      "properties": {
        "debug_id": "AP-0388",
        "alt_name": {
          "en": "nav_projection_cabinet_0388"
        },
        "level_id": "41d0e8ca-d315-4b25-938c-7955db2daf2e",
        "wayfinding_type": "access_projection",
        "route_confirmed": true,
        "source": "col_19_cab_10",
        "sources": [
          "col_19_cab_10"
        ],
        "target": "path_101",
        "targets": [
          "path_101"
        ]
      }
    },
    {
      "id": "ef9ca829-d489-551a-a8fd-db4be519c87f",
      "type": "Feature",
      "feature_type": "navigation",
      "geometry": {
        "type": "Point",
        "coordinates": [
          -123.250702336921,
          49.263443623123
        ]
      },
      "properties": {
        "debug_id": "AP-0389",
        "alt_name": {
          "en": "nav_projection_cabinet_0389"
        },
        "level_id": "41d0e8ca-d315-4b25-938c-7955db2daf2e",
        "wayfinding_type": "access_projection",
        "route_confirmed": true,
        "source": "col_19_cab_11",
        "sources": [
          "col_19_cab_11"
        ],
        "target": "path_102",
        "targets": [
          "path_102"
        ]
      }
    },
    {
      "id": "806acdb9-8c54-5879-b96f-920d049cdb06",
      "type": "Feature",
      "feature_type": "navigation",
      "geometry": {
        "type": "Point",
        "coordinates": [
          -123.250697223038,
          49.263437205243
        ]
      },
      "properties": {
        "debug_id": "AP-0390",
        "alt_name": {
          "en": "nav_projection_cabinet_0390"
        },
        "level_id": "41d0e8ca-d315-4b25-938c-7955db2daf2e",
        "wayfinding_type": "access_projection",
        "route_confirmed": true,
        "source": "col_19_cab_12",
        "sources": [
          "col_19_cab_12"
        ],
        "target": "path_102",
        "targets": [
          "path_102"
        ]
      }
    },
    {
      "id": "e28ef8e2-a2c6-5d5c-ba8b-c704a500415d",
      "type": "Feature",
      "feature_type": "navigation",
      "geometry": {
        "type": "Point",
        "coordinates": [
          -123.250692102934,
          49.263430779552
        ]
      },
      "properties": {
        "debug_id": "AP-0391",
        "alt_name": {
          "en": "nav_projection_cabinet_0391"
        },
        "level_id": "41d0e8ca-d315-4b25-938c-7955db2daf2e",
        "wayfinding_type": "access_projection",
        "route_confirmed": true,
        "source": "col_19_cab_13",
        "sources": [
          "col_19_cab_13",
          "di_18_08_L1",
          "di_18_08_L2",
          "di_18_08_L3",
          "di_18_08_top"
        ],
        "target": "path_102",
        "targets": [
          "path_102"
        ]
      }
    },
    {
      "id": "f48be871-04cb-5ef6-a249-7fde5117675d",
      "type": "Feature",
      "feature_type": "navigation",
      "geometry": {
        "type": "Point",
        "coordinates": [
          -123.250686989052,
          49.26342436167
        ]
      },
      "properties": {
        "debug_id": "AP-0392",
        "alt_name": {
          "en": "nav_projection_cabinet_0392"
        },
        "level_id": "41d0e8ca-d315-4b25-938c-7955db2daf2e",
        "wayfinding_type": "access_projection",
        "route_confirmed": true,
        "source": "col_19_cab_14",
        "sources": [
          "col_19_cab_14",
          "di_18_09_L1",
          "di_18_09_L2",
          "di_18_09_L3",
          "di_18_09_top"
        ],
        "target": "path_102",
        "targets": [
          "path_102"
        ]
      }
    },
    {
      "id": "53ebdf69-7b2a-5951-baa8-e3e40d494fc5",
      "type": "Feature",
      "feature_type": "navigation",
      "geometry": {
        "type": "Point",
        "coordinates": [
          -123.250681875173,
          49.263417943786
        ]
      },
      "properties": {
        "debug_id": "AP-0393",
        "alt_name": {
          "en": "nav_projection_cabinet_0393"
        },
        "level_id": "41d0e8ca-d315-4b25-938c-7955db2daf2e",
        "wayfinding_type": "access_projection",
        "route_confirmed": true,
        "source": "col_19_cab_15",
        "sources": [
          "col_19_cab_15",
          "di_18_10_L1",
          "di_18_10_L2",
          "di_18_10_L3",
          "di_18_10_top"
        ],
        "target": "path_102",
        "targets": [
          "path_102"
        ]
      }
    },
    {
      "id": "ad069fa5-1047-5f5c-b1ee-ff2cd27a1c2a",
      "type": "Feature",
      "feature_type": "navigation",
      "geometry": {
        "type": "Point",
        "coordinates": [
          -123.250676761294,
          49.263411525902
        ]
      },
      "properties": {
        "debug_id": "AP-0394",
        "alt_name": {
          "en": "nav_projection_cabinet_0394"
        },
        "level_id": "41d0e8ca-d315-4b25-938c-7955db2daf2e",
        "wayfinding_type": "access_projection",
        "route_confirmed": true,
        "source": "col_19_cab_16",
        "sources": [
          "col_19_cab_16",
          "di_18_11_L1",
          "di_18_11_L2",
          "di_18_11_L3",
          "di_18_11_top"
        ],
        "target": "path_102",
        "targets": [
          "path_102"
        ]
      }
    },
    {
      "id": "19926f4b-02a2-5c08-9fbb-fb697375da4d",
      "type": "Feature",
      "feature_type": "navigation",
      "geometry": {
        "type": "Point",
        "coordinates": [
          -123.250671647415,
          49.263405108018
        ]
      },
      "properties": {
        "debug_id": "AP-0395",
        "alt_name": {
          "en": "nav_projection_cabinet_0395"
        },
        "level_id": "41d0e8ca-d315-4b25-938c-7955db2daf2e",
        "wayfinding_type": "access_projection",
        "route_confirmed": true,
        "source": "col_19_cab_17",
        "sources": [
          "col_19_cab_17",
          "di_18_12_L1",
          "di_18_12_L2",
          "di_18_12_L3",
          "di_18_12_top"
        ],
        "target": "path_102",
        "targets": [
          "path_102"
        ]
      }
    },
    {
      "id": "8313aa7e-7d05-5e6c-b7c5-3cf921312e8a",
      "type": "Feature",
      "feature_type": "navigation",
      "geometry": {
        "type": "Point",
        "coordinates": [
          -123.250666533537,
          49.263398690132
        ]
      },
      "properties": {
        "debug_id": "AP-0396",
        "alt_name": {
          "en": "nav_projection_cabinet_0396"
        },
        "level_id": "41d0e8ca-d315-4b25-938c-7955db2daf2e",
        "wayfinding_type": "access_projection",
        "route_confirmed": true,
        "source": "col_19_cab_18",
        "sources": [
          "col_19_cab_18",
          "di_18_13_L1",
          "di_18_13_L2",
          "di_18_13_L3",
          "di_18_13_top"
        ],
        "target": "path_102",
        "targets": [
          "path_102"
        ]
      }
    },
    {
      "id": "535d7127-64b0-5cf7-a702-dc1b40a4c6f4",
      "type": "Feature",
      "feature_type": "navigation",
      "geometry": {
        "type": "Point",
        "coordinates": [
          -123.250727073119,
          49.263525107927
        ]
      },
      "properties": {
        "debug_id": "AP-0405",
        "alt_name": {
          "en": "nav_projection_cabinet_0405"
        },
        "level_id": "41d0e8ca-d315-4b25-938c-7955db2daf2e",
        "wayfinding_type": "access_projection",
        "route_confirmed": true,
        "source": "col_20_cab_26",
        "sources": [
          "col_20_cab_26",
          "col_21_cab_01"
        ],
        "target": "path_023",
        "targets": [
          "path_023"
        ]
      }
    },
    {
      "id": "8e1c378f-9e77-5568-9f09-53a5f6f9a85d",
      "type": "Feature",
      "feature_type": "navigation",
      "geometry": {
        "type": "Point",
        "coordinates": [
          -123.250721959231,
          49.263518690055
        ]
      },
      "properties": {
        "debug_id": "AP-0406",
        "alt_name": {
          "en": "nav_projection_cabinet_0406"
        },
        "level_id": "41d0e8ca-d315-4b25-938c-7955db2daf2e",
        "wayfinding_type": "access_projection",
        "route_confirmed": true,
        "source": "col_20_cab_25",
        "sources": [
          "col_20_cab_25",
          "col_21_cab_02"
        ],
        "target": "path_023",
        "targets": [
          "path_023"
        ]
      }
    },
    {
      "id": "d1427032-b52b-524b-ad35-7e7e083a4f09",
      "type": "Feature",
      "feature_type": "navigation",
      "geometry": {
        "type": "Point",
        "coordinates": [
          -123.250716845344,
          49.263512272182
        ]
      },
      "properties": {
        "debug_id": "AP-0407",
        "alt_name": {
          "en": "nav_projection_cabinet_0407"
        },
        "level_id": "41d0e8ca-d315-4b25-938c-7955db2daf2e",
        "wayfinding_type": "access_projection",
        "route_confirmed": true,
        "source": "col_20_cab_24",
        "sources": [
          "col_20_cab_24",
          "col_21_cab_03"
        ],
        "target": "path_023",
        "targets": [
          "path_023"
        ]
      }
    },
    {
      "id": "96e66bcd-55eb-5e20-ac33-916a2755b543",
      "type": "Feature",
      "feature_type": "navigation",
      "geometry": {
        "type": "Point",
        "coordinates": [
          -123.250706617571,
          49.263499436434
        ]
      },
      "properties": {
        "debug_id": "AP-0408",
        "alt_name": {
          "en": "nav_projection_cabinet_0408"
        },
        "level_id": "41d0e8ca-d315-4b25-938c-7955db2daf2e",
        "wayfinding_type": "access_projection",
        "route_confirmed": true,
        "source": "col_20_cab_23",
        "sources": [
          "col_20_cab_23",
          "col_21_cab_04"
        ],
        "target": "path_027",
        "targets": [
          "path_027"
        ]
      }
    },
    {
      "id": "0d60834b-6b9c-5bf9-a6b6-9b657cb51015",
      "type": "Feature",
      "feature_type": "navigation",
      "geometry": {
        "type": "Point",
        "coordinates": [
          -123.250701503686,
          49.263493018559
        ]
      },
      "properties": {
        "debug_id": "AP-0409",
        "alt_name": {
          "en": "nav_projection_cabinet_0409"
        },
        "level_id": "41d0e8ca-d315-4b25-938c-7955db2daf2e",
        "wayfinding_type": "access_projection",
        "route_confirmed": true,
        "source": "col_20_cab_22",
        "sources": [
          "col_20_cab_22",
          "col_21_cab_05"
        ],
        "target": "path_027",
        "targets": [
          "path_027"
        ]
      }
    },
    {
      "id": "8cebb471-7e11-5c19-b667-958d78bb96a7",
      "type": "Feature",
      "feature_type": "navigation",
      "geometry": {
        "type": "Point",
        "coordinates": [
          -123.250696389802,
          49.263486600682
        ]
      },
      "properties": {
        "debug_id": "AP-0410",
        "alt_name": {
          "en": "nav_projection_cabinet_0410"
        },
        "level_id": "41d0e8ca-d315-4b25-938c-7955db2daf2e",
        "wayfinding_type": "access_projection",
        "route_confirmed": true,
        "source": "col_20_cab_21",
        "sources": [
          "col_20_cab_21",
          "col_21_cab_06"
        ],
        "target": "path_027",
        "targets": [
          "path_027"
        ]
      }
    },
    {
      "id": "4f990b99-2e99-509f-a924-4537e9b825a4",
      "type": "Feature",
      "feature_type": "navigation",
      "geometry": {
        "type": "Point",
        "coordinates": [
          -123.250691275918,
          49.263480182805
        ]
      },
      "properties": {
        "debug_id": "AP-0411",
        "alt_name": {
          "en": "nav_projection_cabinet_0411"
        },
        "level_id": "41d0e8ca-d315-4b25-938c-7955db2daf2e",
        "wayfinding_type": "access_projection",
        "route_confirmed": true,
        "source": "col_20_cab_20",
        "sources": [
          "col_20_cab_20",
          "col_21_cab_07"
        ],
        "target": "path_027",
        "targets": [
          "path_027"
        ]
      }
    },
    {
      "id": "684938bc-6925-5de3-b0de-04943d31b36a",
      "type": "Feature",
      "feature_type": "navigation",
      "geometry": {
        "type": "Point",
        "coordinates": [
          -123.250686162036,
          49.263473764927
        ]
      },
      "properties": {
        "debug_id": "AP-0412",
        "alt_name": {
          "en": "nav_projection_cabinet_0412"
        },
        "level_id": "41d0e8ca-d315-4b25-938c-7955db2daf2e",
        "wayfinding_type": "access_projection",
        "route_confirmed": true,
        "source": "col_20_cab_19",
        "sources": [
          "col_20_cab_19",
          "col_21_cab_08"
        ],
        "target": "path_027",
        "targets": [
          "path_027"
        ]
      }
    },
    {
      "id": "22ddce79-f309-5510-8b24-b050ef2fb59a",
      "type": "Feature",
      "feature_type": "navigation",
      "geometry": {
        "type": "Point",
        "coordinates": [
          -123.250681048154,
          49.263467347049
        ]
      },
      "properties": {
        "debug_id": "AP-0413",
        "alt_name": {
          "en": "nav_projection_cabinet_0413"
        },
        "level_id": "41d0e8ca-d315-4b25-938c-7955db2daf2e",
        "wayfinding_type": "access_projection",
        "route_confirmed": true,
        "source": "col_20_cab_18",
        "sources": [
          "col_20_cab_18",
          "col_21_cab_09"
        ],
        "target": "path_027",
        "targets": [
          "path_027"
        ]
      }
    },
    {
      "id": "ffdcb66b-de98-54d5-b253-194d2280b943",
      "type": "Feature",
      "feature_type": "navigation",
      "geometry": {
        "type": "Point",
        "coordinates": [
          -123.250675934273,
          49.263460929169
        ]
      },
      "properties": {
        "debug_id": "AP-0414",
        "alt_name": {
          "en": "nav_projection_cabinet_0414"
        },
        "level_id": "41d0e8ca-d315-4b25-938c-7955db2daf2e",
        "wayfinding_type": "access_projection",
        "route_confirmed": true,
        "source": "col_20_cab_17",
        "sources": [
          "col_20_cab_17",
          "col_21_cab_10"
        ],
        "target": "path_027",
        "targets": [
          "path_027"
        ]
      }
    },
    {
      "id": "c69aace8-50ea-5536-a031-910669c72970",
      "type": "Feature",
      "feature_type": "navigation",
      "geometry": {
        "type": "Point",
        "coordinates": [
          -123.250670820394,
          49.26345451129
        ]
      },
      "properties": {
        "debug_id": "AP-0415",
        "alt_name": {
          "en": "nav_projection_cabinet_0415"
        },
        "level_id": "41d0e8ca-d315-4b25-938c-7955db2daf2e",
        "wayfinding_type": "access_projection",
        "route_confirmed": true,
        "source": "col_20_cab_16",
        "sources": [
          "col_20_cab_16",
          "col_21_cab_11"
        ],
        "target": "path_027",
        "targets": [
          "path_027"
        ]
      }
    },
    {
      "id": "efd0395e-73a1-5ba2-ab00-61c32db8de35",
      "type": "Feature",
      "feature_type": "navigation",
      "geometry": {
        "type": "Point",
        "coordinates": [
          -123.250665706515,
          49.263448093408
        ]
      },
      "properties": {
        "debug_id": "AP-0416",
        "alt_name": {
          "en": "nav_projection_cabinet_0416"
        },
        "level_id": "41d0e8ca-d315-4b25-938c-7955db2daf2e",
        "wayfinding_type": "access_projection",
        "route_confirmed": true,
        "source": "col_20_cab_15",
        "sources": [
          "col_20_cab_15",
          "col_21_cab_12"
        ],
        "target": "path_027",
        "targets": [
          "path_027"
        ]
      }
    },
    {
      "id": "a37904cb-b3e8-5609-9303-d19becc10064",
      "type": "Feature",
      "feature_type": "navigation",
      "geometry": {
        "type": "Point",
        "coordinates": [
          -123.250660592637,
          49.263441675527
        ]
      },
      "properties": {
        "debug_id": "AP-0417",
        "alt_name": {
          "en": "nav_projection_cabinet_0417"
        },
        "level_id": "41d0e8ca-d315-4b25-938c-7955db2daf2e",
        "wayfinding_type": "access_projection",
        "route_confirmed": true,
        "source": "col_20_cab_14",
        "sources": [
          "col_20_cab_14",
          "col_21_cab_13"
        ],
        "target": "path_027",
        "targets": [
          "path_027"
        ]
      }
    },
    {
      "id": "48722fcb-6fb7-5b25-9503-2d1f7c87711c",
      "type": "Feature",
      "feature_type": "navigation",
      "geometry": {
        "type": "Point",
        "coordinates": [
          -123.250655478759,
          49.263435257644
        ]
      },
      "properties": {
        "debug_id": "AP-0418",
        "alt_name": {
          "en": "nav_projection_cabinet_0418"
        },
        "level_id": "41d0e8ca-d315-4b25-938c-7955db2daf2e",
        "wayfinding_type": "access_projection",
        "route_confirmed": true,
        "source": "col_20_cab_13",
        "sources": [
          "col_20_cab_13",
          "col_21_cab_14"
        ],
        "target": "path_027",
        "targets": [
          "path_027"
        ]
      }
    },
    {
      "id": "c5cef623-62f8-5775-a235-ec9bf915dbdb",
      "type": "Feature",
      "feature_type": "navigation",
      "geometry": {
        "type": "Point",
        "coordinates": [
          -123.250650364883,
          49.26342883976
        ]
      },
      "properties": {
        "debug_id": "AP-0419",
        "alt_name": {
          "en": "nav_projection_cabinet_0419"
        },
        "level_id": "41d0e8ca-d315-4b25-938c-7955db2daf2e",
        "wayfinding_type": "access_projection",
        "route_confirmed": true,
        "source": "col_20_cab_12",
        "sources": [
          "col_20_cab_12",
          "col_21_cab_15"
        ],
        "target": "path_027",
        "targets": [
          "path_027"
        ]
      }
    },
    {
      "id": "ed1791d6-e5d3-5f91-94c1-5e7da3d32ad8",
      "type": "Feature",
      "feature_type": "navigation",
      "geometry": {
        "type": "Point",
        "coordinates": [
          -123.250645251008,
          49.263422421876
        ]
      },
      "properties": {
        "debug_id": "AP-0420",
        "alt_name": {
          "en": "nav_projection_cabinet_0420"
        },
        "level_id": "41d0e8ca-d315-4b25-938c-7955db2daf2e",
        "wayfinding_type": "access_projection",
        "route_confirmed": true,
        "source": "col_20_cab_11",
        "sources": [
          "col_20_cab_11",
          "col_21_cab_16"
        ],
        "target": "path_027",
        "targets": [
          "path_027"
        ]
      }
    },
    {
      "id": "c109d4ea-a02b-5919-bdd5-2a67bf2c6844",
      "type": "Feature",
      "feature_type": "navigation",
      "geometry": {
        "type": "Point",
        "coordinates": [
          -123.250640137133,
          49.26341600399
        ]
      },
      "properties": {
        "debug_id": "AP-0421",
        "alt_name": {
          "en": "nav_projection_cabinet_0421"
        },
        "level_id": "41d0e8ca-d315-4b25-938c-7955db2daf2e",
        "wayfinding_type": "access_projection",
        "route_confirmed": true,
        "source": "col_20_cab_10",
        "sources": [
          "col_20_cab_10",
          "col_21_cab_17"
        ],
        "target": "path_027",
        "targets": [
          "path_027"
        ]
      }
    },
    {
      "id": "179298ef-213e-5256-860f-3109e00c848f",
      "type": "Feature",
      "feature_type": "navigation",
      "geometry": {
        "type": "Point",
        "coordinates": [
          -123.250635023259,
          49.263409586104
        ]
      },
      "properties": {
        "debug_id": "AP-0422",
        "alt_name": {
          "en": "nav_projection_cabinet_0422"
        },
        "level_id": "41d0e8ca-d315-4b25-938c-7955db2daf2e",
        "wayfinding_type": "access_projection",
        "route_confirmed": true,
        "source": "col_20_cab_09",
        "sources": [
          "col_20_cab_09",
          "col_21_cab_18"
        ],
        "target": "path_027",
        "targets": [
          "path_027"
        ]
      }
    },
    {
      "id": "09191dc9-ba5a-51ae-80dd-57f43c0367d2",
      "type": "Feature",
      "feature_type": "navigation",
      "geometry": {
        "type": "Point",
        "coordinates": [
          -123.250612173039,
          49.263380909169
        ]
      },
      "properties": {
        "debug_id": "AP-0423",
        "alt_name": {
          "en": "nav_projection_cabinet_0423"
        },
        "level_id": "41d0e8ca-d315-4b25-938c-7955db2daf2e",
        "wayfinding_type": "access_projection",
        "route_confirmed": true,
        "source": "col_20_cab_08",
        "sources": [
          "col_20_cab_08",
          "col_21_cab_19"
        ],
        "target": "path_107",
        "targets": [
          "path_107"
        ]
      }
    },
    {
      "id": "853191ee-fe7f-5e21-9001-6ab13f64dc2e",
      "type": "Feature",
      "feature_type": "navigation",
      "geometry": {
        "type": "Point",
        "coordinates": [
          -123.25060705917,
          49.263374491279
        ]
      },
      "properties": {
        "debug_id": "AP-0424",
        "alt_name": {
          "en": "nav_projection_cabinet_0424"
        },
        "level_id": "41d0e8ca-d315-4b25-938c-7955db2daf2e",
        "wayfinding_type": "access_projection",
        "route_confirmed": true,
        "source": "col_20_cab_07",
        "sources": [
          "col_20_cab_07",
          "col_21_cab_20"
        ],
        "target": "path_107",
        "targets": [
          "path_107"
        ]
      }
    },
    {
      "id": "a4a1cd15-f3d5-5578-b9a2-b800cb012740",
      "type": "Feature",
      "feature_type": "navigation",
      "geometry": {
        "type": "Point",
        "coordinates": [
          -123.250601945302,
          49.263368073387
        ]
      },
      "properties": {
        "debug_id": "AP-0425",
        "alt_name": {
          "en": "nav_projection_cabinet_0425"
        },
        "level_id": "41d0e8ca-d315-4b25-938c-7955db2daf2e",
        "wayfinding_type": "access_projection",
        "route_confirmed": true,
        "source": "col_20_cab_06",
        "sources": [
          "col_20_cab_06",
          "col_21_cab_21"
        ],
        "target": "path_107",
        "targets": [
          "path_107"
        ]
      }
    },
    {
      "id": "9d435ff1-62e5-5daa-b5f1-dd8fea62641a",
      "type": "Feature",
      "feature_type": "navigation",
      "geometry": {
        "type": "Point",
        "coordinates": [
          -123.250596831435,
          49.263361655496
        ]
      },
      "properties": {
        "debug_id": "AP-0426",
        "alt_name": {
          "en": "nav_projection_cabinet_0426"
        },
        "level_id": "41d0e8ca-d315-4b25-938c-7955db2daf2e",
        "wayfinding_type": "access_projection",
        "route_confirmed": true,
        "source": "col_20_cab_05",
        "sources": [
          "col_20_cab_05",
          "col_21_cab_22"
        ],
        "target": "path_107",
        "targets": [
          "path_107"
        ]
      }
    },
    {
      "id": "b9ec429f-9567-509f-a29a-0a396ca27d86",
      "type": "Feature",
      "feature_type": "navigation",
      "geometry": {
        "type": "Point",
        "coordinates": [
          -123.250591717568,
          49.263355237602
        ]
      },
      "properties": {
        "debug_id": "AP-0427",
        "alt_name": {
          "en": "nav_projection_cabinet_0427"
        },
        "level_id": "41d0e8ca-d315-4b25-938c-7955db2daf2e",
        "wayfinding_type": "access_projection",
        "route_confirmed": true,
        "source": "col_20_cab_04",
        "sources": [
          "col_20_cab_04",
          "col_21_cab_23"
        ],
        "target": "path_107",
        "targets": [
          "path_107"
        ]
      }
    },
    {
      "id": "995258cb-5b48-5559-a2d9-dc7bc2f6d040",
      "type": "Feature",
      "feature_type": "navigation",
      "geometry": {
        "type": "Point",
        "coordinates": [
          -123.250581514618,
          49.263342432914
        ]
      },
      "properties": {
        "debug_id": "AP-0428",
        "alt_name": {
          "en": "nav_projection_cabinet_0428"
        },
        "level_id": "41d0e8ca-d315-4b25-938c-7955db2daf2e",
        "wayfinding_type": "access_projection",
        "route_confirmed": true,
        "source": "col_20_cab_03",
        "sources": [
          "col_20_cab_03",
          "col_21_cab_24"
        ],
        "target": "path_110",
        "targets": [
          "path_110"
        ]
      }
    },
    {
      "id": "b4bbb3ef-5d9f-50d2-b67a-fcaad2f94575",
      "type": "Feature",
      "feature_type": "navigation",
      "geometry": {
        "type": "Point",
        "coordinates": [
          -123.250576400753,
          49.263336015018
        ]
      },
      "properties": {
        "debug_id": "AP-0429",
        "alt_name": {
          "en": "nav_projection_cabinet_0429"
        },
        "level_id": "41d0e8ca-d315-4b25-938c-7955db2daf2e",
        "wayfinding_type": "access_projection",
        "route_confirmed": true,
        "source": "col_20_cab_02",
        "sources": [
          "col_20_cab_02",
          "col_21_cab_25"
        ],
        "target": "path_110",
        "targets": [
          "path_110"
        ]
      }
    },
    {
      "id": "0967079e-ba04-5429-9d4e-979b3734d8b5",
      "type": "Feature",
      "feature_type": "navigation",
      "geometry": {
        "type": "Point",
        "coordinates": [
          -123.250571286891,
          49.263329597122
        ]
      },
      "properties": {
        "debug_id": "AP-0430",
        "alt_name": {
          "en": "nav_projection_cabinet_0430"
        },
        "level_id": "41d0e8ca-d315-4b25-938c-7955db2daf2e",
        "wayfinding_type": "access_projection",
        "route_confirmed": true,
        "source": "col_20_cab_01",
        "sources": [
          "col_20_cab_01",
          "col_21_cab_26"
        ],
        "target": "path_110",
        "targets": [
          "path_110"
        ]
      }
    },
    {
      "id": "d6163765-556f-5290-961a-1cc923e9d15c",
      "type": "Feature",
      "feature_type": "navigation",
      "geometry": {
        "type": "Point",
        "coordinates": [
          -123.250692450899,
          49.263537133994
        ]
      },
      "properties": {
        "debug_id": "AP-0457",
        "alt_name": {
          "en": "nav_projection_cabinet_0457"
        },
        "level_id": "41d0e8ca-d315-4b25-938c-7955db2daf2e",
        "wayfinding_type": "access_projection",
        "route_confirmed": true,
        "source": "col_22_cab_26",
        "sources": [
          "col_22_cab_26",
          "col_23_cab_01"
        ],
        "target": "path_024",
        "targets": [
          "path_024"
        ]
      }
    },
    {
      "id": "44061d94-5ca6-579f-b63c-dfe065b82113",
      "type": "Feature",
      "feature_type": "navigation",
      "geometry": {
        "type": "Point",
        "coordinates": [
          -123.250687337015,
          49.263530716122
        ]
      },
      "properties": {
        "debug_id": "AP-0458",
        "alt_name": {
          "en": "nav_projection_cabinet_0458"
        },
        "level_id": "41d0e8ca-d315-4b25-938c-7955db2daf2e",
        "wayfinding_type": "access_projection",
        "route_confirmed": true,
        "source": "col_22_cab_25",
        "sources": [
          "col_22_cab_25",
          "col_23_cab_02"
        ],
        "target": "path_024",
        "targets": [
          "path_024"
        ]
      }
    },
    {
      "id": "f75f455f-fb0d-59b2-8594-85223a581982",
      "type": "Feature",
      "feature_type": "navigation",
      "geometry": {
        "type": "Point",
        "coordinates": [
          -123.250682223131,
          49.263524298248
        ]
      },
      "properties": {
        "debug_id": "AP-0459",
        "alt_name": {
          "en": "nav_projection_cabinet_0459"
        },
        "level_id": "41d0e8ca-d315-4b25-938c-7955db2daf2e",
        "wayfinding_type": "access_projection",
        "route_confirmed": true,
        "source": "col_22_cab_24",
        "sources": [
          "col_22_cab_24",
          "col_23_cab_03"
        ],
        "target": "path_024",
        "targets": [
          "path_024"
        ]
      }
    },
    {
      "id": "23611038-791d-56d2-b383-9da477fc9e24",
      "type": "Feature",
      "feature_type": "navigation",
      "geometry": {
        "type": "Point",
        "coordinates": [
          -123.250671995367,
          49.263511462498
        ]
      },
      "properties": {
        "debug_id": "AP-0460",
        "alt_name": {
          "en": "nav_projection_cabinet_0460"
        },
        "level_id": "41d0e8ca-d315-4b25-938c-7955db2daf2e",
        "wayfinding_type": "access_projection",
        "route_confirmed": true,
        "source": "col_22_cab_23",
        "sources": [
          "col_22_cab_23",
          "col_23_cab_04"
        ],
        "target": "path_028",
        "targets": [
          "path_028"
        ]
      }
    },
    {
      "id": "d2a21ad8-867d-548f-930d-731bf67043e8",
      "type": "Feature",
      "feature_type": "navigation",
      "geometry": {
        "type": "Point",
        "coordinates": [
          -123.250666881486,
          49.263505044622
        ]
      },
      "properties": {
        "debug_id": "AP-0461",
        "alt_name": {
          "en": "nav_projection_cabinet_0461"
        },
        "level_id": "41d0e8ca-d315-4b25-938c-7955db2daf2e",
        "wayfinding_type": "access_projection",
        "route_confirmed": true,
        "source": "col_22_cab_22",
        "sources": [
          "col_22_cab_22",
          "col_23_cab_05"
        ],
        "target": "path_028",
        "targets": [
          "path_028"
        ]
      }
    },
    {
      "id": "8cf35fc1-c15a-586c-82bb-697c9a39615d",
      "type": "Feature",
      "feature_type": "navigation",
      "geometry": {
        "type": "Point",
        "coordinates": [
          -123.250661767606,
          49.263498626746
        ]
      },
      "properties": {
        "debug_id": "AP-0462",
        "alt_name": {
          "en": "nav_projection_cabinet_0462"
        },
        "level_id": "41d0e8ca-d315-4b25-938c-7955db2daf2e",
        "wayfinding_type": "access_projection",
        "route_confirmed": true,
        "source": "col_22_cab_21",
        "sources": [
          "col_22_cab_21",
          "col_23_cab_06"
        ],
        "target": "path_028",
        "targets": [
          "path_028"
        ]
      }
    },
    {
      "id": "3ff60e26-6608-5c2b-b674-e8ba2ecf4985",
      "type": "Feature",
      "feature_type": "navigation",
      "geometry": {
        "type": "Point",
        "coordinates": [
          -123.250656653727,
          49.263492208868
        ]
      },
      "properties": {
        "debug_id": "AP-0463",
        "alt_name": {
          "en": "nav_projection_cabinet_0463"
        },
        "level_id": "41d0e8ca-d315-4b25-938c-7955db2daf2e",
        "wayfinding_type": "access_projection",
        "route_confirmed": true,
        "source": "col_22_cab_20",
        "sources": [
          "col_22_cab_20",
          "col_23_cab_07"
        ],
        "target": "path_028",
        "targets": [
          "path_028"
        ]
      }
    },
    {
      "id": "23e15f9a-6d15-5a5d-ae95-72e38feaa994",
      "type": "Feature",
      "feature_type": "navigation",
      "geometry": {
        "type": "Point",
        "coordinates": [
          -123.250651539848,
          49.26348579099
        ]
      },
      "properties": {
        "debug_id": "AP-0464",
        "alt_name": {
          "en": "nav_projection_cabinet_0464"
        },
        "level_id": "41d0e8ca-d315-4b25-938c-7955db2daf2e",
        "wayfinding_type": "access_projection",
        "route_confirmed": true,
        "source": "col_22_cab_19",
        "sources": [
          "col_22_cab_19",
          "col_23_cab_08"
        ],
        "target": "path_028",
        "targets": [
          "path_028"
        ]
      }
    },
    {
      "id": "3b75cd94-b02c-56ed-9ba5-bf5becd37dc4",
      "type": "Feature",
      "feature_type": "navigation",
      "geometry": {
        "type": "Point",
        "coordinates": [
          -123.250646377131,
          49.263479311817
        ]
      },
      "properties": {
        "debug_id": "AP-0465",
        "alt_name": {
          "en": "nav_projection_cabinet_0465"
        },
        "level_id": "41d0e8ca-d315-4b25-938c-7955db2daf2e",
        "wayfinding_type": "access_projection",
        "route_confirmed": true,
        "source": "col_22_cab_18",
        "sources": [
          "col_22_cab_18"
        ],
        "target": "path_028",
        "targets": [
          "path_028"
        ]
      }
    },
    {
      "id": "6fd061ec-28a8-5c16-b66c-046438e31bc2",
      "type": "Feature",
      "feature_type": "navigation",
      "geometry": {
        "type": "Point",
        "coordinates": [
          -123.250641263254,
          49.263472893937
        ]
      },
      "properties": {
        "debug_id": "AP-0466",
        "alt_name": {
          "en": "nav_projection_cabinet_0466"
        },
        "level_id": "41d0e8ca-d315-4b25-938c-7955db2daf2e",
        "wayfinding_type": "access_projection",
        "route_confirmed": true,
        "source": "col_22_cab_17",
        "sources": [
          "col_22_cab_17"
        ],
        "target": "path_028",
        "targets": [
          "path_028"
        ]
      }
    },
    {
      "id": "a1291b7a-ab5d-5b2b-b95e-9b1ed29fa7af",
      "type": "Feature",
      "feature_type": "navigation",
      "geometry": {
        "type": "Point",
        "coordinates": [
          -123.250636149378,
          49.263466476055
        ]
      },
      "properties": {
        "debug_id": "AP-0467",
        "alt_name": {
          "en": "nav_projection_cabinet_0467"
        },
        "level_id": "41d0e8ca-d315-4b25-938c-7955db2daf2e",
        "wayfinding_type": "access_projection",
        "route_confirmed": true,
        "source": "col_22_cab_16",
        "sources": [
          "col_22_cab_16"
        ],
        "target": "path_150",
        "targets": [
          "path_150"
        ]
      }
    },
    {
      "id": "c8540a73-59a0-5c45-b01d-454a4984f857",
      "type": "Feature",
      "feature_type": "navigation",
      "geometry": {
        "type": "Point",
        "coordinates": [
          -123.250631035503,
          49.263460058173
        ]
      },
      "properties": {
        "debug_id": "AP-0468",
        "alt_name": {
          "en": "nav_projection_cabinet_0468"
        },
        "level_id": "41d0e8ca-d315-4b25-938c-7955db2daf2e",
        "wayfinding_type": "access_projection",
        "route_confirmed": true,
        "source": "col_22_cab_15",
        "sources": [
          "col_22_cab_15"
        ],
        "target": "path_150",
        "targets": [
          "path_150"
        ]
      }
    },
    {
      "id": "dd463b2a-2989-5b74-abc3-86e202fd12ba",
      "type": "Feature",
      "feature_type": "navigation",
      "geometry": {
        "type": "Point",
        "coordinates": [
          -123.250625921629,
          49.26345364029
        ]
      },
      "properties": {
        "debug_id": "AP-0469",
        "alt_name": {
          "en": "nav_projection_cabinet_0469"
        },
        "level_id": "41d0e8ca-d315-4b25-938c-7955db2daf2e",
        "wayfinding_type": "access_projection",
        "route_confirmed": true,
        "source": "col_22_cab_14",
        "sources": [
          "col_22_cab_14"
        ],
        "target": "path_150",
        "targets": [
          "path_150"
        ]
      }
    },
    {
      "id": "cdbaf778-ac47-5036-b5d4-130d518410ac",
      "type": "Feature",
      "feature_type": "navigation",
      "geometry": {
        "type": "Point",
        "coordinates": [
          -123.250620807755,
          49.263447222407
        ]
      },
      "properties": {
        "debug_id": "AP-0470",
        "alt_name": {
          "en": "nav_projection_cabinet_0470"
        },
        "level_id": "41d0e8ca-d315-4b25-938c-7955db2daf2e",
        "wayfinding_type": "access_projection",
        "route_confirmed": true,
        "source": "col_22_cab_13",
        "sources": [
          "col_22_cab_13"
        ],
        "target": "path_150",
        "targets": [
          "path_150"
        ]
      }
    },
    {
      "id": "f95bb588-23c1-5c59-9663-891623be29ec",
      "type": "Feature",
      "feature_type": "navigation",
      "geometry": {
        "type": "Point",
        "coordinates": [
          -123.250615693882,
          49.263440804522
        ]
      },
      "properties": {
        "debug_id": "AP-0471",
        "alt_name": {
          "en": "nav_projection_cabinet_0471"
        },
        "level_id": "41d0e8ca-d315-4b25-938c-7955db2daf2e",
        "wayfinding_type": "access_projection",
        "route_confirmed": true,
        "source": "col_22_cab_12",
        "sources": [
          "col_22_cab_12"
        ],
        "target": "path_150",
        "targets": [
          "path_150"
        ]
      }
    },
    {
      "id": "9c840dcd-6839-5766-84b2-9df8d8766141",
      "type": "Feature",
      "feature_type": "navigation",
      "geometry": {
        "type": "Point",
        "coordinates": [
          -123.25061058001,
          49.263434386637
        ]
      },
      "properties": {
        "debug_id": "AP-0472",
        "alt_name": {
          "en": "nav_projection_cabinet_0472"
        },
        "level_id": "41d0e8ca-d315-4b25-938c-7955db2daf2e",
        "wayfinding_type": "access_projection",
        "route_confirmed": true,
        "source": "col_22_cab_11",
        "sources": [
          "col_22_cab_11"
        ],
        "target": "path_150",
        "targets": [
          "path_150"
        ]
      }
    },
    {
      "id": "d4f2e76d-6255-5d30-a4bc-f47731952fea",
      "type": "Feature",
      "feature_type": "navigation",
      "geometry": {
        "type": "Point",
        "coordinates": [
          -123.250605466139,
          49.26342796875
        ]
      },
      "properties": {
        "debug_id": "AP-0473",
        "alt_name": {
          "en": "nav_projection_cabinet_0473"
        },
        "level_id": "41d0e8ca-d315-4b25-938c-7955db2daf2e",
        "wayfinding_type": "access_projection",
        "route_confirmed": true,
        "source": "col_22_cab_10",
        "sources": [
          "col_22_cab_10"
        ],
        "target": "path_150",
        "targets": [
          "path_150"
        ]
      }
    },
    {
      "id": "c7730649-5bcc-5619-85f6-196df19d6625",
      "type": "Feature",
      "feature_type": "navigation",
      "geometry": {
        "type": "Point",
        "coordinates": [
          -123.250600352269,
          49.263421550863
        ]
      },
      "properties": {
        "debug_id": "AP-0474",
        "alt_name": {
          "en": "nav_projection_cabinet_0474"
        },
        "level_id": "41d0e8ca-d315-4b25-938c-7955db2daf2e",
        "wayfinding_type": "access_projection",
        "route_confirmed": true,
        "source": "col_22_cab_09",
        "sources": [
          "col_22_cab_09"
        ],
        "target": "path_150",
        "targets": [
          "path_150"
        ]
      }
    },
    {
      "id": "cf2d384a-7877-594a-a326-012ccea1e285",
      "type": "Feature",
      "feature_type": "navigation",
      "geometry": {
        "type": "Point",
        "coordinates": [
          -123.250577550909,
          49.263392935222
        ]
      },
      "properties": {
        "debug_id": "AP-0475",
        "alt_name": {
          "en": "nav_projection_cabinet_0475"
        },
        "level_id": "41d0e8ca-d315-4b25-938c-7955db2daf2e",
        "wayfinding_type": "access_projection",
        "route_confirmed": true,
        "source": "col_22_cab_08",
        "sources": [
          "col_22_cab_08",
          "col_23_cab_09"
        ],
        "target": "path_114",
        "targets": [
          "path_114"
        ]
      }
    },
    {
      "id": "e6e664ba-47ac-5eb9-88ae-6343e266e323",
      "type": "Feature",
      "feature_type": "navigation",
      "geometry": {
        "type": "Point",
        "coordinates": [
          -123.250572437044,
          49.263386517331
        ]
      },
      "properties": {
        "debug_id": "AP-0476",
        "alt_name": {
          "en": "nav_projection_cabinet_0476"
        },
        "level_id": "41d0e8ca-d315-4b25-938c-7955db2daf2e",
        "wayfinding_type": "access_projection",
        "route_confirmed": true,
        "source": "col_22_cab_07",
        "sources": [
          "col_22_cab_07",
          "col_23_cab_10"
        ],
        "target": "path_114",
        "targets": [
          "path_114"
        ]
      }
    },
    {
      "id": "e7fbaae8-c592-5ec0-b380-39da3629835c",
      "type": "Feature",
      "feature_type": "navigation",
      "geometry": {
        "type": "Point",
        "coordinates": [
          -123.250567323179,
          49.26338009944
        ]
      },
      "properties": {
        "debug_id": "AP-0477",
        "alt_name": {
          "en": "nav_projection_cabinet_0477"
        },
        "level_id": "41d0e8ca-d315-4b25-938c-7955db2daf2e",
        "wayfinding_type": "access_projection",
        "route_confirmed": true,
        "source": "col_22_cab_06",
        "sources": [
          "col_22_cab_06",
          "col_23_cab_11"
        ],
        "target": "path_114",
        "targets": [
          "path_114"
        ]
      }
    },
    {
      "id": "4f0925b2-37d6-56ee-8857-ae07d631701a",
      "type": "Feature",
      "feature_type": "navigation",
      "geometry": {
        "type": "Point",
        "coordinates": [
          -123.250562209315,
          49.263373681546
        ]
      },
      "properties": {
        "debug_id": "AP-0478",
        "alt_name": {
          "en": "nav_projection_cabinet_0478"
        },
        "level_id": "41d0e8ca-d315-4b25-938c-7955db2daf2e",
        "wayfinding_type": "access_projection",
        "route_confirmed": true,
        "source": "col_22_cab_05",
        "sources": [
          "col_22_cab_05",
          "col_23_cab_12"
        ],
        "target": "path_114",
        "targets": [
          "path_114"
        ]
      }
    },
    {
      "id": "dd89d484-8e1f-5fb3-bd95-f34566e65a2a",
      "type": "Feature",
      "feature_type": "navigation",
      "geometry": {
        "type": "Point",
        "coordinates": [
          -123.250557095453,
          49.263367263653
        ]
      },
      "properties": {
        "debug_id": "AP-0479",
        "alt_name": {
          "en": "nav_projection_cabinet_0479"
        },
        "level_id": "41d0e8ca-d315-4b25-938c-7955db2daf2e",
        "wayfinding_type": "access_projection",
        "route_confirmed": true,
        "source": "col_22_cab_04",
        "sources": [
          "col_22_cab_04",
          "col_23_cab_13"
        ],
        "target": "path_114",
        "targets": [
          "path_114"
        ]
      }
    },
    {
      "id": "fba20faa-3903-5f44-bdcd-960173917f13",
      "type": "Feature",
      "feature_type": "navigation",
      "geometry": {
        "type": "Point",
        "coordinates": [
          -123.250546892511,
          49.263354458963
        ]
      },
      "properties": {
        "debug_id": "AP-0480",
        "alt_name": {
          "en": "nav_projection_cabinet_0480"
        },
        "level_id": "41d0e8ca-d315-4b25-938c-7955db2daf2e",
        "wayfinding_type": "access_projection",
        "route_confirmed": true,
        "source": "col_22_cab_03",
        "sources": [
          "col_22_cab_03",
          "col_23_cab_14"
        ],
        "target": "path_115",
        "targets": [
          "path_115"
        ]
      }
    },
    {
      "id": "26823946-f9cf-5625-a9b3-bc62f31cd10e",
      "type": "Feature",
      "feature_type": "navigation",
      "geometry": {
        "type": "Point",
        "coordinates": [
          -123.250541778651,
          49.263348041067
        ]
      },
      "properties": {
        "debug_id": "AP-0481",
        "alt_name": {
          "en": "nav_projection_cabinet_0481"
        },
        "level_id": "41d0e8ca-d315-4b25-938c-7955db2daf2e",
        "wayfinding_type": "access_projection",
        "route_confirmed": true,
        "source": "col_22_cab_02",
        "sources": [
          "col_22_cab_02",
          "col_23_cab_15"
        ],
        "target": "path_115",
        "targets": [
          "path_115"
        ]
      }
    },
    {
      "id": "692eb55d-74ac-5cfe-92f5-aac495d5cc0f",
      "type": "Feature",
      "feature_type": "navigation",
      "geometry": {
        "type": "Point",
        "coordinates": [
          -123.250536664792,
          49.263341623169
        ]
      },
      "properties": {
        "debug_id": "AP-0482",
        "alt_name": {
          "en": "nav_projection_cabinet_0482"
        },
        "level_id": "41d0e8ca-d315-4b25-938c-7955db2daf2e",
        "wayfinding_type": "access_projection",
        "route_confirmed": true,
        "source": "col_22_cab_01",
        "sources": [
          "col_22_cab_01",
          "col_23_cab_16"
        ],
        "target": "path_115",
        "targets": [
          "path_115"
        ]
      }
    },
    {
      "id": "872a7723-9bb0-511e-b7c4-f9640f28c9dc",
      "type": "Feature",
      "feature_type": "navigation",
      "geometry": {
        "type": "Point",
        "coordinates": [
          -123.250667312327,
          49.263545923377
        ]
      },
      "properties": {
        "debug_id": "AP-0499",
        "alt_name": {
          "en": "nav_projection_cabinet_0499"
        },
        "level_id": "41d0e8ca-d315-4b25-938c-7955db2daf2e",
        "wayfinding_type": "access_projection",
        "route_confirmed": true,
        "source": "col_24_cab_16",
        "sources": [
          "col_24_cab_16",
          "col_25_cab_01",
          "the_watershed_artwork"
        ],
        "target": "path_030",
        "targets": [
          "path_030"
        ]
      }
    },
    {
      "id": "314bbec1-9c9d-5306-abba-dcfb5f289f21",
      "type": "Feature",
      "feature_type": "navigation",
      "geometry": {
        "type": "Point",
        "coordinates": [
          -123.250662198446,
          49.263539505504
        ]
      },
      "properties": {
        "debug_id": "AP-0500",
        "alt_name": {
          "en": "nav_projection_cabinet_0500"
        },
        "level_id": "41d0e8ca-d315-4b25-938c-7955db2daf2e",
        "wayfinding_type": "access_projection",
        "route_confirmed": true,
        "source": "col_24_cab_15",
        "sources": [
          "col_24_cab_15",
          "col_25_cab_02"
        ],
        "target": "path_030",
        "targets": [
          "path_030"
        ]
      }
    },
    {
      "id": "b7f30f8d-76bb-5994-9ed5-61ac9e369af9",
      "type": "Feature",
      "feature_type": "navigation",
      "geometry": {
        "type": "Point",
        "coordinates": [
          -123.250657084565,
          49.26353308763
        ]
      },
      "properties": {
        "debug_id": "AP-0501",
        "alt_name": {
          "en": "nav_projection_cabinet_0501"
        },
        "level_id": "41d0e8ca-d315-4b25-938c-7955db2daf2e",
        "wayfinding_type": "access_projection",
        "route_confirmed": true,
        "source": "col_24_cab_14",
        "sources": [
          "col_24_cab_14",
          "col_25_cab_03"
        ],
        "target": "path_030",
        "targets": [
          "path_030"
        ]
      }
    },
    {
      "id": "fbebd2d6-b674-5789-8272-dd4a9f3cd94d",
      "type": "Feature",
      "feature_type": "navigation",
      "geometry": {
        "type": "Point",
        "coordinates": [
          -123.250646856807,
          49.263520251881
        ]
      },
      "properties": {
        "debug_id": "AP-0502",
        "alt_name": {
          "en": "nav_projection_cabinet_0502"
        },
        "level_id": "41d0e8ca-d315-4b25-938c-7955db2daf2e",
        "wayfinding_type": "access_projection",
        "route_confirmed": true,
        "source": "col_24_cab_13",
        "sources": [
          "col_24_cab_13",
          "col_25_cab_04"
        ],
        "target": "path_148",
        "targets": [
          "path_148"
        ]
      }
    },
    {
      "id": "a51f283a-6f15-5cc9-9393-bd58bdc5247e",
      "type": "Feature",
      "feature_type": "navigation",
      "geometry": {
        "type": "Point",
        "coordinates": [
          -123.250641742929,
          49.263513834004
        ]
      },
      "properties": {
        "debug_id": "AP-0503",
        "alt_name": {
          "en": "nav_projection_cabinet_0503"
        },
        "level_id": "41d0e8ca-d315-4b25-938c-7955db2daf2e",
        "wayfinding_type": "access_projection",
        "route_confirmed": true,
        "source": "col_24_cab_12",
        "sources": [
          "col_24_cab_12",
          "col_25_cab_05"
        ],
        "target": "path_148",
        "targets": [
          "path_148"
        ]
      }
    },
    {
      "id": "6a09ea12-4561-517d-a141-d11c339e34f9",
      "type": "Feature",
      "feature_type": "navigation",
      "geometry": {
        "type": "Point",
        "coordinates": [
          -123.250636629051,
          49.263507416127
        ]
      },
      "properties": {
        "debug_id": "AP-0504",
        "alt_name": {
          "en": "nav_projection_cabinet_0504"
        },
        "level_id": "41d0e8ca-d315-4b25-938c-7955db2daf2e",
        "wayfinding_type": "access_projection",
        "route_confirmed": true,
        "source": "col_24_cab_11",
        "sources": [
          "col_24_cab_11",
          "col_25_cab_06"
        ],
        "target": "path_148",
        "targets": [
          "path_148"
        ]
      }
    },
    {
      "id": "abca49ae-e292-502d-9483-459b77718892",
      "type": "Feature",
      "feature_type": "navigation",
      "geometry": {
        "type": "Point",
        "coordinates": [
          -123.250631515175,
          49.263500998249
        ]
      },
      "properties": {
        "debug_id": "AP-0505",
        "alt_name": {
          "en": "nav_projection_cabinet_0505"
        },
        "level_id": "41d0e8ca-d315-4b25-938c-7955db2daf2e",
        "wayfinding_type": "access_projection",
        "route_confirmed": true,
        "source": "col_24_cab_10",
        "sources": [
          "col_24_cab_10",
          "col_25_cab_07"
        ],
        "target": "path_148",
        "targets": [
          "path_148"
        ]
      }
    },
    {
      "id": "49c568d6-41e8-5600-ab80-f0a5f4618436",
      "type": "Feature",
      "feature_type": "navigation",
      "geometry": {
        "type": "Point",
        "coordinates": [
          -123.2506264013,
          49.263494580371
        ]
      },
      "properties": {
        "debug_id": "AP-0506",
        "alt_name": {
          "en": "nav_projection_cabinet_0506"
        },
        "level_id": "41d0e8ca-d315-4b25-938c-7955db2daf2e",
        "wayfinding_type": "access_projection",
        "route_confirmed": true,
        "source": "col_24_cab_09",
        "sources": [
          "col_24_cab_09",
          "col_25_cab_08"
        ],
        "target": "path_148",
        "targets": [
          "path_148"
        ]
      }
    },
    {
      "id": "96668a1c-6ce5-52c5-84bd-4c479f4d3c33",
      "type": "Feature",
      "feature_type": "navigation",
      "geometry": {
        "type": "Point",
        "coordinates": [
          -123.250552359465,
          49.263401658161
        ]
      },
      "properties": {
        "debug_id": "AP-0507",
        "alt_name": {
          "en": "nav_projection_cabinet_0507"
        },
        "level_id": "41d0e8ca-d315-4b25-938c-7955db2daf2e",
        "wayfinding_type": "access_projection",
        "route_confirmed": true,
        "source": "col_24_cab_08",
        "sources": [
          "col_24_cab_08",
          "col_25_cab_19"
        ],
        "target": "path_117",
        "targets": [
          "path_117"
        ]
      }
    },
    {
      "id": "523ba9ab-86a3-5319-9e0d-0d7311d12f02",
      "type": "Feature",
      "feature_type": "navigation",
      "geometry": {
        "type": "Point",
        "coordinates": [
          -123.250547245603,
          49.26339524027
        ]
      },
      "properties": {
        "debug_id": "AP-0508",
        "alt_name": {
          "en": "nav_projection_cabinet_0508"
        },
        "level_id": "41d0e8ca-d315-4b25-938c-7955db2daf2e",
        "wayfinding_type": "access_projection",
        "route_confirmed": true,
        "source": "col_24_cab_07",
        "sources": [
          "col_24_cab_07",
          "col_25_cab_20"
        ],
        "target": "path_117",
        "targets": [
          "path_117"
        ]
      }
    },
    {
      "id": "fe6f7b12-5ae3-506f-98fc-6b4e8a1f3888",
      "type": "Feature",
      "feature_type": "navigation",
      "geometry": {
        "type": "Point",
        "coordinates": [
          -123.250542131741,
          49.263388822377
        ]
      },
      "properties": {
        "debug_id": "AP-0509",
        "alt_name": {
          "en": "nav_projection_cabinet_0509"
        },
        "level_id": "41d0e8ca-d315-4b25-938c-7955db2daf2e",
        "wayfinding_type": "access_projection",
        "route_confirmed": true,
        "source": "col_24_cab_06",
        "sources": [
          "col_24_cab_06",
          "col_25_cab_21"
        ],
        "target": "path_117",
        "targets": [
          "path_117"
        ]
      }
    },
    {
      "id": "6bd64aa4-2609-5a68-978d-7439efe91caf",
      "type": "Feature",
      "feature_type": "navigation",
      "geometry": {
        "type": "Point",
        "coordinates": [
          -123.250537017881,
          49.263382404484
        ]
      },
      "properties": {
        "debug_id": "AP-0510",
        "alt_name": {
          "en": "nav_projection_cabinet_0510"
        },
        "level_id": "41d0e8ca-d315-4b25-938c-7955db2daf2e",
        "wayfinding_type": "access_projection",
        "route_confirmed": true,
        "source": "col_24_cab_05",
        "sources": [
          "col_24_cab_05",
          "col_25_cab_22"
        ],
        "target": "path_117",
        "targets": [
          "path_117"
        ]
      }
    },
    {
      "id": "1d414074-3954-5a9b-9b95-3367878df050",
      "type": "Feature",
      "feature_type": "navigation",
      "geometry": {
        "type": "Point",
        "coordinates": [
          -123.250531904021,
          49.26337598659
        ]
      },
      "properties": {
        "debug_id": "AP-0511",
        "alt_name": {
          "en": "nav_projection_cabinet_0511"
        },
        "level_id": "41d0e8ca-d315-4b25-938c-7955db2daf2e",
        "wayfinding_type": "access_projection",
        "route_confirmed": true,
        "source": "col_24_cab_04",
        "sources": [
          "col_24_cab_04",
          "col_25_cab_23"
        ],
        "target": "path_117",
        "targets": [
          "path_117"
        ]
      }
    },
    {
      "id": "edf76c10-a1e0-5732-af5a-b36faf218d16",
      "type": "Feature",
      "feature_type": "navigation",
      "geometry": {
        "type": "Point",
        "coordinates": [
          -123.250521754026,
          49.26336324834
        ]
      },
      "properties": {
        "debug_id": "AP-0512",
        "alt_name": {
          "en": "nav_projection_cabinet_0512"
        },
        "level_id": "41d0e8ca-d315-4b25-938c-7955db2daf2e",
        "wayfinding_type": "access_projection",
        "route_confirmed": true,
        "source": "col_24_cab_03",
        "sources": [
          "col_24_cab_03",
          "col_25_cab_24"
        ],
        "target": "path_118",
        "targets": [
          "path_118"
        ]
      }
    },
    {
      "id": "c0d9fd20-34d2-5d9c-9113-82a8c8099408",
      "type": "Feature",
      "feature_type": "navigation",
      "geometry": {
        "type": "Point",
        "coordinates": [
          -123.25051664017,
          49.263356830444
        ]
      },
      "properties": {
        "debug_id": "AP-0513",
        "alt_name": {
          "en": "nav_projection_cabinet_0513"
        },
        "level_id": "41d0e8ca-d315-4b25-938c-7955db2daf2e",
        "wayfinding_type": "access_projection",
        "route_confirmed": true,
        "source": "col_24_cab_02",
        "sources": [
          "col_24_cab_02",
          "col_25_cab_25"
        ],
        "target": "path_118",
        "targets": [
          "path_118"
        ]
      }
    },
    {
      "id": "efa47de2-02a2-5280-972c-9bd8512de011",
      "type": "Feature",
      "feature_type": "navigation",
      "geometry": {
        "type": "Point",
        "coordinates": [
          -123.250511526314,
          49.263350412547
        ]
      },
      "properties": {
        "debug_id": "AP-0514",
        "alt_name": {
          "en": "nav_projection_cabinet_0514"
        },
        "level_id": "41d0e8ca-d315-4b25-938c-7955db2daf2e",
        "wayfinding_type": "access_projection",
        "route_confirmed": true,
        "source": "col_24_cab_01",
        "sources": [
          "col_24_cab_01",
          "col_25_cab_26"
        ],
        "target": "path_118",
        "targets": [
          "path_118"
        ]
      }
    },
    {
      "id": "f4ce0c6c-10fb-5730-a4ec-da7c07937c30",
      "type": "Feature",
      "feature_type": "navigation",
      "geometry": {
        "type": "Point",
        "coordinates": [
          -123.250603469272,
          49.263465800809
        ]
      },
      "properties": {
        "debug_id": "AP-0523",
        "alt_name": {
          "en": "nav_projection_cabinet_0523"
        },
        "level_id": "41d0e8ca-d315-4b25-938c-7955db2daf2e",
        "wayfinding_type": "access_projection",
        "route_confirmed": true,
        "source": "col_25_cab_09",
        "sources": [
          "col_25_cab_09"
        ],
        "target": "path_161",
        "targets": [
          "path_161"
        ]
      }
    },
    {
      "id": "ba9260ee-4c00-5315-9070-bb196e6037b4",
      "type": "Feature",
      "feature_type": "navigation",
      "geometry": {
        "type": "Point",
        "coordinates": [
          -123.250598355402,
          49.263459382926
        ]
      },
      "properties": {
        "debug_id": "AP-0524",
        "alt_name": {
          "en": "nav_projection_cabinet_0524"
        },
        "level_id": "41d0e8ca-d315-4b25-938c-7955db2daf2e",
        "wayfinding_type": "access_projection",
        "route_confirmed": true,
        "source": "col_25_cab_10",
        "sources": [
          "col_25_cab_10"
        ],
        "target": "path_161",
        "targets": [
          "path_161"
        ]
      }
    },
    {
      "id": "0dab4ae5-3e98-597b-bc04-e2ee417ad4be",
      "type": "Feature",
      "feature_type": "navigation",
      "geometry": {
        "type": "Point",
        "coordinates": [
          -123.250593241532,
          49.263452965043
        ]
      },
      "properties": {
        "debug_id": "AP-0525",
        "alt_name": {
          "en": "nav_projection_cabinet_0525"
        },
        "level_id": "41d0e8ca-d315-4b25-938c-7955db2daf2e",
        "wayfinding_type": "access_projection",
        "route_confirmed": true,
        "source": "col_25_cab_11",
        "sources": [
          "col_25_cab_11"
        ],
        "target": "path_161",
        "targets": [
          "path_161"
        ]
      }
    },
    {
      "id": "2853c5b2-9d6a-5b1e-909d-df06a3e8fd83",
      "type": "Feature",
      "feature_type": "navigation",
      "geometry": {
        "type": "Point",
        "coordinates": [
          -123.250588127663,
          49.263446547158
        ]
      },
      "properties": {
        "debug_id": "AP-0526",
        "alt_name": {
          "en": "nav_projection_cabinet_0526"
        },
        "level_id": "41d0e8ca-d315-4b25-938c-7955db2daf2e",
        "wayfinding_type": "access_projection",
        "route_confirmed": true,
        "source": "col_25_cab_12",
        "sources": [
          "col_25_cab_12"
        ],
        "target": "path_161",
        "targets": [
          "path_161"
        ]
      }
    },
    {
      "id": "a2550c82-5273-5592-a369-279db8e4b0da",
      "type": "Feature",
      "feature_type": "navigation",
      "geometry": {
        "type": "Point",
        "coordinates": [
          -123.250583013795,
          49.263440129273
        ]
      },
      "properties": {
        "debug_id": "AP-0527",
        "alt_name": {
          "en": "nav_projection_cabinet_0527"
        },
        "level_id": "41d0e8ca-d315-4b25-938c-7955db2daf2e",
        "wayfinding_type": "access_projection",
        "route_confirmed": true,
        "source": "col_25_cab_13",
        "sources": [
          "col_25_cab_13"
        ],
        "target": "path_161",
        "targets": [
          "path_161"
        ]
      }
    },
    {
      "id": "e1d7d984-6af9-527e-a631-ab61498a4a07",
      "type": "Feature",
      "feature_type": "navigation",
      "geometry": {
        "type": "Point",
        "coordinates": [
          -123.250577899928,
          49.263433711387
        ]
      },
      "properties": {
        "debug_id": "AP-0528",
        "alt_name": {
          "en": "nav_projection_cabinet_0528"
        },
        "level_id": "41d0e8ca-d315-4b25-938c-7955db2daf2e",
        "wayfinding_type": "access_projection",
        "route_confirmed": true,
        "source": "col_25_cab_14",
        "sources": [
          "col_25_cab_14"
        ],
        "target": "path_161",
        "targets": [
          "path_161"
        ]
      }
    },
    {
      "id": "b16766ff-5a64-53e7-aa53-636cef8c7fba",
      "type": "Feature",
      "feature_type": "navigation",
      "geometry": {
        "type": "Point",
        "coordinates": [
          -123.250572786062,
          49.2634272935
        ]
      },
      "properties": {
        "debug_id": "AP-0529",
        "alt_name": {
          "en": "nav_projection_cabinet_0529"
        },
        "level_id": "41d0e8ca-d315-4b25-938c-7955db2daf2e",
        "wayfinding_type": "access_projection",
        "route_confirmed": true,
        "source": "col_25_cab_15",
        "sources": [
          "col_25_cab_15"
        ],
        "target": "path_161",
        "targets": [
          "path_161"
        ]
      }
    },
    {
      "id": "51bc8e32-9292-558a-8da7-34d0253d5492",
      "type": "Feature",
      "feature_type": "navigation",
      "geometry": {
        "type": "Point",
        "coordinates": [
          -123.250567672197,
          49.263420875612
        ]
      },
      "properties": {
        "debug_id": "AP-0530",
        "alt_name": {
          "en": "nav_projection_cabinet_0530"
        },
        "level_id": "41d0e8ca-d315-4b25-938c-7955db2daf2e",
        "wayfinding_type": "access_projection",
        "route_confirmed": true,
        "source": "col_25_cab_16",
        "sources": [
          "col_25_cab_16"
        ],
        "target": "path_161",
        "targets": [
          "path_161"
        ]
      }
    },
    {
      "id": "b370f35b-6eab-5873-8202-4d9b0bc4beef",
      "type": "Feature",
      "feature_type": "navigation",
      "geometry": {
        "type": "Point",
        "coordinates": [
          -123.250562558333,
          49.263414457723
        ]
      },
      "properties": {
        "debug_id": "AP-0531",
        "alt_name": {
          "en": "nav_projection_cabinet_0531"
        },
        "level_id": "41d0e8ca-d315-4b25-938c-7955db2daf2e",
        "wayfinding_type": "access_projection",
        "route_confirmed": true,
        "source": "col_25_cab_17",
        "sources": [
          "col_25_cab_17"
        ],
        "target": "path_117",
        "targets": [
          "path_117"
        ]
      }
    },
    {
      "id": "bfb16b81-54b9-5132-bfe5-79979b8df4a8",
      "type": "Feature",
      "feature_type": "navigation",
      "geometry": {
        "type": "Point",
        "coordinates": [
          -123.250557444469,
          49.263408039834
        ]
      },
      "properties": {
        "debug_id": "AP-0532",
        "alt_name": {
          "en": "nav_projection_cabinet_0532"
        },
        "level_id": "41d0e8ca-d315-4b25-938c-7955db2daf2e",
        "wayfinding_type": "access_projection",
        "route_confirmed": true,
        "source": "col_25_cab_18",
        "sources": [
          "col_25_cab_18"
        ],
        "target": "path_117",
        "targets": [
          "path_117"
        ]
      }
    },
    {
      "id": "a7c21ba8-21f9-5427-99fa-fbfc76b7f712",
      "type": "Feature",
      "feature_type": "navigation",
      "geometry": {
        "type": "Point",
        "coordinates": [
          -123.250632695653,
          49.263557947504
        ]
      },
      "properties": {
        "debug_id": "AP-0541",
        "alt_name": {
          "en": "nav_projection_cabinet_0541"
        },
        "level_id": "41d0e8ca-d315-4b25-938c-7955db2daf2e",
        "wayfinding_type": "access_projection",
        "route_confirmed": true,
        "source": "col_26_cab_26",
        "sources": [
          "col_26_cab_26",
          "col_27_cab_01"
        ],
        "target": "path_032",
        "targets": [
          "path_032"
        ]
      }
    },
    {
      "id": "48f2e7e1-8b52-52eb-945c-b1d0f254c750",
      "type": "Feature",
      "feature_type": "navigation",
      "geometry": {
        "type": "Point",
        "coordinates": [
          -123.250627581776,
          49.26355152963
        ]
      },
      "properties": {
        "debug_id": "AP-0542",
        "alt_name": {
          "en": "nav_projection_cabinet_0542"
        },
        "level_id": "41d0e8ca-d315-4b25-938c-7955db2daf2e",
        "wayfinding_type": "access_projection",
        "route_confirmed": true,
        "source": "col_26_cab_25",
        "sources": [
          "col_26_cab_25",
          "col_27_cab_02"
        ],
        "target": "path_032",
        "targets": [
          "path_032"
        ]
      }
    },
    {
      "id": "bbcf34f1-a25e-58fe-8120-2eca4654fd54",
      "type": "Feature",
      "feature_type": "navigation",
      "geometry": {
        "type": "Point",
        "coordinates": [
          -123.2506224679,
          49.263545111756
        ]
      },
      "properties": {
        "debug_id": "AP-0543",
        "alt_name": {
          "en": "nav_projection_cabinet_0543"
        },
        "level_id": "41d0e8ca-d315-4b25-938c-7955db2daf2e",
        "wayfinding_type": "access_projection",
        "route_confirmed": true,
        "source": "col_26_cab_24",
        "sources": [
          "col_26_cab_24",
          "col_27_cab_03"
        ],
        "target": "path_032",
        "targets": [
          "path_032"
        ]
      }
    },
    {
      "id": "94453d95-7bb2-5799-bc8a-35894510145e",
      "type": "Feature",
      "feature_type": "navigation",
      "geometry": {
        "type": "Point",
        "coordinates": [
          -123.25061224015,
          49.263532276005
        ]
      },
      "properties": {
        "debug_id": "AP-0544",
        "alt_name": {
          "en": "nav_projection_cabinet_0544"
        },
        "level_id": "41d0e8ca-d315-4b25-938c-7955db2daf2e",
        "wayfinding_type": "access_projection",
        "route_confirmed": true,
        "source": "col_26_cab_23",
        "sources": [
          "col_26_cab_23",
          "col_27_cab_04"
        ],
        "target": "path_147",
        "targets": [
          "path_147"
        ]
      }
    },
    {
      "id": "bbe06bb6-77bf-5665-a033-11b3f589345b",
      "type": "Feature",
      "feature_type": "navigation",
      "geometry": {
        "type": "Point",
        "coordinates": [
          -123.250607126275,
          49.263525858129
        ]
      },
      "properties": {
        "debug_id": "AP-0545",
        "alt_name": {
          "en": "nav_projection_cabinet_0545"
        },
        "level_id": "41d0e8ca-d315-4b25-938c-7955db2daf2e",
        "wayfinding_type": "access_projection",
        "route_confirmed": true,
        "source": "col_26_cab_22",
        "sources": [
          "col_26_cab_22",
          "col_27_cab_05"
        ],
        "target": "path_147",
        "targets": [
          "path_147"
        ]
      }
    },
    {
      "id": "fe83b3f5-5902-5f57-8877-4ed8040a416b",
      "type": "Feature",
      "feature_type": "navigation",
      "geometry": {
        "type": "Point",
        "coordinates": [
          -123.250602012402,
          49.263519440251
        ]
      },
      "properties": {
        "debug_id": "AP-0546",
        "alt_name": {
          "en": "nav_projection_cabinet_0546"
        },
        "level_id": "41d0e8ca-d315-4b25-938c-7955db2daf2e",
        "wayfinding_type": "access_projection",
        "route_confirmed": true,
        "source": "col_26_cab_21",
        "sources": [
          "col_26_cab_21",
          "col_27_cab_06"
        ],
        "target": "path_147",
        "targets": [
          "path_147"
        ]
      }
    },
    {
      "id": "c6f964f0-ef07-5ec3-b259-051119923f7f",
      "type": "Feature",
      "feature_type": "navigation",
      "geometry": {
        "type": "Point",
        "coordinates": [
          -123.25059689853,
          49.263513022372
        ]
      },
      "properties": {
        "debug_id": "AP-0547",
        "alt_name": {
          "en": "nav_projection_cabinet_0547"
        },
        "level_id": "41d0e8ca-d315-4b25-938c-7955db2daf2e",
        "wayfinding_type": "access_projection",
        "route_confirmed": true,
        "source": "col_26_cab_20",
        "sources": [
          "col_26_cab_20",
          "col_27_cab_07"
        ],
        "target": "path_147",
        "targets": [
          "path_147"
        ]
      }
    },
    {
      "id": "7b1a4a7e-7938-5204-a66a-6b811bb9b10d",
      "type": "Feature",
      "feature_type": "navigation",
      "geometry": {
        "type": "Point",
        "coordinates": [
          -123.250591784658,
          49.263506604493
        ]
      },
      "properties": {
        "debug_id": "AP-0548",
        "alt_name": {
          "en": "nav_projection_cabinet_0548"
        },
        "level_id": "41d0e8ca-d315-4b25-938c-7955db2daf2e",
        "wayfinding_type": "access_projection",
        "route_confirmed": true,
        "source": "col_26_cab_19",
        "sources": [
          "col_26_cab_19",
          "col_27_cab_08"
        ],
        "target": "path_147",
        "targets": [
          "path_147"
        ]
      }
    },
    {
      "id": "9d536571-1ed6-5305-852f-a19d8b4ca92f",
      "type": "Feature",
      "feature_type": "navigation",
      "geometry": {
        "type": "Point",
        "coordinates": [
          -123.250568881508,
          49.263477861149
        ]
      },
      "properties": {
        "debug_id": "AP-0549",
        "alt_name": {
          "en": "nav_projection_cabinet_0549"
        },
        "level_id": "41d0e8ca-d315-4b25-938c-7955db2daf2e",
        "wayfinding_type": "access_projection",
        "route_confirmed": true,
        "source": "col_26_cab_18",
        "sources": [
          "col_26_cab_18",
          "col_27_cab_09"
        ],
        "target": "path_119",
        "targets": [
          "path_119"
        ]
      }
    },
    {
      "id": "aebe5b11-8ef6-5121-be60-5b7d66b99a80",
      "type": "Feature",
      "feature_type": "navigation",
      "geometry": {
        "type": "Point",
        "coordinates": [
          -123.250563767641,
          49.263471443264
        ]
      },
      "properties": {
        "debug_id": "AP-0550",
        "alt_name": {
          "en": "nav_projection_cabinet_0550"
        },
        "level_id": "41d0e8ca-d315-4b25-938c-7955db2daf2e",
        "wayfinding_type": "access_projection",
        "route_confirmed": true,
        "source": "col_26_cab_17",
        "sources": [
          "col_26_cab_17",
          "col_27_cab_10"
        ],
        "target": "path_119",
        "targets": [
          "path_119"
        ]
      }
    },
    {
      "id": "d3218b00-0f45-5724-9c35-3e7b8c334276",
      "type": "Feature",
      "feature_type": "navigation",
      "geometry": {
        "type": "Point",
        "coordinates": [
          -123.250558653776,
          49.26346502538
        ]
      },
      "properties": {
        "debug_id": "AP-0551",
        "alt_name": {
          "en": "nav_projection_cabinet_0551"
        },
        "level_id": "41d0e8ca-d315-4b25-938c-7955db2daf2e",
        "wayfinding_type": "access_projection",
        "route_confirmed": true,
        "source": "col_26_cab_16",
        "sources": [
          "col_26_cab_16",
          "col_27_cab_11"
        ],
        "target": "path_119",
        "targets": [
          "path_119"
        ]
      }
    },
    {
      "id": "ca4c19d5-7e34-52a2-8388-9422573e1d08",
      "type": "Feature",
      "feature_type": "navigation",
      "geometry": {
        "type": "Point",
        "coordinates": [
          -123.25055353991,
          49.263458607494
        ]
      },
      "properties": {
        "debug_id": "AP-0552",
        "alt_name": {
          "en": "nav_projection_cabinet_0552"
        },
        "level_id": "41d0e8ca-d315-4b25-938c-7955db2daf2e",
        "wayfinding_type": "access_projection",
        "route_confirmed": true,
        "source": "col_26_cab_15",
        "sources": [
          "col_26_cab_15",
          "col_27_cab_12"
        ],
        "target": "path_119",
        "targets": [
          "path_119"
        ]
      }
    },
    {
      "id": "03d13c5c-ee0f-59ca-9f2d-27df7a6bf9ab",
      "type": "Feature",
      "feature_type": "navigation",
      "geometry": {
        "type": "Point",
        "coordinates": [
          -123.250548426047,
          49.263452189609
        ]
      },
      "properties": {
        "debug_id": "AP-0553",
        "alt_name": {
          "en": "nav_projection_cabinet_0553"
        },
        "level_id": "41d0e8ca-d315-4b25-938c-7955db2daf2e",
        "wayfinding_type": "access_projection",
        "route_confirmed": true,
        "source": "col_26_cab_14",
        "sources": [
          "col_26_cab_14",
          "col_27_cab_13"
        ],
        "target": "path_119",
        "targets": [
          "path_119"
        ]
      }
    },
    {
      "id": "6f08e689-437a-5b92-9982-5a06b6b83195",
      "type": "Feature",
      "feature_type": "navigation",
      "geometry": {
        "type": "Point",
        "coordinates": [
          -123.250543312183,
          49.263445771721
        ]
      },
      "properties": {
        "debug_id": "AP-0554",
        "alt_name": {
          "en": "nav_projection_cabinet_0554"
        },
        "level_id": "41d0e8ca-d315-4b25-938c-7955db2daf2e",
        "wayfinding_type": "access_projection",
        "route_confirmed": true,
        "source": "col_26_cab_13",
        "sources": [
          "col_26_cab_13",
          "col_27_cab_14"
        ],
        "target": "path_119",
        "targets": [
          "path_119"
        ]
      }
    },
    {
      "id": "84a522e7-ac65-59bf-a1be-862337fbc440",
      "type": "Feature",
      "feature_type": "navigation",
      "geometry": {
        "type": "Point",
        "coordinates": [
          -123.250538198321,
          49.263439353833
        ]
      },
      "properties": {
        "debug_id": "AP-0555",
        "alt_name": {
          "en": "nav_projection_cabinet_0555"
        },
        "level_id": "41d0e8ca-d315-4b25-938c-7955db2daf2e",
        "wayfinding_type": "access_projection",
        "route_confirmed": true,
        "source": "col_26_cab_12",
        "sources": [
          "col_26_cab_12",
          "col_27_cab_15"
        ],
        "target": "path_119",
        "targets": [
          "path_119"
        ]
      }
    },
    {
      "id": "d2305770-c900-5f16-a904-bec83e207314",
      "type": "Feature",
      "feature_type": "navigation",
      "geometry": {
        "type": "Point",
        "coordinates": [
          -123.250533084459,
          49.263432935945
        ]
      },
      "properties": {
        "debug_id": "AP-0556",
        "alt_name": {
          "en": "nav_projection_cabinet_0556"
        },
        "level_id": "41d0e8ca-d315-4b25-938c-7955db2daf2e",
        "wayfinding_type": "access_projection",
        "route_confirmed": true,
        "source": "col_26_cab_11",
        "sources": [
          "col_26_cab_11",
          "col_27_cab_16"
        ],
        "target": "path_119",
        "targets": [
          "path_119"
        ]
      }
    },
    {
      "id": "e402c852-df90-5e42-8843-8d44a812cd96",
      "type": "Feature",
      "feature_type": "navigation",
      "geometry": {
        "type": "Point",
        "coordinates": [
          -123.250527970599,
          49.263426518055
        ]
      },
      "properties": {
        "debug_id": "AP-0557",
        "alt_name": {
          "en": "nav_projection_cabinet_0557"
        },
        "level_id": "41d0e8ca-d315-4b25-938c-7955db2daf2e",
        "wayfinding_type": "access_projection",
        "route_confirmed": true,
        "source": "col_26_cab_10",
        "sources": [
          "col_26_cab_10",
          "col_27_cab_17"
        ],
        "target": "path_119",
        "targets": [
          "path_119"
        ]
      }
    },
    {
      "id": "f26133f9-f0e8-5fd8-b3e8-78dc5350b00b",
      "type": "Feature",
      "feature_type": "navigation",
      "geometry": {
        "type": "Point",
        "coordinates": [
          -123.250522856738,
          49.263420100164
        ]
      },
      "properties": {
        "debug_id": "AP-0558",
        "alt_name": {
          "en": "nav_projection_cabinet_0558"
        },
        "level_id": "41d0e8ca-d315-4b25-938c-7955db2daf2e",
        "wayfinding_type": "access_projection",
        "route_confirmed": true,
        "source": "col_26_cab_09",
        "sources": [
          "col_26_cab_09",
          "col_27_cab_18"
        ],
        "target": "path_119",
        "targets": [
          "path_119"
        ]
      }
    },
    {
      "id": "2b6f0c13-b386-5470-8e96-0447b0278234",
      "type": "Feature",
      "feature_type": "navigation",
      "geometry": {
        "type": "Point",
        "coordinates": [
          -123.25051774288,
          49.263413682273
        ]
      },
      "properties": {
        "debug_id": "AP-0559",
        "alt_name": {
          "en": "nav_projection_cabinet_0559"
        },
        "level_id": "41d0e8ca-d315-4b25-938c-7955db2daf2e",
        "wayfinding_type": "access_projection",
        "route_confirmed": true,
        "source": "col_26_cab_08",
        "sources": [
          "col_26_cab_08",
          "col_27_cab_19"
        ],
        "target": "path_119",
        "targets": [
          "path_119"
        ]
      }
    },
    {
      "id": "627385c6-fdf9-5e8b-a416-79b1796f5ee9",
      "type": "Feature",
      "feature_type": "navigation",
      "geometry": {
        "type": "Point",
        "coordinates": [
          -123.250512629021,
          49.263407264381
        ]
      },
      "properties": {
        "debug_id": "AP-0560",
        "alt_name": {
          "en": "nav_projection_cabinet_0560"
        },
        "level_id": "41d0e8ca-d315-4b25-938c-7955db2daf2e",
        "wayfinding_type": "access_projection",
        "route_confirmed": true,
        "source": "col_26_cab_07",
        "sources": [
          "col_26_cab_07",
          "col_27_cab_20"
        ],
        "target": "path_119",
        "targets": [
          "path_119"
        ]
      }
    },
    {
      "id": "7fa6ff40-7b5e-5457-ab4e-d698b58f28dd",
      "type": "Feature",
      "feature_type": "navigation",
      "geometry": {
        "type": "Point",
        "coordinates": [
          -123.250507515164,
          49.263400846488
        ]
      },
      "properties": {
        "debug_id": "AP-0561",
        "alt_name": {
          "en": "nav_projection_cabinet_0561"
        },
        "level_id": "41d0e8ca-d315-4b25-938c-7955db2daf2e",
        "wayfinding_type": "access_projection",
        "route_confirmed": true,
        "source": "col_26_cab_06",
        "sources": [
          "col_26_cab_06",
          "col_27_cab_21"
        ],
        "target": "path_119",
        "targets": [
          "path_119"
        ]
      }
    },
    {
      "id": "988bdeb3-8b23-5ff1-bf21-d06dd60d6d8f",
      "type": "Feature",
      "feature_type": "navigation",
      "geometry": {
        "type": "Point",
        "coordinates": [
          -123.250502401308,
          49.263394428595
        ]
      },
      "properties": {
        "debug_id": "AP-0562",
        "alt_name": {
          "en": "nav_projection_cabinet_0562"
        },
        "level_id": "41d0e8ca-d315-4b25-938c-7955db2daf2e",
        "wayfinding_type": "access_projection",
        "route_confirmed": true,
        "source": "col_26_cab_05",
        "sources": [
          "col_26_cab_05",
          "col_27_cab_22"
        ],
        "target": "path_119",
        "targets": [
          "path_119"
        ]
      }
    },
    {
      "id": "dcd8aa90-8b24-578b-add4-f164db109db7",
      "type": "Feature",
      "feature_type": "navigation",
      "geometry": {
        "type": "Point",
        "coordinates": [
          -123.250497287452,
          49.263388010701
        ]
      },
      "properties": {
        "debug_id": "AP-0563",
        "alt_name": {
          "en": "nav_projection_cabinet_0563"
        },
        "level_id": "41d0e8ca-d315-4b25-938c-7955db2daf2e",
        "wayfinding_type": "access_projection",
        "route_confirmed": true,
        "source": "col_26_cab_04",
        "sources": [
          "col_26_cab_04",
          "col_27_cab_23"
        ],
        "target": "path_119",
        "targets": [
          "path_119"
        ]
      }
    },
    {
      "id": "eb3240a7-a194-5771-9315-1cbea76d3fa9",
      "type": "Feature",
      "feature_type": "navigation",
      "geometry": {
        "type": "Point",
        "coordinates": [
          -123.250487137465,
          49.263375272449
        ]
      },
      "properties": {
        "debug_id": "AP-0564",
        "alt_name": {
          "en": "nav_projection_cabinet_0564"
        },
        "level_id": "41d0e8ca-d315-4b25-938c-7955db2daf2e",
        "wayfinding_type": "access_projection",
        "route_confirmed": true,
        "source": "col_26_cab_03",
        "sources": [
          "col_26_cab_03",
          "col_27_cab_24"
        ],
        "target": "path_120",
        "targets": [
          "path_120"
        ]
      }
    },
    {
      "id": "3a82324d-1818-5764-b5f7-56442bfbdcf9",
      "type": "Feature",
      "feature_type": "navigation",
      "geometry": {
        "type": "Point",
        "coordinates": [
          -123.250482023612,
          49.263368854552
        ]
      },
      "properties": {
        "debug_id": "AP-0565",
        "alt_name": {
          "en": "nav_projection_cabinet_0565"
        },
        "level_id": "41d0e8ca-d315-4b25-938c-7955db2daf2e",
        "wayfinding_type": "access_projection",
        "route_confirmed": true,
        "source": "col_26_cab_02",
        "sources": [
          "col_26_cab_02",
          "col_27_cab_25"
        ],
        "target": "path_120",
        "targets": [
          "path_120"
        ]
      }
    },
    {
      "id": "4551773b-d968-527a-b0b2-cf9c5dcd89b1",
      "type": "Feature",
      "feature_type": "navigation",
      "geometry": {
        "type": "Point",
        "coordinates": [
          -123.250476909759,
          49.263362436655
        ]
      },
      "properties": {
        "debug_id": "AP-0566",
        "alt_name": {
          "en": "nav_projection_cabinet_0566"
        },
        "level_id": "41d0e8ca-d315-4b25-938c-7955db2daf2e",
        "wayfinding_type": "access_projection",
        "route_confirmed": true,
        "source": "col_26_cab_01",
        "sources": [
          "col_26_cab_01",
          "life_on_earth_timeline",
          "col_27_cab_26"
        ],
        "target": "path_120",
        "targets": [
          "path_120"
        ]
      }
    },
    {
      "id": "3bff30a4-24ce-5878-be5e-32f130c33e50",
      "type": "Feature",
      "feature_type": "navigation",
      "geometry": {
        "type": "Point",
        "coordinates": [
          -123.250601239547,
          49.263568892953
        ]
      },
      "properties": {
        "debug_id": "AP-0593",
        "alt_name": {
          "en": "nav_projection_cabinet_0593"
        },
        "level_id": "41d0e8ca-d315-4b25-938c-7955db2daf2e",
        "wayfinding_type": "access_projection",
        "route_confirmed": true,
        "source": "col_28_cab_26",
        "sources": [
          "col_28_cab_26",
          "col_29_cab_01"
        ],
        "target": "path_034",
        "targets": [
          "path_034"
        ]
      }
    },
    {
      "id": "33e22f0f-722f-566d-8d89-ce392def688a",
      "type": "Feature",
      "feature_type": "navigation",
      "geometry": {
        "type": "Point",
        "coordinates": [
          -123.250596125673,
          49.263562475079
        ]
      },
      "properties": {
        "debug_id": "AP-0594",
        "alt_name": {
          "en": "nav_projection_cabinet_0594"
        },
        "level_id": "41d0e8ca-d315-4b25-938c-7955db2daf2e",
        "wayfinding_type": "access_projection",
        "route_confirmed": true,
        "source": "col_28_cab_25",
        "sources": [
          "col_28_cab_25",
          "col_29_cab_02"
        ],
        "target": "path_034",
        "targets": [
          "path_034"
        ]
      }
    },
    {
      "id": "f307f594-60ea-5b5d-8caf-89b9f833d902",
      "type": "Feature",
      "feature_type": "navigation",
      "geometry": {
        "type": "Point",
        "coordinates": [
          -123.250591011801,
          49.263556057204
        ]
      },
      "properties": {
        "debug_id": "AP-0595",
        "alt_name": {
          "en": "nav_projection_cabinet_0595"
        },
        "level_id": "41d0e8ca-d315-4b25-938c-7955db2daf2e",
        "wayfinding_type": "access_projection",
        "route_confirmed": true,
        "source": "col_28_cab_24",
        "sources": [
          "col_28_cab_24",
          "col_29_cab_03"
        ],
        "target": "path_034",
        "targets": [
          "path_034"
        ]
      }
    },
    {
      "id": "25247aa2-a6c3-53f9-b73e-52001e5bf500",
      "type": "Feature",
      "feature_type": "navigation",
      "geometry": {
        "type": "Point",
        "coordinates": [
          -123.250580796448,
          49.263543237003
        ]
      },
      "properties": {
        "debug_id": "AP-0596",
        "alt_name": {
          "en": "nav_projection_cabinet_0596"
        },
        "level_id": "41d0e8ca-d315-4b25-938c-7955db2daf2e",
        "wayfinding_type": "access_projection",
        "route_confirmed": true,
        "source": "col_28_cab_23",
        "sources": [
          "col_28_cab_23",
          "col_29_cab_04"
        ],
        "target": "path_144",
        "targets": [
          "path_144"
        ]
      }
    },
    {
      "id": "407ef057-c5e3-5dbc-bb74-183b73768854",
      "type": "Feature",
      "feature_type": "navigation",
      "geometry": {
        "type": "Point",
        "coordinates": [
          -123.250575682578,
          49.263536819125
        ]
      },
      "properties": {
        "debug_id": "AP-0597",
        "alt_name": {
          "en": "nav_projection_cabinet_0597"
        },
        "level_id": "41d0e8ca-d315-4b25-938c-7955db2daf2e",
        "wayfinding_type": "access_projection",
        "route_confirmed": true,
        "source": "col_28_cab_22",
        "sources": [
          "col_28_cab_22",
          "col_29_cab_05"
        ],
        "target": "path_144",
        "targets": [
          "path_144"
        ]
      }
    },
    {
      "id": "efb47bfd-ab38-50dd-9e9c-42d4721e1b6a",
      "type": "Feature",
      "feature_type": "navigation",
      "geometry": {
        "type": "Point",
        "coordinates": [
          -123.250570568708,
          49.263530401247
        ]
      },
      "properties": {
        "debug_id": "AP-0598",
        "alt_name": {
          "en": "nav_projection_cabinet_0598"
        },
        "level_id": "41d0e8ca-d315-4b25-938c-7955db2daf2e",
        "wayfinding_type": "access_projection",
        "route_confirmed": true,
        "source": "col_28_cab_21",
        "sources": [
          "col_28_cab_21",
          "col_29_cab_06"
        ],
        "target": "path_144",
        "targets": [
          "path_144"
        ]
      }
    },
    {
      "id": "89ededda-3bb5-5e92-8474-d123d92f6887",
      "type": "Feature",
      "feature_type": "navigation",
      "geometry": {
        "type": "Point",
        "coordinates": [
          -123.250565454839,
          49.263523983368
        ]
      },
      "properties": {
        "debug_id": "AP-0599",
        "alt_name": {
          "en": "nav_projection_cabinet_0599"
        },
        "level_id": "41d0e8ca-d315-4b25-938c-7955db2daf2e",
        "wayfinding_type": "access_projection",
        "route_confirmed": true,
        "source": "col_28_cab_20",
        "sources": [
          "col_28_cab_20",
          "col_29_cab_07"
        ],
        "target": "path_144",
        "targets": [
          "path_144"
        ]
      }
    },
    {
      "id": "1ca70086-3735-53d5-99dc-31857d9e76af",
      "type": "Feature",
      "feature_type": "navigation",
      "geometry": {
        "type": "Point",
        "coordinates": [
          -123.250560340972,
          49.263517565488
        ]
      },
      "properties": {
        "debug_id": "AP-0600",
        "alt_name": {
          "en": "nav_projection_cabinet_0600"
        },
        "level_id": "41d0e8ca-d315-4b25-938c-7955db2daf2e",
        "wayfinding_type": "access_projection",
        "route_confirmed": true,
        "source": "col_28_cab_19",
        "sources": [
          "col_28_cab_19",
          "col_29_cab_08"
        ],
        "target": "path_144",
        "targets": [
          "path_144"
        ]
      }
    },
    {
      "id": "d30f7a86-6d77-5a9d-b189-eb07823a8cc7",
      "type": "Feature",
      "feature_type": "navigation",
      "geometry": {
        "type": "Point",
        "coordinates": [
          -123.25053750317,
          49.263488904133
        ]
      },
      "properties": {
        "debug_id": "AP-0601",
        "alt_name": {
          "en": "nav_projection_cabinet_0601"
        },
        "level_id": "41d0e8ca-d315-4b25-938c-7955db2daf2e",
        "wayfinding_type": "access_projection",
        "route_confirmed": true,
        "source": "col_28_cab_18",
        "sources": [
          "col_28_cab_18",
          "col_29_cab_09"
        ],
        "target": "path_122",
        "targets": [
          "path_122"
        ]
      }
    },
    {
      "id": "1693e3b3-85ea-56ea-a2bb-55efc758eebe",
      "type": "Feature",
      "feature_type": "navigation",
      "geometry": {
        "type": "Point",
        "coordinates": [
          -123.250532389306,
          49.263482486248
        ]
      },
      "properties": {
        "debug_id": "AP-0602",
        "alt_name": {
          "en": "nav_projection_cabinet_0602"
        },
        "level_id": "41d0e8ca-d315-4b25-938c-7955db2daf2e",
        "wayfinding_type": "access_projection",
        "route_confirmed": true,
        "source": "col_28_cab_17",
        "sources": [
          "col_28_cab_17",
          "col_29_cab_10"
        ],
        "target": "path_122",
        "targets": [
          "path_122"
        ]
      }
    },
    {
      "id": "b875e936-47b0-5cbe-903b-f481facaa325",
      "type": "Feature",
      "feature_type": "navigation",
      "geometry": {
        "type": "Point",
        "coordinates": [
          -123.250527275444,
          49.263476068363
        ]
      },
      "properties": {
        "debug_id": "AP-0603",
        "alt_name": {
          "en": "nav_projection_cabinet_0603"
        },
        "level_id": "41d0e8ca-d315-4b25-938c-7955db2daf2e",
        "wayfinding_type": "access_projection",
        "route_confirmed": true,
        "source": "col_28_cab_16",
        "sources": [
          "col_28_cab_16",
          "col_29_cab_11"
        ],
        "target": "path_122",
        "targets": [
          "path_122"
        ]
      }
    },
    {
      "id": "ad410829-70b1-557a-976e-ccea5f9b66df",
      "type": "Feature",
      "feature_type": "navigation",
      "geometry": {
        "type": "Point",
        "coordinates": [
          -123.250522161583,
          49.263469650477
        ]
      },
      "properties": {
        "debug_id": "AP-0604",
        "alt_name": {
          "en": "nav_projection_cabinet_0604"
        },
        "level_id": "41d0e8ca-d315-4b25-938c-7955db2daf2e",
        "wayfinding_type": "access_projection",
        "route_confirmed": true,
        "source": "col_28_cab_15",
        "sources": [
          "col_28_cab_15",
          "col_29_cab_12"
        ],
        "target": "path_122",
        "targets": [
          "path_122"
        ]
      }
    },
    {
      "id": "15724936-8b2b-58f9-8542-c7971f24d1a0",
      "type": "Feature",
      "feature_type": "navigation",
      "geometry": {
        "type": "Point",
        "coordinates": [
          -123.250517047722,
          49.26346323259
        ]
      },
      "properties": {
        "debug_id": "AP-0605",
        "alt_name": {
          "en": "nav_projection_cabinet_0605"
        },
        "level_id": "41d0e8ca-d315-4b25-938c-7955db2daf2e",
        "wayfinding_type": "access_projection",
        "route_confirmed": true,
        "source": "col_28_cab_14",
        "sources": [
          "col_28_cab_14",
          "col_29_cab_13"
        ],
        "target": "path_122",
        "targets": [
          "path_122"
        ]
      }
    },
    {
      "id": "1f895fb5-6caa-5bea-b375-a8a12b0c80e1",
      "type": "Feature",
      "feature_type": "navigation",
      "geometry": {
        "type": "Point",
        "coordinates": [
          -123.250511933862,
          49.263456814703
        ]
      },
      "properties": {
        "debug_id": "AP-0606",
        "alt_name": {
          "en": "nav_projection_cabinet_0606"
        },
        "level_id": "41d0e8ca-d315-4b25-938c-7955db2daf2e",
        "wayfinding_type": "access_projection",
        "route_confirmed": true,
        "source": "col_28_cab_13",
        "sources": [
          "col_28_cab_13",
          "col_29_cab_14"
        ],
        "target": "path_122",
        "targets": [
          "path_122"
        ]
      }
    },
    {
      "id": "03f23a88-d21e-5dfb-8730-9c04d9735555",
      "type": "Feature",
      "feature_type": "navigation",
      "geometry": {
        "type": "Point",
        "coordinates": [
          -123.250506820003,
          49.263450396814
        ]
      },
      "properties": {
        "debug_id": "AP-0607",
        "alt_name": {
          "en": "nav_projection_cabinet_0607"
        },
        "level_id": "41d0e8ca-d315-4b25-938c-7955db2daf2e",
        "wayfinding_type": "access_projection",
        "route_confirmed": true,
        "source": "col_28_cab_12",
        "sources": [
          "col_28_cab_12",
          "col_29_cab_15"
        ],
        "target": "path_122",
        "targets": [
          "path_122"
        ]
      }
    },
    {
      "id": "026e3ca9-514a-5f14-b3b3-4c0aa2166b84",
      "type": "Feature",
      "feature_type": "navigation",
      "geometry": {
        "type": "Point",
        "coordinates": [
          -123.250501706146,
          49.263443978925
        ]
      },
      "properties": {
        "debug_id": "AP-0608",
        "alt_name": {
          "en": "nav_projection_cabinet_0608"
        },
        "level_id": "41d0e8ca-d315-4b25-938c-7955db2daf2e",
        "wayfinding_type": "access_projection",
        "route_confirmed": true,
        "source": "col_28_cab_11",
        "sources": [
          "col_28_cab_11",
          "col_29_cab_16"
        ],
        "target": "path_122",
        "targets": [
          "path_122"
        ]
      }
    },
    {
      "id": "eb764095-316a-5f4c-9b4c-05bd3c70c18e",
      "type": "Feature",
      "feature_type": "navigation",
      "geometry": {
        "type": "Point",
        "coordinates": [
          -123.250496592289,
          49.263437561035
        ]
      },
      "properties": {
        "debug_id": "AP-0609",
        "alt_name": {
          "en": "nav_projection_cabinet_0609"
        },
        "level_id": "41d0e8ca-d315-4b25-938c-7955db2daf2e",
        "wayfinding_type": "access_projection",
        "route_confirmed": true,
        "source": "col_28_cab_10",
        "sources": [
          "col_28_cab_10",
          "col_29_cab_17"
        ],
        "target": "path_122",
        "targets": [
          "path_122"
        ]
      }
    },
    {
      "id": "90c671d3-e218-5dfa-8819-ebbd5d25b38a",
      "type": "Feature",
      "feature_type": "navigation",
      "geometry": {
        "type": "Point",
        "coordinates": [
          -123.250491478433,
          49.263431143145
        ]
      },
      "properties": {
        "debug_id": "AP-0610",
        "alt_name": {
          "en": "nav_projection_cabinet_0610"
        },
        "level_id": "41d0e8ca-d315-4b25-938c-7955db2daf2e",
        "wayfinding_type": "access_projection",
        "route_confirmed": true,
        "source": "col_28_cab_09",
        "sources": [
          "col_28_cab_09",
          "col_29_cab_18"
        ],
        "target": "path_122",
        "targets": [
          "path_122"
        ]
      }
    },
    {
      "id": "eb93ad1f-d5a8-579b-9e81-67debc0f5f84",
      "type": "Feature",
      "feature_type": "navigation",
      "geometry": {
        "type": "Point",
        "coordinates": [
          -123.250486364578,
          49.263424725252
        ]
      },
      "properties": {
        "debug_id": "AP-0611",
        "alt_name": {
          "en": "nav_projection_cabinet_0611"
        },
        "level_id": "41d0e8ca-d315-4b25-938c-7955db2daf2e",
        "wayfinding_type": "access_projection",
        "route_confirmed": true,
        "source": "col_28_cab_08",
        "sources": [
          "col_28_cab_08",
          "col_29_cab_19"
        ],
        "target": "path_122",
        "targets": [
          "path_122"
        ]
      }
    },
    {
      "id": "0730e99d-1593-5feb-bd5d-04d821dba279",
      "type": "Feature",
      "feature_type": "navigation",
      "geometry": {
        "type": "Point",
        "coordinates": [
          -123.250481250723,
          49.26341830736
        ]
      },
      "properties": {
        "debug_id": "AP-0612",
        "alt_name": {
          "en": "nav_projection_cabinet_0612"
        },
        "level_id": "41d0e8ca-d315-4b25-938c-7955db2daf2e",
        "wayfinding_type": "access_projection",
        "route_confirmed": true,
        "source": "col_28_cab_07",
        "sources": [
          "col_28_cab_07",
          "col_29_cab_20"
        ],
        "target": "path_122",
        "targets": [
          "path_122"
        ]
      }
    },
    {
      "id": "2e22b236-bd2c-588b-85ed-02e85bf3edec",
      "type": "Feature",
      "feature_type": "navigation",
      "geometry": {
        "type": "Point",
        "coordinates": [
          -123.250476136869,
          49.263411889466
        ]
      },
      "properties": {
        "debug_id": "AP-0613",
        "alt_name": {
          "en": "nav_projection_cabinet_0613"
        },
        "level_id": "41d0e8ca-d315-4b25-938c-7955db2daf2e",
        "wayfinding_type": "access_projection",
        "route_confirmed": true,
        "source": "col_28_cab_06",
        "sources": [
          "col_28_cab_06",
          "col_29_cab_21"
        ],
        "target": "path_122",
        "targets": [
          "path_122"
        ]
      }
    },
    {
      "id": "99b8535b-2f7d-5aa6-949c-5e8c9946a7b6",
      "type": "Feature",
      "feature_type": "navigation",
      "geometry": {
        "type": "Point",
        "coordinates": [
          -123.250471023017,
          49.263405471572
        ]
      },
      "properties": {
        "debug_id": "AP-0614",
        "alt_name": {
          "en": "nav_projection_cabinet_0614"
        },
        "level_id": "41d0e8ca-d315-4b25-938c-7955db2daf2e",
        "wayfinding_type": "access_projection",
        "route_confirmed": true,
        "source": "col_28_cab_05",
        "sources": [
          "col_28_cab_05",
          "col_29_cab_22"
        ],
        "target": "path_122",
        "targets": [
          "path_122"
        ]
      }
    },
    {
      "id": "f373729b-f333-521d-8c0a-2b9e30a9bad8",
      "type": "Feature",
      "feature_type": "navigation",
      "geometry": {
        "type": "Point",
        "coordinates": [
          -123.250465909165,
          49.263399053678
        ]
      },
      "properties": {
        "debug_id": "AP-0615",
        "alt_name": {
          "en": "nav_projection_cabinet_0615"
        },
        "level_id": "41d0e8ca-d315-4b25-938c-7955db2daf2e",
        "wayfinding_type": "access_projection",
        "route_confirmed": true,
        "source": "col_28_cab_04",
        "sources": [
          "col_28_cab_04",
          "col_29_cab_23"
        ],
        "target": "path_122",
        "targets": [
          "path_122"
        ]
      }
    },
    {
      "id": "1c4aed34-aace-5a84-b0d8-e889bfee4de3",
      "type": "Feature",
      "feature_type": "navigation",
      "geometry": {
        "type": "Point",
        "coordinates": [
          -123.250455681463,
          49.263386217885
        ]
      },
      "properties": {
        "debug_id": "AP-0616",
        "alt_name": {
          "en": "nav_projection_cabinet_0616"
        },
        "level_id": "41d0e8ca-d315-4b25-938c-7955db2daf2e",
        "wayfinding_type": "access_projection",
        "route_confirmed": true,
        "source": "col_28_cab_03",
        "sources": [
          "col_28_cab_03",
          "col_29_cab_24"
        ],
        "target": "path_123",
        "targets": [
          "path_123"
        ]
      }
    },
    {
      "id": "aaaa9b94-8417-55d3-8f60-9341d293f747",
      "type": "Feature",
      "feature_type": "navigation",
      "geometry": {
        "type": "Point",
        "coordinates": [
          -123.250450567614,
          49.263379799987
        ]
      },
      "properties": {
        "debug_id": "AP-0617",
        "alt_name": {
          "en": "nav_projection_cabinet_0617"
        },
        "level_id": "41d0e8ca-d315-4b25-938c-7955db2daf2e",
        "wayfinding_type": "access_projection",
        "route_confirmed": true,
        "source": "col_28_cab_02",
        "sources": [
          "col_28_cab_02",
          "col_29_cab_25"
        ],
        "target": "path_123",
        "targets": [
          "path_123"
        ]
      }
    },
    {
      "id": "13d3ddd4-73b5-5e44-92e4-760e21c3b1aa",
      "type": "Feature",
      "feature_type": "navigation",
      "geometry": {
        "type": "Point",
        "coordinates": [
          -123.250445453766,
          49.263373382089
        ]
      },
      "properties": {
        "debug_id": "AP-0618",
        "alt_name": {
          "en": "nav_projection_cabinet_0618"
        },
        "level_id": "41d0e8ca-d315-4b25-938c-7955db2daf2e",
        "wayfinding_type": "access_projection",
        "route_confirmed": true,
        "source": "col_28_cab_01",
        "sources": [
          "col_28_cab_01",
          "col_29_cab_26"
        ],
        "target": "path_123",
        "targets": [
          "path_123"
        ]
      }
    },
    {
      "id": "26075389-e534-5823-8caf-732b2944810f",
      "type": "Feature",
      "feature_type": "navigation",
      "geometry": {
        "type": "Point",
        "coordinates": [
          -123.25056662599,
          49.263580915966
        ]
      },
      "properties": {
        "debug_id": "AP-0645",
        "alt_name": {
          "en": "nav_projection_cabinet_0645"
        },
        "level_id": "41d0e8ca-d315-4b25-938c-7955db2daf2e",
        "wayfinding_type": "access_projection",
        "route_confirmed": true,
        "source": "col_30_cab_26",
        "sources": [
          "col_30_cab_26",
          "col_31_cab_01",
          "moss_bag_beading_artwork"
        ],
        "target": "path_036",
        "targets": [
          "path_036"
        ]
      }
    },
    {
      "id": "91d8438f-d9a2-5f75-879c-04a4048031ba",
      "type": "Feature",
      "feature_type": "navigation",
      "geometry": {
        "type": "Point",
        "coordinates": [
          -123.25056151212,
          49.263574498092
        ]
      },
      "properties": {
        "debug_id": "AP-0646",
        "alt_name": {
          "en": "nav_projection_cabinet_0646"
        },
        "level_id": "41d0e8ca-d315-4b25-938c-7955db2daf2e",
        "wayfinding_type": "access_projection",
        "route_confirmed": true,
        "source": "col_30_cab_25",
        "sources": [
          "col_30_cab_25",
          "col_31_cab_02"
        ],
        "target": "path_036",
        "targets": [
          "path_036"
        ]
      }
    },
    {
      "id": "9f6da443-e1ad-5613-8328-9d35890db350",
      "type": "Feature",
      "feature_type": "navigation",
      "geometry": {
        "type": "Point",
        "coordinates": [
          -123.250556398251,
          49.263568080216
        ]
      },
      "properties": {
        "debug_id": "AP-0647",
        "alt_name": {
          "en": "nav_projection_cabinet_0647"
        },
        "level_id": "41d0e8ca-d315-4b25-938c-7955db2daf2e",
        "wayfinding_type": "access_projection",
        "route_confirmed": true,
        "source": "col_30_cab_24",
        "sources": [
          "col_30_cab_24",
          "col_31_cab_03"
        ],
        "target": "path_036",
        "targets": [
          "path_036"
        ]
      }
    },
    {
      "id": "60d81d69-fa7b-5592-abc6-ca45a8e48ee1",
      "type": "Feature",
      "feature_type": "navigation",
      "geometry": {
        "type": "Point",
        "coordinates": [
          -123.250546182906,
          49.263555260013
        ]
      },
      "properties": {
        "debug_id": "AP-0648",
        "alt_name": {
          "en": "nav_projection_cabinet_0648"
        },
        "level_id": "41d0e8ca-d315-4b25-938c-7955db2daf2e",
        "wayfinding_type": "access_projection",
        "route_confirmed": true,
        "source": "col_30_cab_23",
        "sources": [
          "col_30_cab_23",
          "col_31_cab_04"
        ],
        "target": "path_145",
        "targets": [
          "path_145"
        ]
      }
    },
    {
      "id": "f0d31557-fa91-5ecd-8756-cf456e035e31",
      "type": "Feature",
      "feature_type": "navigation",
      "geometry": {
        "type": "Point",
        "coordinates": [
          -123.250541069039,
          49.263548842135
        ]
      },
      "properties": {
        "debug_id": "AP-0649",
        "alt_name": {
          "en": "nav_projection_cabinet_0649"
        },
        "level_id": "41d0e8ca-d315-4b25-938c-7955db2daf2e",
        "wayfinding_type": "access_projection",
        "route_confirmed": true,
        "source": "col_30_cab_22",
        "sources": [
          "col_30_cab_22",
          "col_31_cab_05"
        ],
        "target": "path_145",
        "targets": [
          "path_145"
        ]
      }
    },
    {
      "id": "8c75c233-7a39-5171-8cf7-32df1e4794e7",
      "type": "Feature",
      "feature_type": "navigation",
      "geometry": {
        "type": "Point",
        "coordinates": [
          -123.250535955174,
          49.263542424256
        ]
      },
      "properties": {
        "debug_id": "AP-0650",
        "alt_name": {
          "en": "nav_projection_cabinet_0650"
        },
        "level_id": "41d0e8ca-d315-4b25-938c-7955db2daf2e",
        "wayfinding_type": "access_projection",
        "route_confirmed": true,
        "source": "col_30_cab_21",
        "sources": [
          "col_30_cab_21",
          "col_31_cab_06"
        ],
        "target": "path_145",
        "targets": [
          "path_145"
        ]
      }
    },
    {
      "id": "a77d7254-e37b-51b5-bdd5-35309b5ad81c",
      "type": "Feature",
      "feature_type": "navigation",
      "geometry": {
        "type": "Point",
        "coordinates": [
          -123.250530841309,
          49.263536006376
        ]
      },
      "properties": {
        "debug_id": "AP-0651",
        "alt_name": {
          "en": "nav_projection_cabinet_0651"
        },
        "level_id": "41d0e8ca-d315-4b25-938c-7955db2daf2e",
        "wayfinding_type": "access_projection",
        "route_confirmed": true,
        "source": "col_30_cab_20",
        "sources": [
          "col_30_cab_20",
          "col_31_cab_07"
        ],
        "target": "path_145",
        "targets": [
          "path_145"
        ]
      }
    },
    {
      "id": "610436c3-eff4-53cf-81d1-6c31996fd83e",
      "type": "Feature",
      "feature_type": "navigation",
      "geometry": {
        "type": "Point",
        "coordinates": [
          -123.250525727446,
          49.263529588496
        ]
      },
      "properties": {
        "debug_id": "AP-0652",
        "alt_name": {
          "en": "nav_projection_cabinet_0652"
        },
        "level_id": "41d0e8ca-d315-4b25-938c-7955db2daf2e",
        "wayfinding_type": "access_projection",
        "route_confirmed": true,
        "source": "col_30_cab_19",
        "sources": [
          "col_30_cab_19",
          "col_31_cab_08"
        ],
        "target": "path_145",
        "targets": [
          "path_145"
        ]
      }
    },
    {
      "id": "1044f9c2-a59a-57a0-a01a-07feeed87445",
      "type": "Feature",
      "feature_type": "navigation",
      "geometry": {
        "type": "Point",
        "coordinates": [
          -123.250502840815,
          49.263500865836
        ]
      },
      "properties": {
        "debug_id": "AP-0653",
        "alt_name": {
          "en": "nav_projection_cabinet_0653"
        },
        "level_id": "41d0e8ca-d315-4b25-938c-7955db2daf2e",
        "wayfinding_type": "access_projection",
        "route_confirmed": true,
        "source": "col_30_cab_18",
        "sources": [
          "col_30_cab_18"
        ],
        "target": "path_127",
        "targets": [
          "path_127"
        ]
      }
    },
    {
      "id": "ca87e8fe-41ba-562c-9b54-76fb3024cfee",
      "type": "Feature",
      "feature_type": "navigation",
      "geometry": {
        "type": "Point",
        "coordinates": [
          -123.250497726956,
          49.263494447951
        ]
      },
      "properties": {
        "debug_id": "AP-0654",
        "alt_name": {
          "en": "nav_projection_cabinet_0654"
        },
        "level_id": "41d0e8ca-d315-4b25-938c-7955db2daf2e",
        "wayfinding_type": "access_projection",
        "route_confirmed": true,
        "source": "col_30_cab_17",
        "sources": [
          "col_30_cab_17"
        ],
        "target": "path_127",
        "targets": [
          "path_127"
        ]
      }
    },
    {
      "id": "5894bc46-c1ad-51dc-be3a-ff92e98cc79b",
      "type": "Feature",
      "feature_type": "navigation",
      "geometry": {
        "type": "Point",
        "coordinates": [
          -123.250492613097,
          49.263488030065
        ]
      },
      "properties": {
        "debug_id": "AP-0655",
        "alt_name": {
          "en": "nav_projection_cabinet_0655"
        },
        "level_id": "41d0e8ca-d315-4b25-938c-7955db2daf2e",
        "wayfinding_type": "access_projection",
        "route_confirmed": true,
        "source": "col_30_cab_16",
        "sources": [
          "col_30_cab_16"
        ],
        "target": "path_127",
        "targets": [
          "path_127"
        ]
      }
    },
    {
      "id": "e7b984d2-5818-5a0b-b792-3cda083c2a07",
      "type": "Feature",
      "feature_type": "navigation",
      "geometry": {
        "type": "Point",
        "coordinates": [
          -123.250487499239,
          49.263481612178
        ]
      },
      "properties": {
        "debug_id": "AP-0656",
        "alt_name": {
          "en": "nav_projection_cabinet_0656"
        },
        "level_id": "41d0e8ca-d315-4b25-938c-7955db2daf2e",
        "wayfinding_type": "access_projection",
        "route_confirmed": true,
        "source": "col_30_cab_15",
        "sources": [
          "col_30_cab_15"
        ],
        "target": "path_127",
        "targets": [
          "path_127"
        ]
      }
    },
    {
      "id": "3fb31f07-767e-5cdc-aaf3-a7ca59e3e3f0",
      "type": "Feature",
      "feature_type": "navigation",
      "geometry": {
        "type": "Point",
        "coordinates": [
          -123.250482385383,
          49.263475194291
        ]
      },
      "properties": {
        "debug_id": "AP-0657",
        "alt_name": {
          "en": "nav_projection_cabinet_0657"
        },
        "level_id": "41d0e8ca-d315-4b25-938c-7955db2daf2e",
        "wayfinding_type": "access_projection",
        "route_confirmed": true,
        "source": "col_30_cab_14",
        "sources": [
          "col_30_cab_14"
        ],
        "target": "path_127",
        "targets": [
          "path_127"
        ]
      }
    },
    {
      "id": "9cfa0c1f-a921-5f23-a179-ed5bc621536b",
      "type": "Feature",
      "feature_type": "navigation",
      "geometry": {
        "type": "Point",
        "coordinates": [
          -123.250477271527,
          49.263468776402
        ]
      },
      "properties": {
        "debug_id": "AP-0658",
        "alt_name": {
          "en": "nav_projection_cabinet_0658"
        },
        "level_id": "41d0e8ca-d315-4b25-938c-7955db2daf2e",
        "wayfinding_type": "access_projection",
        "route_confirmed": true,
        "source": "col_30_cab_13",
        "sources": [
          "col_30_cab_13"
        ],
        "target": "path_127",
        "targets": [
          "path_127"
        ]
      }
    },
    {
      "id": "46101c6b-1ac6-58dd-8b87-efd99a532a6b",
      "type": "Feature",
      "feature_type": "navigation",
      "geometry": {
        "type": "Point",
        "coordinates": [
          -123.250472157672,
          49.263462358513
        ]
      },
      "properties": {
        "debug_id": "AP-0659",
        "alt_name": {
          "en": "nav_projection_cabinet_0659"
        },
        "level_id": "41d0e8ca-d315-4b25-938c-7955db2daf2e",
        "wayfinding_type": "access_projection",
        "route_confirmed": true,
        "source": "col_30_cab_12",
        "sources": [
          "col_30_cab_12"
        ],
        "target": "path_127",
        "targets": [
          "path_127"
        ]
      }
    },
    {
      "id": "027f78ac-decc-5a3e-8a94-dc105e0002d1",
      "type": "Feature",
      "feature_type": "navigation",
      "geometry": {
        "type": "Point",
        "coordinates": [
          -123.250467043817,
          49.263455940623
        ]
      },
      "properties": {
        "debug_id": "AP-0660",
        "alt_name": {
          "en": "nav_projection_cabinet_0660"
        },
        "level_id": "41d0e8ca-d315-4b25-938c-7955db2daf2e",
        "wayfinding_type": "access_projection",
        "route_confirmed": true,
        "source": "col_30_cab_11",
        "sources": [
          "col_30_cab_11"
        ],
        "target": "path_127",
        "targets": [
          "path_127"
        ]
      }
    },
    {
      "id": "217de3ee-0a70-5929-9dd7-432c7513f79e",
      "type": "Feature",
      "feature_type": "navigation",
      "geometry": {
        "type": "Point",
        "coordinates": [
          -123.250461929964,
          49.263449522732
        ]
      },
      "properties": {
        "debug_id": "AP-0661",
        "alt_name": {
          "en": "nav_projection_cabinet_0661"
        },
        "level_id": "41d0e8ca-d315-4b25-938c-7955db2daf2e",
        "wayfinding_type": "access_projection",
        "route_confirmed": true,
        "source": "col_30_cab_10",
        "sources": [
          "col_30_cab_10"
        ],
        "target": "path_127",
        "targets": [
          "path_127"
        ]
      }
    },
    {
      "id": "8ed615e5-2155-5a5e-b5cf-5def8f467a9c",
      "type": "Feature",
      "feature_type": "navigation",
      "geometry": {
        "type": "Point",
        "coordinates": [
          -123.250456816112,
          49.26344310484
        ]
      },
      "properties": {
        "debug_id": "AP-0662",
        "alt_name": {
          "en": "nav_projection_cabinet_0662"
        },
        "level_id": "41d0e8ca-d315-4b25-938c-7955db2daf2e",
        "wayfinding_type": "access_projection",
        "route_confirmed": true,
        "source": "col_30_cab_09",
        "sources": [
          "col_30_cab_09"
        ],
        "target": "path_124",
        "targets": [
          "path_124"
        ]
      }
    },
    {
      "id": "3a170a53-bb8b-5843-845f-82e7cf5378cc",
      "type": "Feature",
      "feature_type": "navigation",
      "geometry": {
        "type": "Point",
        "coordinates": [
          -123.250451751108,
          49.263436748252
        ]
      },
      "properties": {
        "debug_id": "AP-0663",
        "alt_name": {
          "en": "nav_projection_cabinet_0663"
        },
        "level_id": "41d0e8ca-d315-4b25-938c-7955db2daf2e",
        "wayfinding_type": "access_projection",
        "route_confirmed": true,
        "source": "col_30_cab_08",
        "sources": [
          "col_30_cab_08",
          "col_31_cab_09"
        ],
        "target": "path_124",
        "targets": [
          "path_124"
        ]
      }
    },
    {
      "id": "e9e2d668-0bb5-5628-b1a3-174aa0c06e99",
      "type": "Feature",
      "feature_type": "navigation",
      "geometry": {
        "type": "Point",
        "coordinates": [
          -123.250446637258,
          49.263430330359
        ]
      },
      "properties": {
        "debug_id": "AP-0664",
        "alt_name": {
          "en": "nav_projection_cabinet_0664"
        },
        "level_id": "41d0e8ca-d315-4b25-938c-7955db2daf2e",
        "wayfinding_type": "access_projection",
        "route_confirmed": true,
        "source": "col_30_cab_07",
        "sources": [
          "col_30_cab_07",
          "col_31_cab_10"
        ],
        "target": "path_124",
        "targets": [
          "path_124"
        ]
      }
    },
    {
      "id": "431e0878-d830-5e86-a38d-92143ac0b485",
      "type": "Feature",
      "feature_type": "navigation",
      "geometry": {
        "type": "Point",
        "coordinates": [
          -123.250441523408,
          49.263423912465
        ]
      },
      "properties": {
        "debug_id": "AP-0665",
        "alt_name": {
          "en": "nav_projection_cabinet_0665"
        },
        "level_id": "41d0e8ca-d315-4b25-938c-7955db2daf2e",
        "wayfinding_type": "access_projection",
        "route_confirmed": true,
        "source": "col_30_cab_06",
        "sources": [
          "col_30_cab_06",
          "col_31_cab_11"
        ],
        "target": "path_124",
        "targets": [
          "path_124"
        ]
      }
    },
    {
      "id": "e316bc9f-a3b3-5b45-ab32-de98160e74db",
      "type": "Feature",
      "feature_type": "navigation",
      "geometry": {
        "type": "Point",
        "coordinates": [
          -123.250436409559,
          49.26341749457
        ]
      },
      "properties": {
        "debug_id": "AP-0666",
        "alt_name": {
          "en": "nav_projection_cabinet_0666"
        },
        "level_id": "41d0e8ca-d315-4b25-938c-7955db2daf2e",
        "wayfinding_type": "access_projection",
        "route_confirmed": true,
        "source": "col_30_cab_05",
        "sources": [
          "col_30_cab_05",
          "col_31_cab_12"
        ],
        "target": "path_124",
        "targets": [
          "path_124"
        ]
      }
    },
    {
      "id": "51981610-7228-52a7-8400-2120d0ad5d6f",
      "type": "Feature",
      "feature_type": "navigation",
      "geometry": {
        "type": "Point",
        "coordinates": [
          -123.250431295711,
          49.263411076674
        ]
      },
      "properties": {
        "debug_id": "AP-0667",
        "alt_name": {
          "en": "nav_projection_cabinet_0667"
        },
        "level_id": "41d0e8ca-d315-4b25-938c-7955db2daf2e",
        "wayfinding_type": "access_projection",
        "route_confirmed": true,
        "source": "col_30_cab_04",
        "sources": [
          "col_30_cab_04",
          "col_31_cab_13"
        ],
        "target": "path_124",
        "targets": [
          "path_124"
        ]
      }
    },
    {
      "id": "dc464f7a-8b15-51a1-9e76-7b6fb499efb1",
      "type": "Feature",
      "feature_type": "navigation",
      "geometry": {
        "type": "Point",
        "coordinates": [
          -123.250421068018,
          49.26339824088
        ]
      },
      "properties": {
        "debug_id": "AP-0668",
        "alt_name": {
          "en": "nav_projection_cabinet_0668"
        },
        "level_id": "41d0e8ca-d315-4b25-938c-7955db2daf2e",
        "wayfinding_type": "access_projection",
        "route_confirmed": true,
        "source": "col_30_cab_03",
        "sources": [
          "col_30_cab_03",
          "col_31_cab_14"
        ],
        "target": "path_125",
        "targets": [
          "path_125"
        ]
      }
    },
    {
      "id": "401d3756-bcf9-594a-88e7-5b5cf719de11",
      "type": "Feature",
      "feature_type": "navigation",
      "geometry": {
        "type": "Point",
        "coordinates": [
          -123.250415954172,
          49.263391822982
        ]
      },
      "properties": {
        "debug_id": "AP-0669",
        "alt_name": {
          "en": "nav_projection_cabinet_0669"
        },
        "level_id": "41d0e8ca-d315-4b25-938c-7955db2daf2e",
        "wayfinding_type": "access_projection",
        "route_confirmed": true,
        "source": "col_30_cab_02",
        "sources": [
          "col_30_cab_02",
          "col_31_cab_15"
        ],
        "target": "path_125",
        "targets": [
          "path_125"
        ]
      }
    },
    {
      "id": "8da4457f-8bb8-5961-b80c-c79409e85115",
      "type": "Feature",
      "feature_type": "navigation",
      "geometry": {
        "type": "Point",
        "coordinates": [
          -123.250410840328,
          49.263385405083
        ]
      },
      "properties": {
        "debug_id": "AP-0670",
        "alt_name": {
          "en": "nav_projection_cabinet_0670"
        },
        "level_id": "41d0e8ca-d315-4b25-938c-7955db2daf2e",
        "wayfinding_type": "access_projection",
        "route_confirmed": true,
        "source": "col_30_cab_01",
        "sources": [
          "col_30_cab_01",
          "col_31_cab_16"
        ],
        "target": "path_125",
        "targets": [
          "path_125"
        ]
      }
    },
    {
      "id": "cc827e0a-8ad4-5a74-81b0-b349fa9f33ed",
      "type": "Feature",
      "feature_type": "navigation",
      "geometry": {
        "type": "Point",
        "coordinates": [
          -123.250535889586,
          49.263591603197
        ]
      },
      "properties": {
        "debug_id": "AP-0687",
        "alt_name": {
          "en": "nav_projection_cabinet_0687"
        },
        "level_id": "41d0e8ca-d315-4b25-938c-7955db2daf2e",
        "wayfinding_type": "access_projection",
        "route_confirmed": true,
        "source": "col_32_cab_16",
        "sources": [
          "col_32_cab_16",
          "col_33_cab_01"
        ],
        "target": "path_038",
        "targets": [
          "path_038"
        ]
      }
    },
    {
      "id": "1266b9e7-a8e1-5b77-a1e3-797ca96b19dc",
      "type": "Feature",
      "feature_type": "navigation",
      "geometry": {
        "type": "Point",
        "coordinates": [
          -123.25053077572,
          49.263585185322
        ]
      },
      "properties": {
        "debug_id": "AP-0688",
        "alt_name": {
          "en": "nav_projection_cabinet_0688"
        },
        "level_id": "41d0e8ca-d315-4b25-938c-7955db2daf2e",
        "wayfinding_type": "access_projection",
        "route_confirmed": true,
        "source": "col_32_cab_15",
        "sources": [
          "col_32_cab_15",
          "col_33_cab_02"
        ],
        "target": "path_038",
        "targets": [
          "path_038"
        ]
      }
    },
    {
      "id": "2bb409e3-ee1c-5678-9f40-8088183af6a8",
      "type": "Feature",
      "feature_type": "navigation",
      "geometry": {
        "type": "Point",
        "coordinates": [
          -123.250525661854,
          49.263578767447
        ]
      },
      "properties": {
        "debug_id": "AP-0689",
        "alt_name": {
          "en": "nav_projection_cabinet_0689"
        },
        "level_id": "41d0e8ca-d315-4b25-938c-7955db2daf2e",
        "wayfinding_type": "access_projection",
        "route_confirmed": true,
        "source": "col_32_cab_14",
        "sources": [
          "col_32_cab_14",
          "col_33_cab_03"
        ],
        "target": "path_038",
        "targets": [
          "path_038"
        ]
      }
    },
    {
      "id": "651a3c25-9ee6-5db9-b4a5-a25eb6c1e4db",
      "type": "Feature",
      "feature_type": "navigation",
      "geometry": {
        "type": "Point",
        "coordinates": [
          -123.250515434126,
          49.263565931693
        ]
      },
      "properties": {
        "debug_id": "AP-0690",
        "alt_name": {
          "en": "nav_projection_cabinet_0690"
        },
        "level_id": "41d0e8ca-d315-4b25-938c-7955db2daf2e",
        "wayfinding_type": "access_projection",
        "route_confirmed": true,
        "source": "col_32_cab_13",
        "sources": [
          "col_32_cab_13",
          "col_33_cab_05"
        ],
        "target": "path_038",
        "targets": [
          "path_038"
        ]
      }
    },
    {
      "id": "64ebc4b7-0e2f-5f62-8377-a7e1ecdaac6e",
      "type": "Feature",
      "feature_type": "navigation",
      "geometry": {
        "type": "Point",
        "coordinates": [
          -123.250510320264,
          49.263559513816
        ]
      },
      "properties": {
        "debug_id": "AP-0691",
        "alt_name": {
          "en": "nav_projection_cabinet_0691"
        },
        "level_id": "41d0e8ca-d315-4b25-938c-7955db2daf2e",
        "wayfinding_type": "access_projection",
        "route_confirmed": true,
        "source": "col_32_cab_12",
        "sources": [
          "col_32_cab_12",
          "col_33_cab_06"
        ],
        "target": "path_038",
        "targets": [
          "path_038"
        ]
      }
    },
    {
      "id": "12f01da8-7f5f-5eb5-a3e4-72db8ffaefc7",
      "type": "Feature",
      "feature_type": "navigation",
      "geometry": {
        "type": "Point",
        "coordinates": [
          -123.250505206403,
          49.263553095936
        ]
      },
      "properties": {
        "debug_id": "AP-0692",
        "alt_name": {
          "en": "nav_projection_cabinet_0692"
        },
        "level_id": "41d0e8ca-d315-4b25-938c-7955db2daf2e",
        "wayfinding_type": "access_projection",
        "route_confirmed": true,
        "source": "col_32_cab_11",
        "sources": [
          "col_32_cab_11",
          "col_33_cab_07"
        ],
        "target": "path_038",
        "targets": [
          "path_038"
        ]
      }
    },
    {
      "id": "ce0fa4e7-bc28-59d1-9553-6a6ef6e290ca",
      "type": "Feature",
      "feature_type": "navigation",
      "geometry": {
        "type": "Point",
        "coordinates": [
          -123.250500092542,
          49.263546678056
        ]
      },
      "properties": {
        "debug_id": "AP-0693",
        "alt_name": {
          "en": "nav_projection_cabinet_0693"
        },
        "level_id": "41d0e8ca-d315-4b25-938c-7955db2daf2e",
        "wayfinding_type": "access_projection",
        "route_confirmed": true,
        "source": "col_32_cab_10",
        "sources": [
          "col_32_cab_10",
          "col_33_cab_08"
        ],
        "target": "path_038",
        "targets": [
          "path_038"
        ]
      }
    },
    {
      "id": "1c95335d-7029-5534-adb5-34a1e9549cc4",
      "type": "Feature",
      "feature_type": "navigation",
      "geometry": {
        "type": "Point",
        "coordinates": [
          -123.250494978682,
          49.263540260176
        ]
      },
      "properties": {
        "debug_id": "AP-0694",
        "alt_name": {
          "en": "nav_projection_cabinet_0694"
        },
        "level_id": "41d0e8ca-d315-4b25-938c-7955db2daf2e",
        "wayfinding_type": "access_projection",
        "route_confirmed": true,
        "source": "col_32_cab_09",
        "sources": [
          "col_32_cab_09",
          "col_33_cab_09"
        ],
        "target": "path_038",
        "targets": [
          "path_038"
        ]
      }
    },
    {
      "id": "a5350919-d9c9-5b85-80e5-aa72ba7aa501",
      "type": "Feature",
      "feature_type": "navigation",
      "geometry": {
        "type": "Point",
        "coordinates": [
          -123.25042101479,
          49.263447435478
        ]
      },
      "properties": {
        "debug_id": "AP-0695",
        "alt_name": {
          "en": "nav_projection_cabinet_0695"
        },
        "level_id": "41d0e8ca-d315-4b25-938c-7955db2daf2e",
        "wayfinding_type": "access_projection",
        "route_confirmed": true,
        "source": "col_32_cab_08",
        "sources": [
          "col_32_cab_08",
          "col_33_cab_20"
        ],
        "target": "path_129",
        "targets": [
          "path_129"
        ]
      }
    },
    {
      "id": "abb42a45-3cdc-58a2-8c02-c50ee1428177",
      "type": "Feature",
      "feature_type": "navigation",
      "geometry": {
        "type": "Point",
        "coordinates": [
          -123.250415900943,
          49.263441017585
        ]
      },
      "properties": {
        "debug_id": "AP-0696",
        "alt_name": {
          "en": "nav_projection_cabinet_0696"
        },
        "level_id": "41d0e8ca-d315-4b25-938c-7955db2daf2e",
        "wayfinding_type": "access_projection",
        "route_confirmed": true,
        "source": "col_32_cab_07",
        "sources": [
          "col_32_cab_07",
          "col_33_cab_21"
        ],
        "target": "path_129",
        "targets": [
          "path_129"
        ]
      }
    },
    {
      "id": "b3ed0476-6e1e-5d29-b5ea-071bc5d86ead",
      "type": "Feature",
      "feature_type": "navigation",
      "geometry": {
        "type": "Point",
        "coordinates": [
          -123.250410787098,
          49.263434599692
        ]
      },
      "properties": {
        "debug_id": "AP-0697",
        "alt_name": {
          "en": "nav_projection_cabinet_0697"
        },
        "level_id": "41d0e8ca-d315-4b25-938c-7955db2daf2e",
        "wayfinding_type": "access_projection",
        "route_confirmed": true,
        "source": "col_32_cab_06",
        "sources": [
          "col_32_cab_06",
          "col_33_cab_22"
        ],
        "target": "path_129",
        "targets": [
          "path_129"
        ]
      }
    },
    {
      "id": "27066772-63a2-55f2-9876-585cd6bf4b95",
      "type": "Feature",
      "feature_type": "navigation",
      "geometry": {
        "type": "Point",
        "coordinates": [
          -123.250405673253,
          49.263428181796
        ]
      },
      "properties": {
        "debug_id": "AP-0698",
        "alt_name": {
          "en": "nav_projection_cabinet_0698"
        },
        "level_id": "41d0e8ca-d315-4b25-938c-7955db2daf2e",
        "wayfinding_type": "access_projection",
        "route_confirmed": true,
        "source": "col_32_cab_05",
        "sources": [
          "col_32_cab_05",
          "col_33_cab_23"
        ],
        "target": "path_129",
        "targets": [
          "path_129"
        ]
      }
    },
    {
      "id": "a7d0e2d5-b721-5113-9b95-8c7c657372af",
      "type": "Feature",
      "feature_type": "navigation",
      "geometry": {
        "type": "Point",
        "coordinates": [
          -123.250400559407,
          49.263421763901
        ]
      },
      "properties": {
        "debug_id": "AP-0699",
        "alt_name": {
          "en": "nav_projection_cabinet_0699"
        },
        "level_id": "41d0e8ca-d315-4b25-938c-7955db2daf2e",
        "wayfinding_type": "access_projection",
        "route_confirmed": true,
        "source": "col_32_cab_04",
        "sources": [
          "col_32_cab_04",
          "col_33_cab_24"
        ],
        "target": "path_129",
        "targets": [
          "path_129"
        ]
      }
    },
    {
      "id": "8bdfc23b-dd50-508f-93ea-c84ef2de1dbe",
      "type": "Feature",
      "feature_type": "navigation",
      "geometry": {
        "type": "Point",
        "coordinates": [
          -123.250390331722,
          49.263408928107
        ]
      },
      "properties": {
        "debug_id": "AP-0700",
        "alt_name": {
          "en": "nav_projection_cabinet_0700"
        },
        "level_id": "41d0e8ca-d315-4b25-938c-7955db2daf2e",
        "wayfinding_type": "access_projection",
        "route_confirmed": true,
        "source": "col_32_cab_03",
        "sources": [
          "col_32_cab_03",
          "col_33_cab_26"
        ],
        "target": "path_129",
        "targets": [
          "path_129"
        ]
      }
    },
    {
      "id": "4badaddf-2d8b-5aa3-b507-c1647efaa2a8",
      "type": "Feature",
      "feature_type": "navigation",
      "geometry": {
        "type": "Point",
        "coordinates": [
          -123.250385217881,
          49.263402510208
        ]
      },
      "properties": {
        "debug_id": "AP-0701",
        "alt_name": {
          "en": "nav_projection_cabinet_0701"
        },
        "level_id": "41d0e8ca-d315-4b25-938c-7955db2daf2e",
        "wayfinding_type": "access_projection",
        "route_confirmed": true,
        "source": "col_32_cab_02",
        "sources": [
          "col_32_cab_02",
          "col_33_cab_27"
        ],
        "target": "path_129",
        "targets": [
          "path_129"
        ]
      }
    },
    {
      "id": "c7d17e41-b871-5acf-b917-431f2bbc1098",
      "type": "Feature",
      "feature_type": "navigation",
      "geometry": {
        "type": "Point",
        "coordinates": [
          -123.25038010404,
          49.263396092309
        ]
      },
      "properties": {
        "debug_id": "AP-0702",
        "alt_name": {
          "en": "nav_projection_cabinet_0702"
        },
        "level_id": "41d0e8ca-d315-4b25-938c-7955db2daf2e",
        "wayfinding_type": "access_projection",
        "route_confirmed": true,
        "source": "col_32_cab_01",
        "sources": [
          "col_32_cab_01",
          "col_33_cab_28"
        ],
        "target": "path_129",
        "targets": [
          "path_129"
        ]
      }
    },
    {
      "id": "c5057774-3717-50e7-afad-cc5128c372f1",
      "type": "Feature",
      "feature_type": "navigation",
      "geometry": {
        "type": "Point",
        "coordinates": [
          -123.250520547801,
          49.263572349334
        ]
      },
      "properties": {
        "debug_id": "AP-0706",
        "alt_name": {
          "en": "nav_projection_cabinet_0706"
        },
        "level_id": "41d0e8ca-d315-4b25-938c-7955db2daf2e",
        "wayfinding_type": "access_projection",
        "route_confirmed": true,
        "source": "col_33_cab_04",
        "sources": [
          "col_33_cab_04",
          "di_32_20_L1",
          "di_32_20_L2",
          "di_32_20_L3",
          "di_32_20_top"
        ],
        "target": "path_038",
        "targets": [
          "path_038"
        ]
      }
    },
    {
      "id": "9908245d-1abc-507b-a99c-94c027eb00a3",
      "type": "Feature",
      "feature_type": "navigation",
      "geometry": {
        "type": "Point",
        "coordinates": [
          -123.250489913697,
          49.263533903633
        ]
      },
      "properties": {
        "debug_id": "AP-0712",
        "alt_name": {
          "en": "nav_projection_cabinet_0712"
        },
        "level_id": "41d0e8ca-d315-4b25-938c-7955db2daf2e",
        "wayfinding_type": "access_projection",
        "route_confirmed": true,
        "source": "col_33_cab_10",
        "sources": [
          "col_33_cab_10"
        ],
        "target": "path_038",
        "targets": [
          "path_038"
        ]
      }
    },
    {
      "id": "627dcaff-18e8-55a8-b95b-b52f5384d6ec",
      "type": "Feature",
      "feature_type": "navigation",
      "geometry": {
        "type": "Point",
        "coordinates": [
          -123.25048479984,
          49.263527485751
        ]
      },
      "properties": {
        "debug_id": "AP-0713",
        "alt_name": {
          "en": "nav_projection_cabinet_0713"
        },
        "level_id": "41d0e8ca-d315-4b25-938c-7955db2daf2e",
        "wayfinding_type": "access_projection",
        "route_confirmed": true,
        "source": "col_33_cab_11",
        "sources": [
          "col_33_cab_11"
        ],
        "target": "path_038",
        "targets": [
          "path_038"
        ]
      }
    },
    {
      "id": "2986e961-1093-5119-9dee-89e7d232a12b",
      "type": "Feature",
      "feature_type": "navigation",
      "geometry": {
        "type": "Point",
        "coordinates": [
          -123.250479685983,
          49.263521067868
        ]
      },
      "properties": {
        "debug_id": "AP-0714",
        "alt_name": {
          "en": "nav_projection_cabinet_0714"
        },
        "level_id": "41d0e8ca-d315-4b25-938c-7955db2daf2e",
        "wayfinding_type": "access_projection",
        "route_confirmed": true,
        "source": "col_33_cab_12",
        "sources": [
          "col_33_cab_12"
        ],
        "target": "path_128",
        "targets": [
          "path_128"
        ]
      }
    },
    {
      "id": "45c9f093-8b74-5d42-8793-198b9f1bea7e",
      "type": "Feature",
      "feature_type": "navigation",
      "geometry": {
        "type": "Point",
        "coordinates": [
          -123.250474572127,
          49.263514649985
        ]
      },
      "properties": {
        "debug_id": "AP-0715",
        "alt_name": {
          "en": "nav_projection_cabinet_0715"
        },
        "level_id": "41d0e8ca-d315-4b25-938c-7955db2daf2e",
        "wayfinding_type": "access_projection",
        "route_confirmed": true,
        "source": "col_33_cab_13",
        "sources": [
          "col_33_cab_13"
        ],
        "target": "path_128",
        "targets": [
          "path_128"
        ]
      }
    },
    {
      "id": "b63ee33b-ab3c-5edb-a9a8-03e3b2d5b6be",
      "type": "Feature",
      "feature_type": "navigation",
      "geometry": {
        "type": "Point",
        "coordinates": [
          -123.25046945827,
          49.2635082321
        ]
      },
      "properties": {
        "debug_id": "AP-0716",
        "alt_name": {
          "en": "nav_projection_cabinet_0716"
        },
        "level_id": "41d0e8ca-d315-4b25-938c-7955db2daf2e",
        "wayfinding_type": "access_projection",
        "route_confirmed": true,
        "source": "col_33_cab_14",
        "sources": [
          "col_33_cab_14"
        ],
        "target": "path_128",
        "targets": [
          "path_128"
        ]
      }
    },
    {
      "id": "801ade3f-ba6a-555d-b157-f2bd740b269b",
      "type": "Feature",
      "feature_type": "navigation",
      "geometry": {
        "type": "Point",
        "coordinates": [
          -123.250464344416,
          49.263501814215
        ]
      },
      "properties": {
        "debug_id": "AP-0717",
        "alt_name": {
          "en": "nav_projection_cabinet_0717"
        },
        "level_id": "41d0e8ca-d315-4b25-938c-7955db2daf2e",
        "wayfinding_type": "access_projection",
        "route_confirmed": true,
        "source": "col_33_cab_15",
        "sources": [
          "col_33_cab_15"
        ],
        "target": "path_128",
        "targets": [
          "path_128"
        ]
      }
    },
    {
      "id": "0ec1cd7b-d216-5d22-8301-ea0af85c8ac6",
      "type": "Feature",
      "feature_type": "navigation",
      "geometry": {
        "type": "Point",
        "coordinates": [
          -123.250459230562,
          49.263495396329
        ]
      },
      "properties": {
        "debug_id": "AP-0718",
        "alt_name": {
          "en": "nav_projection_cabinet_0718"
        },
        "level_id": "41d0e8ca-d315-4b25-938c-7955db2daf2e",
        "wayfinding_type": "access_projection",
        "route_confirmed": true,
        "source": "col_33_cab_16",
        "sources": [
          "col_33_cab_16"
        ],
        "target": "path_128",
        "targets": [
          "path_128"
        ]
      }
    },
    {
      "id": "33930830-fba5-5649-be7b-ee76bdf20efd",
      "type": "Feature",
      "feature_type": "navigation",
      "geometry": {
        "type": "Point",
        "coordinates": [
          -123.25045411671,
          49.263488978443
        ]
      },
      "properties": {
        "debug_id": "AP-0719",
        "alt_name": {
          "en": "nav_projection_cabinet_0719"
        },
        "level_id": "41d0e8ca-d315-4b25-938c-7955db2daf2e",
        "wayfinding_type": "access_projection",
        "route_confirmed": true,
        "source": "col_33_cab_17",
        "sources": [
          "col_33_cab_17"
        ],
        "target": "path_128",
        "targets": [
          "path_128"
        ]
      }
    },
    {
      "id": "66149461-81dd-5800-b0bc-1d66cdf0d988",
      "type": "Feature",
      "feature_type": "navigation",
      "geometry": {
        "type": "Point",
        "coordinates": [
          -123.250449002858,
          49.263482560555
        ]
      },
      "properties": {
        "debug_id": "AP-0720",
        "alt_name": {
          "en": "nav_projection_cabinet_0720"
        },
        "level_id": "41d0e8ca-d315-4b25-938c-7955db2daf2e",
        "wayfinding_type": "access_projection",
        "route_confirmed": true,
        "source": "col_33_cab_18",
        "sources": [
          "col_33_cab_18"
        ],
        "target": "path_128",
        "targets": [
          "path_128"
        ]
      }
    },
    {
      "id": "a88166a5-c408-525c-a1a5-60bc2facd4d5",
      "type": "Feature",
      "feature_type": "navigation",
      "geometry": {
        "type": "Point",
        "coordinates": [
          -123.250443889006,
          49.263476142666
        ]
      },
      "properties": {
        "debug_id": "AP-0721",
        "alt_name": {
          "en": "nav_projection_cabinet_0721"
        },
        "level_id": "41d0e8ca-d315-4b25-938c-7955db2daf2e",
        "wayfinding_type": "access_projection",
        "route_confirmed": true,
        "source": "col_33_cab_19",
        "sources": [
          "col_33_cab_19"
        ],
        "target": "path_128",
        "targets": [
          "path_128"
        ]
      }
    },
    {
      "id": "7672fbc8-6fad-56e2-9676-3d661ce49b5f",
      "type": "Feature",
      "feature_type": "navigation",
      "geometry": {
        "type": "Point",
        "coordinates": [
          -123.250395445376,
          49.263415345767
        ]
      },
      "properties": {
        "debug_id": "AP-0727",
        "alt_name": {
          "en": "nav_projection_cabinet_0727"
        },
        "level_id": "41d0e8ca-d315-4b25-938c-7955db2daf2e",
        "wayfinding_type": "access_projection",
        "route_confirmed": true,
        "source": "col_33_cab_25",
        "sources": [
          "col_33_cab_25",
          "di_32_21_L1",
          "di_32_21_L2",
          "di_32_21_L3",
          "di_32_21_top"
        ],
        "target": "path_129",
        "targets": [
          "path_129"
        ]
      }
    },
    {
      "id": "867cc79b-9041-5607-b572-d86840929108",
      "type": "Feature",
      "feature_type": "navigation",
      "geometry": {
        "type": "Point",
        "coordinates": [
          -123.250506847171,
          49.263601737495
        ]
      },
      "properties": {
        "debug_id": "AP-0731",
        "alt_name": {
          "en": "nav_projection_cabinet_0731"
        },
        "level_id": "41d0e8ca-d315-4b25-938c-7955db2daf2e",
        "wayfinding_type": "access_projection",
        "route_confirmed": true,
        "source": "col_34_cab_28",
        "sources": [
          "col_34_cab_28",
          "col_35_cab_01",
          "hemoglobin_artwork"
        ],
        "target": "path_040",
        "targets": [
          "path_040"
        ]
      }
    },
    {
      "id": "22b9be9a-35a9-576a-bb8c-dadbad758979",
      "type": "Feature",
      "feature_type": "navigation",
      "geometry": {
        "type": "Point",
        "coordinates": [
          -123.250501733308,
          49.26359531962
        ]
      },
      "properties": {
        "debug_id": "AP-0732",
        "alt_name": {
          "en": "nav_projection_cabinet_0732"
        },
        "level_id": "41d0e8ca-d315-4b25-938c-7955db2daf2e",
        "wayfinding_type": "access_projection",
        "route_confirmed": true,
        "source": "col_34_cab_27",
        "sources": [
          "col_34_cab_27",
          "col_35_cab_02"
        ],
        "target": "path_040",
        "targets": [
          "path_040"
        ]
      }
    },
    {
      "id": "b29ee28f-6492-521a-89ee-e4cf5555823e",
      "type": "Feature",
      "feature_type": "navigation",
      "geometry": {
        "type": "Point",
        "coordinates": [
          -123.250496619446,
          49.263588901744
        ]
      },
      "properties": {
        "debug_id": "AP-0733",
        "alt_name": {
          "en": "nav_projection_cabinet_0733"
        },
        "level_id": "41d0e8ca-d315-4b25-938c-7955db2daf2e",
        "wayfinding_type": "access_projection",
        "route_confirmed": true,
        "source": "col_34_cab_26",
        "sources": [
          "col_34_cab_26",
          "col_35_cab_03"
        ],
        "target": "path_040",
        "targets": [
          "path_040"
        ]
      }
    },
    {
      "id": "a3b1fd34-970b-5cfe-8368-29f936676c1e",
      "type": "Feature",
      "feature_type": "navigation",
      "geometry": {
        "type": "Point",
        "coordinates": [
          -123.250491505586,
          49.263582483868
        ]
      },
      "properties": {
        "debug_id": "AP-0734",
        "alt_name": {
          "en": "nav_projection_cabinet_0734"
        },
        "level_id": "41d0e8ca-d315-4b25-938c-7955db2daf2e",
        "wayfinding_type": "access_projection",
        "route_confirmed": true,
        "source": "col_34_cab_25",
        "sources": [
          "col_34_cab_25",
          "col_35_cab_04"
        ],
        "target": "path_040",
        "targets": [
          "path_040"
        ]
      }
    },
    {
      "id": "e9157cae-ffc5-5d75-ad87-218482f9b6ac",
      "type": "Feature",
      "feature_type": "navigation",
      "geometry": {
        "type": "Point",
        "coordinates": [
          -123.250486391725,
          49.263576065989
        ]
      },
      "properties": {
        "debug_id": "AP-0735",
        "alt_name": {
          "en": "nav_projection_cabinet_0735"
        },
        "level_id": "41d0e8ca-d315-4b25-938c-7955db2daf2e",
        "wayfinding_type": "access_projection",
        "route_confirmed": true,
        "source": "col_34_cab_24",
        "sources": [
          "col_34_cab_24",
          "col_35_cab_05"
        ],
        "target": "path_040",
        "targets": [
          "path_040"
        ]
      }
    },
    {
      "id": "a9367833-5841-5838-9f71-58baad2d0cc6",
      "type": "Feature",
      "feature_type": "navigation",
      "geometry": {
        "type": "Point",
        "coordinates": [
          -123.250481277866,
          49.263569648111
        ]
      },
      "properties": {
        "debug_id": "AP-0736",
        "alt_name": {
          "en": "nav_projection_cabinet_0736"
        },
        "level_id": "41d0e8ca-d315-4b25-938c-7955db2daf2e",
        "wayfinding_type": "access_projection",
        "route_confirmed": true,
        "source": "col_34_cab_23",
        "sources": [
          "col_34_cab_23",
          "col_35_cab_06"
        ],
        "target": "path_040",
        "targets": [
          "path_040"
        ]
      }
    },
    {
      "id": "12142a38-a05c-596f-be48-add7767f3973",
      "type": "Feature",
      "feature_type": "navigation",
      "geometry": {
        "type": "Point",
        "coordinates": [
          -123.250476164007,
          49.263563230231
        ]
      },
      "properties": {
        "debug_id": "AP-0737",
        "alt_name": {
          "en": "nav_projection_cabinet_0737"
        },
        "level_id": "41d0e8ca-d315-4b25-938c-7955db2daf2e",
        "wayfinding_type": "access_projection",
        "route_confirmed": true,
        "source": "col_34_cab_22",
        "sources": [
          "col_34_cab_22",
          "col_35_cab_07"
        ],
        "target": "path_040",
        "targets": [
          "path_040"
        ]
      }
    },
    {
      "id": "f58fab6a-047b-51b8-ae9f-e935a2b4b4fa",
      "type": "Feature",
      "feature_type": "navigation",
      "geometry": {
        "type": "Point",
        "coordinates": [
          -123.250471050149,
          49.263556812351
        ]
      },
      "properties": {
        "debug_id": "AP-0738",
        "alt_name": {
          "en": "nav_projection_cabinet_0738"
        },
        "level_id": "41d0e8ca-d315-4b25-938c-7955db2daf2e",
        "wayfinding_type": "access_projection",
        "route_confirmed": true,
        "source": "col_34_cab_21",
        "sources": [
          "col_34_cab_21",
          "col_35_cab_08"
        ],
        "target": "path_040",
        "targets": [
          "path_040"
        ]
      }
    },
    {
      "id": "a3407e34-206d-5d2d-b1c3-1a1277ce20ee",
      "type": "Feature",
      "feature_type": "navigation",
      "geometry": {
        "type": "Point",
        "coordinates": [
          -123.250465887436,
          49.263550333155
        ]
      },
      "properties": {
        "debug_id": "AP-0739",
        "alt_name": {
          "en": "nav_projection_cabinet_0739"
        },
        "level_id": "41d0e8ca-d315-4b25-938c-7955db2daf2e",
        "wayfinding_type": "access_projection",
        "route_confirmed": true,
        "source": "col_34_cab_20",
        "sources": [
          "col_34_cab_20"
        ],
        "target": "path_040",
        "targets": [
          "path_040"
        ]
      }
    },
    {
      "id": "3a9c6378-64bb-5758-905f-2ca86a4b9d0d",
      "type": "Feature",
      "feature_type": "navigation",
      "geometry": {
        "type": "Point",
        "coordinates": [
          -123.25046077358,
          49.263543915272
        ]
      },
      "properties": {
        "debug_id": "AP-0740",
        "alt_name": {
          "en": "nav_projection_cabinet_0740"
        },
        "level_id": "41d0e8ca-d315-4b25-938c-7955db2daf2e",
        "wayfinding_type": "access_projection",
        "route_confirmed": true,
        "source": "col_34_cab_19",
        "sources": [
          "col_34_cab_19"
        ],
        "target": "path_040",
        "targets": [
          "path_040"
        ]
      }
    },
    {
      "id": "00bcf8ed-958a-5592-a33d-8cd36ec0164c",
      "type": "Feature",
      "feature_type": "navigation",
      "geometry": {
        "type": "Point",
        "coordinates": [
          -123.250455659725,
          49.263537497389
        ]
      },
      "properties": {
        "debug_id": "AP-0741",
        "alt_name": {
          "en": "nav_projection_cabinet_0741"
        },
        "level_id": "41d0e8ca-d315-4b25-938c-7955db2daf2e",
        "wayfinding_type": "access_projection",
        "route_confirmed": true,
        "source": "col_34_cab_18",
        "sources": [
          "col_34_cab_18"
        ],
        "target": "path_131",
        "targets": [
          "path_131"
        ]
      }
    },
    {
      "id": "10730a4b-5a94-5439-a123-44ae2bd3fd04",
      "type": "Feature",
      "feature_type": "navigation",
      "geometry": {
        "type": "Point",
        "coordinates": [
          -123.25045054587,
          49.263531079505
        ]
      },
      "properties": {
        "debug_id": "AP-0742",
        "alt_name": {
          "en": "nav_projection_cabinet_0742"
        },
        "level_id": "41d0e8ca-d315-4b25-938c-7955db2daf2e",
        "wayfinding_type": "access_projection",
        "route_confirmed": true,
        "source": "col_34_cab_17",
        "sources": [
          "col_34_cab_17"
        ],
        "target": "path_131",
        "targets": [
          "path_131"
        ]
      }
    },
    {
      "id": "25c40e78-fd4f-5f4b-a559-12131ebbb403",
      "type": "Feature",
      "feature_type": "navigation",
      "geometry": {
        "type": "Point",
        "coordinates": [
          -123.250445432017,
          49.26352466162
        ]
      },
      "properties": {
        "debug_id": "AP-0743",
        "alt_name": {
          "en": "nav_projection_cabinet_0743"
        },
        "level_id": "41d0e8ca-d315-4b25-938c-7955db2daf2e",
        "wayfinding_type": "access_projection",
        "route_confirmed": true,
        "source": "col_34_cab_16",
        "sources": [
          "col_34_cab_16"
        ],
        "target": "path_131",
        "targets": [
          "path_131"
        ]
      }
    },
    {
      "id": "dbf8d8cd-2834-5d8e-a8fe-7dc56d549f3d",
      "type": "Feature",
      "feature_type": "navigation",
      "geometry": {
        "type": "Point",
        "coordinates": [
          -123.250440405518,
          49.263518353364
        ]
      },
      "properties": {
        "debug_id": "AP-0744",
        "alt_name": {
          "en": "nav_projection_cabinet_0744"
        },
        "level_id": "41d0e8ca-d315-4b25-938c-7955db2daf2e",
        "wayfinding_type": "access_projection",
        "route_confirmed": true,
        "source": "col_34_cab_15",
        "sources": [
          "col_34_cab_15",
          "di_35_22_L1",
          "di_35_22_L2",
          "di_35_22_L3",
          "di_35_22_top"
        ],
        "target": "path_131",
        "targets": [
          "path_131"
        ]
      }
    },
    {
      "id": "901b1061-f5df-5947-8bd1-e96d3ea734be",
      "type": "Feature",
      "feature_type": "navigation",
      "geometry": {
        "type": "Point",
        "coordinates": [
          -123.250435291666,
          49.263511935477
        ]
      },
      "properties": {
        "debug_id": "AP-0745",
        "alt_name": {
          "en": "nav_projection_cabinet_0745"
        },
        "level_id": "41d0e8ca-d315-4b25-938c-7955db2daf2e",
        "wayfinding_type": "access_projection",
        "route_confirmed": true,
        "source": "col_34_cab_14",
        "sources": [
          "col_34_cab_14",
          "di_35_23_L1",
          "di_35_23_L2",
          "di_35_23_L3",
          "di_35_23_top"
        ],
        "target": "path_131",
        "targets": [
          "path_131"
        ]
      }
    },
    {
      "id": "5e5206da-62fe-5557-8478-06448b6c8f04",
      "type": "Feature",
      "feature_type": "navigation",
      "geometry": {
        "type": "Point",
        "coordinates": [
          -123.250430177816,
          49.263505517591
        ]
      },
      "properties": {
        "debug_id": "AP-0746",
        "alt_name": {
          "en": "nav_projection_cabinet_0746"
        },
        "level_id": "41d0e8ca-d315-4b25-938c-7955db2daf2e",
        "wayfinding_type": "access_projection",
        "route_confirmed": true,
        "source": "col_34_cab_13",
        "sources": [
          "col_34_cab_13",
          "di_35_24_L1",
          "di_35_24_L2",
          "di_35_24_L3",
          "di_35_24_top"
        ],
        "target": "path_131",
        "targets": [
          "path_131"
        ]
      }
    },
    {
      "id": "9799c38b-6301-5056-a6d4-34150aace05d",
      "type": "Feature",
      "feature_type": "navigation",
      "geometry": {
        "type": "Point",
        "coordinates": [
          -123.250425063966,
          49.263499099703
        ]
      },
      "properties": {
        "debug_id": "AP-0747",
        "alt_name": {
          "en": "nav_projection_cabinet_0747"
        },
        "level_id": "41d0e8ca-d315-4b25-938c-7955db2daf2e",
        "wayfinding_type": "access_projection",
        "route_confirmed": true,
        "source": "col_34_cab_12",
        "sources": [
          "col_34_cab_12",
          "di_35_25_L1",
          "di_35_25_L2",
          "di_35_25_L3",
          "di_35_25_top"
        ],
        "target": "path_131",
        "targets": [
          "path_131"
        ]
      }
    },
    {
      "id": "92660ef5-daaa-5902-bc2e-9682aac84111",
      "type": "Feature",
      "feature_type": "navigation",
      "geometry": {
        "type": "Point",
        "coordinates": [
          -123.250419950116,
          49.263492681814
        ]
      },
      "properties": {
        "debug_id": "AP-0748",
        "alt_name": {
          "en": "nav_projection_cabinet_0748"
        },
        "level_id": "41d0e8ca-d315-4b25-938c-7955db2daf2e",
        "wayfinding_type": "access_projection",
        "route_confirmed": true,
        "source": "col_34_cab_11",
        "sources": [
          "col_34_cab_11",
          "di_35_26_L1",
          "di_35_26_L2",
          "di_35_26_L3",
          "di_35_26_top"
        ],
        "target": "path_131",
        "targets": [
          "path_131"
        ]
      }
    },
    {
      "id": "049d1856-b0bd-5092-8945-7df16eefd324",
      "type": "Feature",
      "feature_type": "navigation",
      "geometry": {
        "type": "Point",
        "coordinates": [
          -123.250414836268,
          49.263486263925
        ]
      },
      "properties": {
        "debug_id": "AP-0749",
        "alt_name": {
          "en": "nav_projection_cabinet_0749"
        },
        "level_id": "41d0e8ca-d315-4b25-938c-7955db2daf2e",
        "wayfinding_type": "access_projection",
        "route_confirmed": true,
        "source": "col_34_cab_10",
        "sources": [
          "col_34_cab_10",
          "di_35_27_L1",
          "di_35_27_L2",
          "di_35_27_L3",
          "di_35_27_top"
        ],
        "target": "path_131",
        "targets": [
          "path_131"
        ]
      }
    },
    {
      "id": "02becbe9-d7a1-5ddb-8fcc-c3161cd1be97",
      "type": "Feature",
      "feature_type": "navigation",
      "geometry": {
        "type": "Point",
        "coordinates": [
          -123.250391972448,
          49.263457569763
        ]
      },
      "properties": {
        "debug_id": "AP-0750",
        "alt_name": {
          "en": "nav_projection_cabinet_0750"
        },
        "level_id": "41d0e8ca-d315-4b25-938c-7955db2daf2e",
        "wayfinding_type": "access_projection",
        "route_confirmed": true,
        "source": "col_34_cab_09",
        "sources": [
          "col_34_cab_09",
          "col_35_cab_09"
        ],
        "target": "path_132",
        "targets": [
          "path_132"
        ]
      }
    },
    {
      "id": "0661ddf1-5f85-564a-8d48-5a9c44682ec5",
      "type": "Feature",
      "feature_type": "navigation",
      "geometry": {
        "type": "Point",
        "coordinates": [
          -123.250386858604,
          49.263451151869
        ]
      },
      "properties": {
        "debug_id": "AP-0751",
        "alt_name": {
          "en": "nav_projection_cabinet_0751"
        },
        "level_id": "41d0e8ca-d315-4b25-938c-7955db2daf2e",
        "wayfinding_type": "access_projection",
        "route_confirmed": true,
        "source": "col_34_cab_08",
        "sources": [
          "col_34_cab_08",
          "col_35_cab_10"
        ],
        "target": "path_132",
        "targets": [
          "path_132"
        ]
      }
    },
    {
      "id": "63567d10-35dc-5994-8d7e-eb8f2c212c3f",
      "type": "Feature",
      "feature_type": "navigation",
      "geometry": {
        "type": "Point",
        "coordinates": [
          -123.250381744761,
          49.263444733975
        ]
      },
      "properties": {
        "debug_id": "AP-0752",
        "alt_name": {
          "en": "nav_projection_cabinet_0752"
        },
        "level_id": "41d0e8ca-d315-4b25-938c-7955db2daf2e",
        "wayfinding_type": "access_projection",
        "route_confirmed": true,
        "source": "col_34_cab_07",
        "sources": [
          "col_34_cab_07",
          "col_35_cab_11"
        ],
        "target": "path_132",
        "targets": [
          "path_132"
        ]
      }
    },
    {
      "id": "ae19faab-1e8a-504c-b3f8-f7fcc7be1758",
      "type": "Feature",
      "feature_type": "navigation",
      "geometry": {
        "type": "Point",
        "coordinates": [
          -123.25037663092,
          49.263438316079
        ]
      },
      "properties": {
        "debug_id": "AP-0753",
        "alt_name": {
          "en": "nav_projection_cabinet_0753"
        },
        "level_id": "41d0e8ca-d315-4b25-938c-7955db2daf2e",
        "wayfinding_type": "access_projection",
        "route_confirmed": true,
        "source": "col_34_cab_06",
        "sources": [
          "col_34_cab_06",
          "col_35_cab_12"
        ],
        "target": "path_132",
        "targets": [
          "path_132"
        ]
      }
    },
    {
      "id": "b04002af-9714-5b90-bc7e-9b67266d7787",
      "type": "Feature",
      "feature_type": "navigation",
      "geometry": {
        "type": "Point",
        "coordinates": [
          -123.250371517078,
          49.263431898183
        ]
      },
      "properties": {
        "debug_id": "AP-0754",
        "alt_name": {
          "en": "nav_projection_cabinet_0754"
        },
        "level_id": "41d0e8ca-d315-4b25-938c-7955db2daf2e",
        "wayfinding_type": "access_projection",
        "route_confirmed": true,
        "source": "col_34_cab_05",
        "sources": [
          "col_34_cab_05",
          "col_35_cab_13"
        ],
        "target": "path_132",
        "targets": [
          "path_132"
        ]
      }
    },
    {
      "id": "35938ac7-4c87-5f60-bc3f-6a5cb371762b",
      "type": "Feature",
      "feature_type": "navigation",
      "geometry": {
        "type": "Point",
        "coordinates": [
          -123.250366403239,
          49.263425480285
        ]
      },
      "properties": {
        "debug_id": "AP-0755",
        "alt_name": {
          "en": "nav_projection_cabinet_0755"
        },
        "level_id": "41d0e8ca-d315-4b25-938c-7955db2daf2e",
        "wayfinding_type": "access_projection",
        "route_confirmed": true,
        "source": "col_34_cab_04",
        "sources": [
          "col_34_cab_04",
          "col_35_cab_14"
        ],
        "target": "path_132",
        "targets": [
          "path_132"
        ]
      }
    },
    {
      "id": "cfebd0b7-d2b9-514a-aa4c-c191c8e26ae6",
      "type": "Feature",
      "feature_type": "navigation",
      "geometry": {
        "type": "Point",
        "coordinates": [
          -123.250361289399,
          49.263419062387
        ]
      },
      "properties": {
        "debug_id": "AP-0756",
        "alt_name": {
          "en": "nav_projection_cabinet_0756"
        },
        "level_id": "41d0e8ca-d315-4b25-938c-7955db2daf2e",
        "wayfinding_type": "access_projection",
        "route_confirmed": true,
        "source": "col_34_cab_03",
        "sources": [
          "col_34_cab_03",
          "col_35_cab_15"
        ],
        "target": "path_132",
        "targets": [
          "path_132"
        ]
      }
    },
    {
      "id": "a1014f07-402c-51db-9619-ffdbfedd445e",
      "type": "Feature",
      "feature_type": "navigation",
      "geometry": {
        "type": "Point",
        "coordinates": [
          -123.250356175561,
          49.263412644488
        ]
      },
      "properties": {
        "debug_id": "AP-0757",
        "alt_name": {
          "en": "nav_projection_cabinet_0757"
        },
        "level_id": "41d0e8ca-d315-4b25-938c-7955db2daf2e",
        "wayfinding_type": "access_projection",
        "route_confirmed": true,
        "source": "col_34_cab_02",
        "sources": [
          "col_34_cab_02",
          "col_35_cab_16"
        ],
        "target": "path_132",
        "targets": [
          "path_132"
        ]
      }
    },
    {
      "id": "946b88bc-a2e0-5a7f-8851-d7ffaa99fa07",
      "type": "Feature",
      "feature_type": "navigation",
      "geometry": {
        "type": "Point",
        "coordinates": [
          -123.250351061724,
          49.263406226589
        ]
      },
      "properties": {
        "debug_id": "AP-0758",
        "alt_name": {
          "en": "nav_projection_cabinet_0758"
        },
        "level_id": "41d0e8ca-d315-4b25-938c-7955db2daf2e",
        "wayfinding_type": "access_projection",
        "route_confirmed": true,
        "source": "col_34_cab_01",
        "sources": [
          "col_34_cab_01",
          "col_35_cab_17"
        ],
        "target": "path_132",
        "targets": [
          "path_132"
        ]
      }
    },
    {
      "id": "d7709fca-f158-5648-9d2d-9f9cfe511262",
      "type": "Feature",
      "feature_type": "navigation",
      "geometry": {
        "type": "Point",
        "coordinates": [
          -123.250475445279,
          49.263612690483
        ]
      },
      "properties": {
        "debug_id": "AP-0776",
        "alt_name": {
          "en": "nav_projection_cabinet_0776"
        },
        "level_id": "41d0e8ca-d315-4b25-938c-7955db2daf2e",
        "wayfinding_type": "access_projection",
        "route_confirmed": true,
        "source": "col_36_cab_17",
        "sources": [
          "col_36_cab_17",
          "col_37_cab_01",
          "poison_ivy_and_thorns_artwork"
        ],
        "target": "path_042",
        "targets": [
          "path_042"
        ]
      }
    },
    {
      "id": "8000d63a-26c6-5ca0-90f6-565b36c941f1",
      "type": "Feature",
      "feature_type": "navigation",
      "geometry": {
        "type": "Point",
        "coordinates": [
          -123.250470342684,
          49.263606286744
        ]
      },
      "properties": {
        "debug_id": "AP-0777",
        "alt_name": {
          "en": "nav_projection_cabinet_0777"
        },
        "level_id": "41d0e8ca-d315-4b25-938c-7955db2daf2e",
        "wayfinding_type": "access_projection",
        "route_confirmed": true,
        "source": "col_36_cab_16",
        "sources": [
          "col_36_cab_16",
          "col_37_cab_02"
        ],
        "target": "path_042",
        "targets": [
          "path_042"
        ]
      }
    },
    {
      "id": "50ce8678-e951-5a96-8909-4426c50e96af",
      "type": "Feature",
      "feature_type": "navigation",
      "geometry": {
        "type": "Point",
        "coordinates": [
          -123.250465218689,
          49.263599856145
        ]
      },
      "properties": {
        "debug_id": "AP-0778",
        "alt_name": {
          "en": "nav_projection_cabinet_0778"
        },
        "level_id": "41d0e8ca-d315-4b25-938c-7955db2daf2e",
        "wayfinding_type": "access_projection",
        "route_confirmed": true,
        "source": "col_36_cab_15",
        "sources": [
          "col_36_cab_15",
          "col_37_cab_03"
        ],
        "target": "path_042",
        "targets": [
          "path_042"
        ]
      }
    },
    {
      "id": "9f12ac99-7cb9-5645-8d17-100b612507ea",
      "type": "Feature",
      "feature_type": "navigation",
      "geometry": {
        "type": "Point",
        "coordinates": [
          -123.250460099762,
          49.263593431906
        ]
      },
      "properties": {
        "debug_id": "AP-0779",
        "alt_name": {
          "en": "nav_projection_cabinet_0779"
        },
        "level_id": "41d0e8ca-d315-4b25-938c-7955db2daf2e",
        "wayfinding_type": "access_projection",
        "route_confirmed": true,
        "source": "col_36_cab_14",
        "sources": [
          "col_36_cab_14",
          "col_37_cab_04"
        ],
        "target": "path_042",
        "targets": [
          "path_042"
        ]
      }
    },
    {
      "id": "a58fdc9d-27b0-576b-b5bf-79852232dbad",
      "type": "Feature",
      "feature_type": "navigation",
      "geometry": {
        "type": "Point",
        "coordinates": [
          -123.250454996043,
          49.26358702675
        ]
      },
      "properties": {
        "debug_id": "AP-0780",
        "alt_name": {
          "en": "nav_projection_cabinet_0780"
        },
        "level_id": "41d0e8ca-d315-4b25-938c-7955db2daf2e",
        "wayfinding_type": "access_projection",
        "route_confirmed": true,
        "source": "col_36_cab_13",
        "sources": [
          "col_36_cab_13",
          "col_37_cab_05"
        ],
        "target": "path_042",
        "targets": [
          "path_042"
        ]
      }
    },
    {
      "id": "ef00583a-6d3b-5d44-b772-4f621fd27858",
      "type": "Feature",
      "feature_type": "navigation",
      "geometry": {
        "type": "Point",
        "coordinates": [
          -123.250449887256,
          49.263580615232
        ]
      },
      "properties": {
        "debug_id": "AP-0781",
        "alt_name": {
          "en": "nav_projection_cabinet_0781"
        },
        "level_id": "41d0e8ca-d315-4b25-938c-7955db2daf2e",
        "wayfinding_type": "access_projection",
        "route_confirmed": true,
        "source": "col_36_cab_12",
        "sources": [
          "col_36_cab_12",
          "col_37_cab_06"
        ],
        "target": "path_042",
        "targets": [
          "path_042"
        ]
      }
    },
    {
      "id": "94d1cd5f-d217-5420-aa34-add9f8b0cb95",
      "type": "Feature",
      "feature_type": "navigation",
      "geometry": {
        "type": "Point",
        "coordinates": [
          -123.250444696947,
          49.263574101403
        ]
      },
      "properties": {
        "debug_id": "AP-0782",
        "alt_name": {
          "en": "nav_projection_cabinet_0782"
        },
        "level_id": "41d0e8ca-d315-4b25-938c-7955db2daf2e",
        "wayfinding_type": "access_projection",
        "route_confirmed": true,
        "source": "col_36_cab_11",
        "sources": [
          "col_36_cab_11"
        ],
        "target": "path_042",
        "targets": [
          "path_042"
        ]
      }
    },
    {
      "id": "9e48325b-7d12-50b8-a8d0-ae075627f3b0",
      "type": "Feature",
      "feature_type": "navigation",
      "geometry": {
        "type": "Point",
        "coordinates": [
          -123.250439583093,
          49.263567683521
        ]
      },
      "properties": {
        "debug_id": "AP-0783",
        "alt_name": {
          "en": "nav_projection_cabinet_0783"
        },
        "level_id": "41d0e8ca-d315-4b25-938c-7955db2daf2e",
        "wayfinding_type": "access_projection",
        "route_confirmed": true,
        "source": "col_36_cab_10",
        "sources": [
          "col_36_cab_10"
        ],
        "target": "path_042",
        "targets": [
          "path_042"
        ]
      }
    },
    {
      "id": "a5f410a7-7e41-5be7-9b4c-e176dcbae6b1",
      "type": "Feature",
      "feature_type": "navigation",
      "geometry": {
        "type": "Point",
        "coordinates": [
          -123.25036059035,
          49.263468547479
        ]
      },
      "properties": {
        "debug_id": "AP-0784",
        "alt_name": {
          "en": "nav_projection_cabinet_0784"
        },
        "level_id": "41d0e8ca-d315-4b25-938c-7955db2daf2e",
        "wayfinding_type": "access_projection",
        "route_confirmed": true,
        "source": "col_36_cab_09",
        "sources": [
          "col_36_cab_09",
          "col_37_cab_23"
        ],
        "target": "path_134",
        "targets": [
          "path_134"
        ]
      }
    },
    {
      "id": "86d62f49-bfef-539f-9151-982cdc674088",
      "type": "Feature",
      "feature_type": "navigation",
      "geometry": {
        "type": "Point",
        "coordinates": [
          -123.250355391603,
          49.263462023026
        ]
      },
      "properties": {
        "debug_id": "AP-0785",
        "alt_name": {
          "en": "nav_projection_cabinet_0785"
        },
        "level_id": "41d0e8ca-d315-4b25-938c-7955db2daf2e",
        "wayfinding_type": "access_projection",
        "route_confirmed": true,
        "source": "col_36_cab_08",
        "sources": [
          "col_36_cab_08"
        ],
        "target": "path_134",
        "targets": [
          "path_134"
        ]
      }
    },
    {
      "id": "d4d59ca0-ba01-5a4d-8192-e80a8f25cd17",
      "type": "Feature",
      "feature_type": "navigation",
      "geometry": {
        "type": "Point",
        "coordinates": [
          -123.250350277764,
          49.263455605131
        ]
      },
      "properties": {
        "debug_id": "AP-0786",
        "alt_name": {
          "en": "nav_projection_cabinet_0786"
        },
        "level_id": "41d0e8ca-d315-4b25-938c-7955db2daf2e",
        "wayfinding_type": "access_projection",
        "route_confirmed": true,
        "source": "col_36_cab_07",
        "sources": [
          "col_36_cab_07"
        ],
        "target": "path_139",
        "targets": [
          "path_139"
        ]
      }
    },
    {
      "id": "cbf48b73-2c22-5d4b-a305-51900fc43518",
      "type": "Feature",
      "feature_type": "navigation",
      "geometry": {
        "type": "Point",
        "coordinates": [
          -123.250345163925,
          49.263449187234
        ]
      },
      "properties": {
        "debug_id": "AP-0787",
        "alt_name": {
          "en": "nav_projection_cabinet_0787"
        },
        "level_id": "41d0e8ca-d315-4b25-938c-7955db2daf2e",
        "wayfinding_type": "access_projection",
        "route_confirmed": true,
        "source": "col_36_cab_06",
        "sources": [
          "col_36_cab_06"
        ],
        "target": "path_139",
        "targets": [
          "path_139"
        ]
      }
    },
    {
      "id": "75fbebf2-84ec-55ee-b0db-5bea0d83b5b8",
      "type": "Feature",
      "feature_type": "navigation",
      "geometry": {
        "type": "Point",
        "coordinates": [
          -123.250340050088,
          49.263442769337
        ]
      },
      "properties": {
        "debug_id": "AP-0788",
        "alt_name": {
          "en": "nav_projection_cabinet_0788"
        },
        "level_id": "41d0e8ca-d315-4b25-938c-7955db2daf2e",
        "wayfinding_type": "access_projection",
        "route_confirmed": true,
        "source": "col_36_cab_05",
        "sources": [
          "col_36_cab_05"
        ],
        "target": "path_139",
        "targets": [
          "path_139"
        ]
      }
    },
    {
      "id": "0fc93a86-5755-537b-a6ba-e89587c007eb",
      "type": "Feature",
      "feature_type": "navigation",
      "geometry": {
        "type": "Point",
        "coordinates": [
          -123.250334657333,
          49.263436001395
        ]
      },
      "properties": {
        "debug_id": "AP-0789",
        "alt_name": {
          "en": "nav_projection_cabinet_0789"
        },
        "level_id": "41d0e8ca-d315-4b25-938c-7955db2daf2e",
        "wayfinding_type": "access_projection",
        "route_confirmed": true,
        "source": "col_36_cab_04",
        "sources": [
          "col_36_cab_04",
          "col_37_cab_28"
        ],
        "target": "path_139",
        "targets": [
          "path_139"
        ]
      }
    },
    {
      "id": "80447d66-8ee6-5907-b599-2cb67fe82f53",
      "type": "Feature",
      "feature_type": "navigation",
      "geometry": {
        "type": "Point",
        "coordinates": [
          -123.250329822415,
          49.26342993354
        ]
      },
      "properties": {
        "debug_id": "AP-0790",
        "alt_name": {
          "en": "nav_projection_cabinet_0790"
        },
        "level_id": "41d0e8ca-d315-4b25-938c-7955db2daf2e",
        "wayfinding_type": "access_projection",
        "route_confirmed": true,
        "source": "col_36_cab_03",
        "sources": [
          "col_36_cab_03"
        ],
        "target": "path_139",
        "targets": [
          "path_139"
        ]
      }
    },
    {
      "id": "d4fa024b-2214-594b-b8bd-09b681f223f1",
      "type": "Feature",
      "feature_type": "navigation",
      "geometry": {
        "type": "Point",
        "coordinates": [
          -123.25032470858,
          49.26342351564
        ]
      },
      "properties": {
        "debug_id": "AP-0791",
        "alt_name": {
          "en": "nav_projection_cabinet_0791"
        },
        "level_id": "41d0e8ca-d315-4b25-938c-7955db2daf2e",
        "wayfinding_type": "access_projection",
        "route_confirmed": true,
        "source": "col_36_cab_02",
        "sources": [
          "col_36_cab_02"
        ],
        "target": "path_139",
        "targets": [
          "path_139"
        ]
      }
    },
    {
      "id": "3e162aca-97f7-50ab-a88b-67680b35e49b",
      "type": "Feature",
      "feature_type": "navigation",
      "geometry": {
        "type": "Point",
        "coordinates": [
          -123.250319372149,
          49.263416818379
        ]
      },
      "properties": {
        "debug_id": "AP-0792",
        "alt_name": {
          "en": "nav_projection_cabinet_0792"
        },
        "level_id": "41d0e8ca-d315-4b25-938c-7955db2daf2e",
        "wayfinding_type": "access_projection",
        "route_confirmed": true,
        "source": "col_36_cab_01",
        "sources": [
          "col_36_cab_01",
          "col_37_cab_32"
        ],
        "target": "path_139",
        "targets": [
          "path_139"
        ]
      }
    },
    {
      "id": "0d0ee4d2-a937-5234-a202-6551842b3b73",
      "type": "Feature",
      "feature_type": "navigation",
      "geometry": {
        "type": "Point",
        "coordinates": [
          -123.25044549303,
          49.263575100485
        ]
      },
      "properties": {
        "debug_id": "AP-0799",
        "alt_name": {
          "en": "nav_projection_cabinet_0799"
        },
        "level_id": "41d0e8ca-d315-4b25-938c-7955db2daf2e",
        "wayfinding_type": "access_projection",
        "route_confirmed": true,
        "source": "col_37_cab_07",
        "sources": [
          "col_37_cab_07"
        ],
        "target": "path_042",
        "targets": [
          "path_042"
        ]
      }
    },
    {
      "id": "5819971e-9ff4-50e9-bab4-b986b5728064",
      "type": "Feature",
      "feature_type": "navigation",
      "geometry": {
        "type": "Point",
        "coordinates": [
          -123.250441685799,
          49.263570322416
        ]
      },
      "properties": {
        "debug_id": "AP-0800",
        "alt_name": {
          "en": "nav_projection_cabinet_0800"
        },
        "level_id": "41d0e8ca-d315-4b25-938c-7955db2daf2e",
        "wayfinding_type": "access_projection",
        "route_confirmed": true,
        "source": "col_37_cab_08",
        "sources": [
          "col_37_cab_08"
        ],
        "target": "path_042",
        "targets": [
          "path_042"
        ]
      }
    },
    {
      "id": "efae4791-047e-569e-8e19-4659d3e7d70b",
      "type": "Feature",
      "feature_type": "navigation",
      "geometry": {
        "type": "Point",
        "coordinates": [
          -123.250413976384,
          49.263535547104
        ]
      },
      "properties": {
        "debug_id": "AP-0801",
        "alt_name": {
          "en": "nav_projection_cabinet_0801"
        },
        "level_id": "41d0e8ca-d315-4b25-938c-7955db2daf2e",
        "wayfinding_type": "access_projection",
        "route_confirmed": true,
        "source": "col_37_cab_09",
        "sources": [
          "col_37_cab_09"
        ],
        "target": "path_133",
        "targets": [
          "path_133"
        ]
      }
    },
    {
      "id": "690c8996-9b03-5070-8bdb-2921d33fdc3e",
      "type": "Feature",
      "feature_type": "navigation",
      "geometry": {
        "type": "Point",
        "coordinates": [
          -123.250410169158,
          49.26353076903
        ]
      },
      "properties": {
        "debug_id": "AP-0802",
        "alt_name": {
          "en": "nav_projection_cabinet_0802"
        },
        "level_id": "41d0e8ca-d315-4b25-938c-7955db2daf2e",
        "wayfinding_type": "access_projection",
        "route_confirmed": true,
        "source": "col_37_cab_10",
        "sources": [
          "col_37_cab_10"
        ],
        "target": "path_133",
        "targets": [
          "path_133"
        ]
      }
    },
    {
      "id": "659b82c8-8f5d-587d-b4d5-71353294b72d",
      "type": "Feature",
      "feature_type": "navigation",
      "geometry": {
        "type": "Point",
        "coordinates": [
          -123.250406361932,
          49.263525990957
        ]
      },
      "properties": {
        "debug_id": "AP-0803",
        "alt_name": {
          "en": "nav_projection_cabinet_0803"
        },
        "level_id": "41d0e8ca-d315-4b25-938c-7955db2daf2e",
        "wayfinding_type": "access_projection",
        "route_confirmed": true,
        "source": "col_37_cab_11",
        "sources": [
          "col_37_cab_11"
        ],
        "target": "path_133",
        "targets": [
          "path_133"
        ]
      }
    },
    {
      "id": "badf31dd-1c86-564b-81f9-c0bd160179e6",
      "type": "Feature",
      "feature_type": "navigation",
      "geometry": {
        "type": "Point",
        "coordinates": [
          -123.250402554706,
          49.263521212883
        ]
      },
      "properties": {
        "debug_id": "AP-0804",
        "alt_name": {
          "en": "nav_projection_cabinet_0804"
        },
        "level_id": "41d0e8ca-d315-4b25-938c-7955db2daf2e",
        "wayfinding_type": "access_projection",
        "route_confirmed": true,
        "source": "col_37_cab_12",
        "sources": [
          "col_37_cab_12"
        ],
        "target": "path_133",
        "targets": [
          "path_133"
        ]
      }
    },
    {
      "id": "03b947a0-0111-5687-8e22-05f2e7e7c710",
      "type": "Feature",
      "feature_type": "navigation",
      "geometry": {
        "type": "Point",
        "coordinates": [
          -123.250398747994,
          49.263516435452
        ]
      },
      "properties": {
        "debug_id": "AP-0805",
        "alt_name": {
          "en": "nav_projection_cabinet_0805"
        },
        "level_id": "41d0e8ca-d315-4b25-938c-7955db2daf2e",
        "wayfinding_type": "access_projection",
        "route_confirmed": true,
        "source": "col_37_cab_13",
        "sources": [
          "col_37_cab_13",
          "di_36_24_L1",
          "di_36_24_L2",
          "di_36_24_L3",
          "di_36_24_top"
        ],
        "target": "path_133",
        "targets": [
          "path_133"
        ]
      }
    },
    {
      "id": "b116fc4b-ec97-573f-a57e-baff13d88f60",
      "type": "Feature",
      "feature_type": "navigation",
      "geometry": {
        "type": "Point",
        "coordinates": [
          -123.250394940256,
          49.263511656733
        ]
      },
      "properties": {
        "debug_id": "AP-0806",
        "alt_name": {
          "en": "nav_projection_cabinet_0806"
        },
        "level_id": "41d0e8ca-d315-4b25-938c-7955db2daf2e",
        "wayfinding_type": "access_projection",
        "route_confirmed": true,
        "source": "col_37_cab_14",
        "sources": [
          "col_37_cab_14"
        ],
        "target": "path_133",
        "targets": [
          "path_133"
        ]
      }
    },
    {
      "id": "e83c3cbb-24fe-5840-baf3-6005def89b77",
      "type": "Feature",
      "feature_type": "navigation",
      "geometry": {
        "type": "Point",
        "coordinates": [
          -123.250391133032,
          49.263506878657
        ]
      },
      "properties": {
        "debug_id": "AP-0807",
        "alt_name": {
          "en": "nav_projection_cabinet_0807"
        },
        "level_id": "41d0e8ca-d315-4b25-938c-7955db2daf2e",
        "wayfinding_type": "access_projection",
        "route_confirmed": true,
        "source": "col_37_cab_15",
        "sources": [
          "col_37_cab_15"
        ],
        "target": "path_133",
        "targets": [
          "path_133"
        ]
      }
    },
    {
      "id": "d376ca78-d4ee-5231-8f27-bb07904dc669",
      "type": "Feature",
      "feature_type": "navigation",
      "geometry": {
        "type": "Point",
        "coordinates": [
          -123.250387325808,
          49.263502100581
        ]
      },
      "properties": {
        "debug_id": "AP-0808",
        "alt_name": {
          "en": "nav_projection_cabinet_0808"
        },
        "level_id": "41d0e8ca-d315-4b25-938c-7955db2daf2e",
        "wayfinding_type": "access_projection",
        "route_confirmed": true,
        "source": "col_37_cab_16",
        "sources": [
          "col_37_cab_16"
        ],
        "target": "path_133",
        "targets": [
          "path_133"
        ]
      }
    },
    {
      "id": "3fd25460-6bfa-51c3-be87-59162c81cdc8",
      "type": "Feature",
      "feature_type": "navigation",
      "geometry": {
        "type": "Point",
        "coordinates": [
          -123.250383462778,
          49.263497252467
        ]
      },
      "properties": {
        "debug_id": "AP-0809",
        "alt_name": {
          "en": "nav_projection_cabinet_0809"
        },
        "level_id": "41d0e8ca-d315-4b25-938c-7955db2daf2e",
        "wayfinding_type": "access_projection",
        "route_confirmed": true,
        "source": "col_37_cab_17",
        "sources": [
          "col_37_cab_17",
          "di_36_27_L1",
          "di_36_27_L2",
          "di_36_27_L3",
          "di_36_27_top"
        ],
        "target": "path_133",
        "targets": [
          "path_133"
        ]
      }
    },
    {
      "id": "98645e0d-a2f3-50be-8a07-dbc91b0f2fef",
      "type": "Feature",
      "feature_type": "navigation",
      "geometry": {
        "type": "Point",
        "coordinates": [
          -123.250379711362,
          49.263492544428
        ]
      },
      "properties": {
        "debug_id": "AP-0810",
        "alt_name": {
          "en": "nav_projection_cabinet_0810"
        },
        "level_id": "41d0e8ca-d315-4b25-938c-7955db2daf2e",
        "wayfinding_type": "access_projection",
        "route_confirmed": true,
        "source": "col_37_cab_18",
        "sources": [
          "col_37_cab_18"
        ],
        "target": "path_133",
        "targets": [
          "path_133"
        ]
      }
    },
    {
      "id": "f5a07a58-8584-584b-8047-847441adc31c",
      "type": "Feature",
      "feature_type": "navigation",
      "geometry": {
        "type": "Point",
        "coordinates": [
          -123.25037590414,
          49.263487766351
        ]
      },
      "properties": {
        "debug_id": "AP-0811",
        "alt_name": {
          "en": "nav_projection_cabinet_0811"
        },
        "level_id": "41d0e8ca-d315-4b25-938c-7955db2daf2e",
        "wayfinding_type": "access_projection",
        "route_confirmed": true,
        "source": "col_37_cab_19",
        "sources": [
          "col_37_cab_19"
        ],
        "target": "path_133",
        "targets": [
          "path_133"
        ]
      }
    },
    {
      "id": "4556888c-a7d5-5a84-8561-25b48f1fd9eb",
      "type": "Feature",
      "feature_type": "navigation",
      "geometry": {
        "type": "Point",
        "coordinates": [
          -123.250372096918,
          49.263482988273
        ]
      },
      "properties": {
        "debug_id": "AP-0812",
        "alt_name": {
          "en": "nav_projection_cabinet_0812"
        },
        "level_id": "41d0e8ca-d315-4b25-938c-7955db2daf2e",
        "wayfinding_type": "access_projection",
        "route_confirmed": true,
        "source": "col_37_cab_20",
        "sources": [
          "col_37_cab_20"
        ],
        "target": "path_133",
        "targets": [
          "path_133"
        ]
      }
    },
    {
      "id": "d76791fc-b4b8-58a1-8a88-afb683670340",
      "type": "Feature",
      "feature_type": "navigation",
      "geometry": {
        "type": "Point",
        "coordinates": [
          -123.250368289697,
          49.263478210195
        ]
      },
      "properties": {
        "debug_id": "AP-0813",
        "alt_name": {
          "en": "nav_projection_cabinet_0813"
        },
        "level_id": "41d0e8ca-d315-4b25-938c-7955db2daf2e",
        "wayfinding_type": "access_projection",
        "route_confirmed": true,
        "source": "col_37_cab_21",
        "sources": [
          "col_37_cab_21"
        ],
        "target": "path_134",
        "targets": [
          "path_134"
        ]
      }
    },
    {
      "id": "ae79adc2-a6c6-57e0-9748-305c0776ae8d",
      "type": "Feature",
      "feature_type": "navigation",
      "geometry": {
        "type": "Point",
        "coordinates": [
          -123.250364482476,
          49.263473432116
        ]
      },
      "properties": {
        "debug_id": "AP-0814",
        "alt_name": {
          "en": "nav_projection_cabinet_0814"
        },
        "level_id": "41d0e8ca-d315-4b25-938c-7955db2daf2e",
        "wayfinding_type": "access_projection",
        "route_confirmed": true,
        "source": "col_37_cab_22",
        "sources": [
          "col_37_cab_22"
        ],
        "target": "path_134",
        "targets": [
          "path_134"
        ]
      }
    },
    {
      "id": "2884485c-605e-5f7f-8c95-23c8f3dbeafb",
      "type": "Feature",
      "feature_type": "navigation",
      "geometry": {
        "type": "Point",
        "coordinates": [
          -123.250349607286,
          49.263454763677
        ]
      },
      "properties": {
        "debug_id": "AP-0816",
        "alt_name": {
          "en": "nav_projection_cabinet_0816"
        },
        "level_id": "41d0e8ca-d315-4b25-938c-7955db2daf2e",
        "wayfinding_type": "access_projection",
        "route_confirmed": true,
        "source": "col_37_cab_24",
        "sources": [
          "col_37_cab_24"
        ],
        "target": "path_139",
        "targets": [
          "path_139"
        ]
      }
    },
    {
      "id": "a38a1d4d-2f2c-5138-9a66-9ffc19c9c92c",
      "type": "Feature",
      "feature_type": "navigation",
      "geometry": {
        "type": "Point",
        "coordinates": [
          -123.250345800067,
          49.263449985596
        ]
      },
      "properties": {
        "debug_id": "AP-0817",
        "alt_name": {
          "en": "nav_projection_cabinet_0817"
        },
        "level_id": "41d0e8ca-d315-4b25-938c-7955db2daf2e",
        "wayfinding_type": "access_projection",
        "route_confirmed": true,
        "source": "col_37_cab_25",
        "sources": [
          "col_37_cab_25"
        ],
        "target": "path_139",
        "targets": [
          "path_139"
        ]
      }
    },
    {
      "id": "67900327-425d-5d72-9824-102a984fd7b4",
      "type": "Feature",
      "feature_type": "navigation",
      "geometry": {
        "type": "Point",
        "coordinates": [
          -123.250341992849,
          49.263445207515
        ]
      },
      "properties": {
        "debug_id": "AP-0818",
        "alt_name": {
          "en": "nav_projection_cabinet_0818"
        },
        "level_id": "41d0e8ca-d315-4b25-938c-7955db2daf2e",
        "wayfinding_type": "access_projection",
        "route_confirmed": true,
        "source": "col_37_cab_26",
        "sources": [
          "col_37_cab_26"
        ],
        "target": "path_139",
        "targets": [
          "path_139"
        ]
      }
    },
    {
      "id": "7a73a938-c47b-5265-bcaa-17ce273bd9bf",
      "type": "Feature",
      "feature_type": "navigation",
      "geometry": {
        "type": "Point",
        "coordinates": [
          -123.250338185632,
          49.263440429433
        ]
      },
      "properties": {
        "debug_id": "AP-0819",
        "alt_name": {
          "en": "nav_projection_cabinet_0819"
        },
        "level_id": "41d0e8ca-d315-4b25-938c-7955db2daf2e",
        "wayfinding_type": "access_projection",
        "route_confirmed": true,
        "source": "col_37_cab_27",
        "sources": [
          "col_37_cab_27"
        ],
        "target": "path_139",
        "targets": [
          "path_139"
        ]
      }
    },
    {
      "id": "c354e249-3039-5fa1-8e2a-1ed2e6e22c44",
      "type": "Feature",
      "feature_type": "navigation",
      "geometry": {
        "type": "Point",
        "coordinates": [
          -123.250330571198,
          49.263430873268
        ]
      },
      "properties": {
        "debug_id": "AP-0821",
        "alt_name": {
          "en": "nav_projection_cabinet_0821"
        },
        "level_id": "41d0e8ca-d315-4b25-938c-7955db2daf2e",
        "wayfinding_type": "access_projection",
        "route_confirmed": true,
        "source": "col_37_cab_29",
        "sources": [
          "col_37_cab_29"
        ],
        "target": "path_139",
        "targets": [
          "path_139"
        ]
      }
    },
    {
      "id": "8e642199-d1e0-5132-afd9-316ed923c7ac",
      "type": "Feature",
      "feature_type": "navigation",
      "geometry": {
        "type": "Point",
        "coordinates": [
          -123.250326763982,
          49.263426095184
        ]
      },
      "properties": {
        "debug_id": "AP-0822",
        "alt_name": {
          "en": "nav_projection_cabinet_0822"
        },
        "level_id": "41d0e8ca-d315-4b25-938c-7955db2daf2e",
        "wayfinding_type": "access_projection",
        "route_confirmed": true,
        "source": "col_37_cab_30",
        "sources": [
          "col_37_cab_30"
        ],
        "target": "path_139",
        "targets": [
          "path_139"
        ]
      }
    },
    {
      "id": "27fee6c7-0877-5187-833c-96107660b935",
      "type": "Feature",
      "feature_type": "navigation",
      "geometry": {
        "type": "Point",
        "coordinates": [
          -123.250322956766,
          49.263421317101
        ]
      },
      "properties": {
        "debug_id": "AP-0823",
        "alt_name": {
          "en": "nav_projection_cabinet_0823"
        },
        "level_id": "41d0e8ca-d315-4b25-938c-7955db2daf2e",
        "wayfinding_type": "access_projection",
        "route_confirmed": true,
        "source": "col_37_cab_31",
        "sources": [
          "col_37_cab_31"
        ],
        "target": "path_139",
        "targets": [
          "path_139"
        ]
      }
    },
    {
      "id": "1b5220e6-a2ef-5eda-a7f9-cd6f7eaa555a",
      "type": "Feature",
      "feature_type": "navigation",
      "geometry": {
        "type": "Point",
        "coordinates": [
          -123.25044391963,
          49.263623659968
        ]
      },
      "properties": {
        "debug_id": "AP-0825",
        "alt_name": {
          "en": "nav_projection_cabinet_0825"
        },
        "level_id": "41d0e8ca-d315-4b25-938c-7955db2daf2e",
        "wayfinding_type": "access_projection",
        "route_confirmed": true,
        "source": "col_38_cab_32",
        "sources": [
          "col_38_cab_32",
          "col_39_cab_01",
          "bird_and_tree_display_case"
        ],
        "target": "path_044",
        "targets": [
          "path_044"
        ]
      }
    },
    {
      "id": "3bb4dc22-6928-54f4-a30a-5f144b4ce641",
      "type": "Feature",
      "feature_type": "navigation",
      "geometry": {
        "type": "Point",
        "coordinates": [
          -123.250438817038,
          49.263617256228
        ]
      },
      "properties": {
        "debug_id": "AP-0826",
        "alt_name": {
          "en": "nav_projection_cabinet_0826"
        },
        "level_id": "41d0e8ca-d315-4b25-938c-7955db2daf2e",
        "wayfinding_type": "access_projection",
        "route_confirmed": true,
        "source": "col_38_cab_31",
        "sources": [
          "col_38_cab_31",
          "col_39_cab_02"
        ],
        "target": "path_044",
        "targets": [
          "path_044"
        ]
      }
    },
    {
      "id": "60481138-4395-5c53-9f17-393c400ae870",
      "type": "Feature",
      "feature_type": "navigation",
      "geometry": {
        "type": "Point",
        "coordinates": [
          -123.250433693046,
          49.263610825628
        ]
      },
      "properties": {
        "debug_id": "AP-0827",
        "alt_name": {
          "en": "nav_projection_cabinet_0827"
        },
        "level_id": "41d0e8ca-d315-4b25-938c-7955db2daf2e",
        "wayfinding_type": "access_projection",
        "route_confirmed": true,
        "source": "col_38_cab_30",
        "sources": [
          "col_38_cab_30",
          "col_39_cab_03"
        ],
        "target": "path_044",
        "targets": [
          "path_044"
        ]
      }
    },
    {
      "id": "6ec6a698-c32c-5fdd-948c-28483e1cdf88",
      "type": "Feature",
      "feature_type": "navigation",
      "geometry": {
        "type": "Point",
        "coordinates": [
          -123.250428574124,
          49.263604401389
        ]
      },
      "properties": {
        "debug_id": "AP-0828",
        "alt_name": {
          "en": "nav_projection_cabinet_0828"
        },
        "level_id": "41d0e8ca-d315-4b25-938c-7955db2daf2e",
        "wayfinding_type": "access_projection",
        "route_confirmed": true,
        "source": "col_38_cab_29",
        "sources": [
          "col_38_cab_29",
          "col_39_cab_04"
        ],
        "target": "path_044",
        "targets": [
          "path_044"
        ]
      }
    },
    {
      "id": "899f9b3e-d694-53c3-a41e-2bd8c7f93816",
      "type": "Feature",
      "feature_type": "navigation",
      "geometry": {
        "type": "Point",
        "coordinates": [
          -123.250423470409,
          49.263597996232
        ]
      },
      "properties": {
        "debug_id": "AP-0829",
        "alt_name": {
          "en": "nav_projection_cabinet_0829"
        },
        "level_id": "41d0e8ca-d315-4b25-938c-7955db2daf2e",
        "wayfinding_type": "access_projection",
        "route_confirmed": true,
        "source": "col_38_cab_28",
        "sources": [
          "col_38_cab_28",
          "col_39_cab_05"
        ],
        "target": "path_044",
        "targets": [
          "path_044"
        ]
      }
    },
    {
      "id": "606ac158-7dc6-5a74-b690-5580e0d6c048",
      "type": "Feature",
      "feature_type": "navigation",
      "geometry": {
        "type": "Point",
        "coordinates": [
          -123.250418361625,
          49.263591584715
        ]
      },
      "properties": {
        "debug_id": "AP-0830",
        "alt_name": {
          "en": "nav_projection_cabinet_0830"
        },
        "level_id": "41d0e8ca-d315-4b25-938c-7955db2daf2e",
        "wayfinding_type": "access_projection",
        "route_confirmed": true,
        "source": "col_38_cab_27",
        "sources": [
          "col_38_cab_27",
          "col_39_cab_06"
        ],
        "target": "path_044",
        "targets": [
          "path_044"
        ]
      }
    },
    {
      "id": "cda8380e-a6e1-5718-97dc-b5d180eb4961",
      "type": "Feature",
      "feature_type": "navigation",
      "geometry": {
        "type": "Point",
        "coordinates": [
          -123.250413569361,
          49.263585570425
        ]
      },
      "properties": {
        "debug_id": "AP-0831",
        "alt_name": {
          "en": "nav_projection_cabinet_0831"
        },
        "level_id": "41d0e8ca-d315-4b25-938c-7955db2daf2e",
        "wayfinding_type": "access_projection",
        "route_confirmed": true,
        "source": "col_38_cab_26",
        "sources": [
          "col_38_cab_26",
          "col_39_cab_07"
        ],
        "target": "path_044",
        "targets": [
          "path_044"
        ]
      }
    },
    {
      "id": "fdff4869-31da-5546-8cc9-89e3fe845324",
      "type": "Feature",
      "feature_type": "navigation",
      "geometry": {
        "type": "Point",
        "coordinates": [
          -123.250410062245,
          49.263581168996
        ]
      },
      "properties": {
        "debug_id": "AP-0832",
        "alt_name": {
          "en": "nav_projection_cabinet_0832"
        },
        "level_id": "41d0e8ca-d315-4b25-938c-7955db2daf2e",
        "wayfinding_type": "access_projection",
        "route_confirmed": true,
        "source": "col_38_cab_25",
        "sources": [
          "col_38_cab_25"
        ],
        "target": "path_044",
        "targets": [
          "path_044"
        ]
      }
    },
    {
      "id": "7fec6d42-d560-556c-869e-54fa94528757",
      "type": "Feature",
      "feature_type": "navigation",
      "geometry": {
        "type": "Point",
        "coordinates": [
          -123.250382469505,
          49.263546540082
        ]
      },
      "properties": {
        "debug_id": "AP-0833",
        "alt_name": {
          "en": "nav_projection_cabinet_0833"
        },
        "level_id": "41d0e8ca-d315-4b25-938c-7955db2daf2e",
        "wayfinding_type": "access_projection",
        "route_confirmed": true,
        "source": "col_38_cab_24",
        "sources": [
          "col_38_cab_24",
          "col_39_cab_13"
        ],
        "target": "path_137",
        "targets": [
          "path_137"
        ]
      }
    },
    {
      "id": "923c5661-5280-53f4-a9ad-74489857106c",
      "type": "Feature",
      "feature_type": "navigation",
      "geometry": {
        "type": "Point",
        "coordinates": [
          -123.250378545623,
          49.263541615603
        ]
      },
      "properties": {
        "debug_id": "AP-0834",
        "alt_name": {
          "en": "nav_projection_cabinet_0834"
        },
        "level_id": "41d0e8ca-d315-4b25-938c-7955db2daf2e",
        "wayfinding_type": "access_projection",
        "route_confirmed": true,
        "source": "col_38_cab_23",
        "sources": [
          "col_38_cab_23"
        ],
        "target": "path_137",
        "targets": [
          "path_137"
        ]
      }
    },
    {
      "id": "a4393c24-8331-5c34-8d5e-3394039c0cc6",
      "type": "Feature",
      "feature_type": "navigation",
      "geometry": {
        "type": "Point",
        "coordinates": [
          -123.2503747384,
          49.263536837528
        ]
      },
      "properties": {
        "debug_id": "AP-0835",
        "alt_name": {
          "en": "nav_projection_cabinet_0835"
        },
        "level_id": "41d0e8ca-d315-4b25-938c-7955db2daf2e",
        "wayfinding_type": "access_projection",
        "route_confirmed": true,
        "source": "col_38_cab_22",
        "sources": [
          "col_38_cab_22"
        ],
        "target": "path_137",
        "targets": [
          "path_137"
        ]
      }
    },
    {
      "id": "60570cd9-7f89-5775-80ef-a0105086ec40",
      "type": "Feature",
      "feature_type": "navigation",
      "geometry": {
        "type": "Point",
        "coordinates": [
          -123.250370931176,
          49.263532059453
        ]
      },
      "properties": {
        "debug_id": "AP-0836",
        "alt_name": {
          "en": "nav_projection_cabinet_0836"
        },
        "level_id": "41d0e8ca-d315-4b25-938c-7955db2daf2e",
        "wayfinding_type": "access_projection",
        "route_confirmed": true,
        "source": "col_38_cab_21",
        "sources": [
          "col_38_cab_21"
        ],
        "target": "path_137",
        "targets": [
          "path_137"
        ]
      }
    },
    {
      "id": "b23cdaa3-e7d5-5f1b-856e-86acc717edcd",
      "type": "Feature",
      "feature_type": "navigation",
      "geometry": {
        "type": "Point",
        "coordinates": [
          -123.250367184292,
          49.263527357102
        ]
      },
      "properties": {
        "debug_id": "AP-0837",
        "alt_name": {
          "en": "nav_projection_cabinet_0837"
        },
        "level_id": "41d0e8ca-d315-4b25-938c-7955db2daf2e",
        "wayfinding_type": "access_projection",
        "route_confirmed": true,
        "source": "col_38_cab_20",
        "sources": [
          "col_38_cab_20",
          "col_39_cab_16"
        ],
        "target": "path_137",
        "targets": [
          "path_137"
        ]
      }
    },
    {
      "id": "4c5737be-d26d-5331-99f2-f3a4f15d1aab",
      "type": "Feature",
      "feature_type": "navigation",
      "geometry": {
        "type": "Point",
        "coordinates": [
          -123.250363316731,
          49.263522503302
        ]
      },
      "properties": {
        "debug_id": "AP-0838",
        "alt_name": {
          "en": "nav_projection_cabinet_0838"
        },
        "level_id": "41d0e8ca-d315-4b25-938c-7955db2daf2e",
        "wayfinding_type": "access_projection",
        "route_confirmed": true,
        "source": "col_38_cab_19",
        "sources": [
          "col_38_cab_19"
        ],
        "target": "path_137",
        "targets": [
          "path_137"
        ]
      }
    },
    {
      "id": "ae42a017-dce7-581a-90c0-58d616be2b2c",
      "type": "Feature",
      "feature_type": "navigation",
      "geometry": {
        "type": "Point",
        "coordinates": [
          -123.25035950951,
          49.263517725226
        ]
      },
      "properties": {
        "debug_id": "AP-0839",
        "alt_name": {
          "en": "nav_projection_cabinet_0839"
        },
        "level_id": "41d0e8ca-d315-4b25-938c-7955db2daf2e",
        "wayfinding_type": "access_projection",
        "route_confirmed": true,
        "source": "col_38_cab_18",
        "sources": [
          "col_38_cab_18"
        ],
        "target": "path_137",
        "targets": [
          "path_137"
        ]
      }
    },
    {
      "id": "00e8cecd-6776-5df5-88e8-9eabb6b11e80",
      "type": "Feature",
      "feature_type": "navigation",
      "geometry": {
        "type": "Point",
        "coordinates": [
          -123.250355702288,
          49.263512947149
        ]
      },
      "properties": {
        "debug_id": "AP-0840",
        "alt_name": {
          "en": "nav_projection_cabinet_0840"
        },
        "level_id": "41d0e8ca-d315-4b25-938c-7955db2daf2e",
        "wayfinding_type": "access_projection",
        "route_confirmed": true,
        "source": "col_38_cab_17",
        "sources": [
          "col_38_cab_17"
        ],
        "target": "path_137",
        "targets": [
          "path_137"
        ]
      }
    },
    {
      "id": "1f6ab1e1-d49a-513a-b36e-e7f7005db529",
      "type": "Feature",
      "feature_type": "navigation",
      "geometry": {
        "type": "Point",
        "coordinates": [
          -123.250351899086,
          49.263508174115
        ]
      },
      "properties": {
        "debug_id": "AP-0841",
        "alt_name": {
          "en": "nav_projection_cabinet_0841"
        },
        "level_id": "41d0e8ca-d315-4b25-938c-7955db2daf2e",
        "wayfinding_type": "access_projection",
        "route_confirmed": true,
        "source": "col_38_cab_16",
        "sources": [
          "col_38_cab_16",
          "col_39_cab_19"
        ],
        "target": "path_137",
        "targets": [
          "path_137"
        ]
      }
    },
    {
      "id": "838e3565-159c-5283-9414-03386f662ada",
      "type": "Feature",
      "feature_type": "navigation",
      "geometry": {
        "type": "Point",
        "coordinates": [
          -123.250348087847,
          49.263503390994
        ]
      },
      "properties": {
        "debug_id": "AP-0842",
        "alt_name": {
          "en": "nav_projection_cabinet_0842"
        },
        "level_id": "41d0e8ca-d315-4b25-938c-7955db2daf2e",
        "wayfinding_type": "access_projection",
        "route_confirmed": true,
        "source": "col_38_cab_15",
        "sources": [
          "col_38_cab_15"
        ],
        "target": "path_137",
        "targets": [
          "path_137"
        ]
      }
    },
    {
      "id": "e220b9e1-dee0-5d56-a5ee-9643051074ad",
      "type": "Feature",
      "feature_type": "navigation",
      "geometry": {
        "type": "Point",
        "coordinates": [
          -123.250344280627,
          49.263498612915
        ]
      },
      "properties": {
        "debug_id": "AP-0843",
        "alt_name": {
          "en": "nav_projection_cabinet_0843"
        },
        "level_id": "41d0e8ca-d315-4b25-938c-7955db2daf2e",
        "wayfinding_type": "access_projection",
        "route_confirmed": true,
        "source": "col_38_cab_14",
        "sources": [
          "col_38_cab_14"
        ],
        "target": "path_137",
        "targets": [
          "path_137"
        ]
      }
    },
    {
      "id": "fde50581-ee9d-5ead-a077-dafab2fa21e7",
      "type": "Feature",
      "feature_type": "navigation",
      "geometry": {
        "type": "Point",
        "coordinates": [
          -123.250340473408,
          49.263493834837
        ]
      },
      "properties": {
        "debug_id": "AP-0844",
        "alt_name": {
          "en": "nav_projection_cabinet_0844"
        },
        "level_id": "41d0e8ca-d315-4b25-938c-7955db2daf2e",
        "wayfinding_type": "access_projection",
        "route_confirmed": true,
        "source": "col_38_cab_13",
        "sources": [
          "col_38_cab_13"
        ],
        "target": "path_137",
        "targets": [
          "path_137"
        ]
      }
    },
    {
      "id": "4f0aa94a-b382-5f08-ab9a-ccc12f3af23c",
      "type": "Feature",
      "feature_type": "navigation",
      "geometry": {
        "type": "Point",
        "coordinates": [
          -123.250336666189,
          49.263489056758
        ]
      },
      "properties": {
        "debug_id": "AP-0845",
        "alt_name": {
          "en": "nav_projection_cabinet_0845"
        },
        "level_id": "41d0e8ca-d315-4b25-938c-7955db2daf2e",
        "wayfinding_type": "access_projection",
        "route_confirmed": true,
        "source": "col_38_cab_12",
        "sources": [
          "col_38_cab_12"
        ],
        "target": "path_137",
        "targets": [
          "path_137"
        ]
      }
    },
    {
      "id": "94eb7365-904b-596d-969e-32571f713533",
      "type": "Feature",
      "feature_type": "navigation",
      "geometry": {
        "type": "Point",
        "coordinates": [
          -123.25033285897,
          49.263484278678
        ]
      },
      "properties": {
        "debug_id": "AP-0846",
        "alt_name": {
          "en": "nav_projection_cabinet_0846"
        },
        "level_id": "41d0e8ca-d315-4b25-938c-7955db2daf2e",
        "wayfinding_type": "access_projection",
        "route_confirmed": true,
        "source": "col_38_cab_11",
        "sources": [
          "col_38_cab_11"
        ],
        "target": "path_137",
        "targets": [
          "path_137"
        ]
      }
    },
    {
      "id": "47d42acf-bd9c-57e7-bbd3-d04bbfc74937",
      "type": "Feature",
      "feature_type": "navigation",
      "geometry": {
        "type": "Point",
        "coordinates": [
          -123.250329051752,
          49.263479500598
        ]
      },
      "properties": {
        "debug_id": "AP-0847",
        "alt_name": {
          "en": "nav_projection_cabinet_0847"
        },
        "level_id": "41d0e8ca-d315-4b25-938c-7955db2daf2e",
        "wayfinding_type": "access_projection",
        "route_confirmed": true,
        "source": "col_38_cab_10",
        "sources": [
          "col_38_cab_10"
        ],
        "target": "path_137",
        "targets": [
          "path_137"
        ]
      }
    },
    {
      "id": "2384210e-8f56-5f64-96d5-e9b666901756",
      "type": "Feature",
      "feature_type": "navigation",
      "geometry": {
        "type": "Point",
        "coordinates": [
          -123.250317983789,
          49.263465610236
        ]
      },
      "properties": {
        "debug_id": "AP-0848",
        "alt_name": {
          "en": "nav_projection_cabinet_0848"
        },
        "level_id": "41d0e8ca-d315-4b25-938c-7955db2daf2e",
        "wayfinding_type": "access_projection",
        "route_confirmed": true,
        "source": "col_38_cab_09",
        "sources": [
          "col_38_cab_09"
        ],
        "target": "path_140",
        "targets": [
          "path_140"
        ]
      }
    },
    {
      "id": "fa3f4b5d-ed29-5b5b-a9a2-79192c5f8690",
      "type": "Feature",
      "feature_type": "navigation",
      "geometry": {
        "type": "Point",
        "coordinates": [
          -123.250313956441,
          49.263460555887
        ]
      },
      "properties": {
        "debug_id": "AP-0849",
        "alt_name": {
          "en": "nav_projection_cabinet_0849"
        },
        "level_id": "41d0e8ca-d315-4b25-938c-7955db2daf2e",
        "wayfinding_type": "access_projection",
        "route_confirmed": true,
        "source": "col_38_cab_08",
        "sources": [
          "col_38_cab_08",
          "col_39_cab_21"
        ],
        "target": "path_140",
        "targets": [
          "path_140"
        ]
      }
    },
    {
      "id": "95c3fc3d-7463-5162-a50f-e42598136383",
      "type": "Feature",
      "feature_type": "navigation",
      "geometry": {
        "type": "Point",
        "coordinates": [
          -123.250310369357,
          49.263456054072
        ]
      },
      "properties": {
        "debug_id": "AP-0850",
        "alt_name": {
          "en": "nav_projection_cabinet_0850"
        },
        "level_id": "41d0e8ca-d315-4b25-938c-7955db2daf2e",
        "wayfinding_type": "access_projection",
        "route_confirmed": true,
        "source": "col_38_cab_07",
        "sources": [
          "col_38_cab_07"
        ],
        "target": "path_140",
        "targets": [
          "path_140"
        ]
      }
    },
    {
      "id": "98a3424a-9507-55ba-8dcd-95d551ff0f7a",
      "type": "Feature",
      "feature_type": "navigation",
      "geometry": {
        "type": "Point",
        "coordinates": [
          -123.250306562142,
          49.263451275989
        ]
      },
      "properties": {
        "debug_id": "AP-0851",
        "alt_name": {
          "en": "nav_projection_cabinet_0851"
        },
        "level_id": "41d0e8ca-d315-4b25-938c-7955db2daf2e",
        "wayfinding_type": "access_projection",
        "route_confirmed": true,
        "source": "col_38_cab_06",
        "sources": [
          "col_38_cab_06"
        ],
        "target": "path_140",
        "targets": [
          "path_140"
        ]
      }
    },
    {
      "id": "dd055743-4a80-5c4a-982a-885f7a08e37d",
      "type": "Feature",
      "feature_type": "navigation",
      "geometry": {
        "type": "Point",
        "coordinates": [
          -123.250302754927,
          49.263446497906
        ]
      },
      "properties": {
        "debug_id": "AP-0852",
        "alt_name": {
          "en": "nav_projection_cabinet_0852"
        },
        "level_id": "41d0e8ca-d315-4b25-938c-7955db2daf2e",
        "wayfinding_type": "access_projection",
        "route_confirmed": true,
        "source": "col_38_cab_05",
        "sources": [
          "col_38_cab_05"
        ],
        "target": "path_140",
        "targets": [
          "path_140"
        ]
      }
    },
    {
      "id": "66b4fb34-791f-509c-ab68-7bad1e284e29",
      "type": "Feature",
      "feature_type": "navigation",
      "geometry": {
        "type": "Point",
        "coordinates": [
          -123.250298671262,
          49.263441372874
        ]
      },
      "properties": {
        "debug_id": "AP-0853",
        "alt_name": {
          "en": "nav_projection_cabinet_0853"
        },
        "level_id": "41d0e8ca-d315-4b25-938c-7955db2daf2e",
        "wayfinding_type": "access_projection",
        "route_confirmed": true,
        "source": "col_38_cab_04",
        "sources": [
          "col_38_cab_04",
          "col_39_cab_24"
        ],
        "target": "path_140",
        "targets": [
          "path_140"
        ]
      }
    },
    {
      "id": "01169619-5646-5d16-8d47-3344ffeb91b5",
      "type": "Feature",
      "feature_type": "navigation",
      "geometry": {
        "type": "Point",
        "coordinates": [
          -123.250295140499,
          49.263436941738
        ]
      },
      "properties": {
        "debug_id": "AP-0854",
        "alt_name": {
          "en": "nav_projection_cabinet_0854"
        },
        "level_id": "41d0e8ca-d315-4b25-938c-7955db2daf2e",
        "wayfinding_type": "access_projection",
        "route_confirmed": true,
        "source": "col_38_cab_03",
        "sources": [
          "col_38_cab_03"
        ],
        "target": "path_140",
        "targets": [
          "path_140"
        ]
      }
    },
    {
      "id": "0c7eed8d-d1ed-5b22-b45e-19d04e45f251",
      "type": "Feature",
      "feature_type": "navigation",
      "geometry": {
        "type": "Point",
        "coordinates": [
          -123.250291333286,
          49.263432163653
        ]
      },
      "properties": {
        "debug_id": "AP-0855",
        "alt_name": {
          "en": "nav_projection_cabinet_0855"
        },
        "level_id": "41d0e8ca-d315-4b25-938c-7955db2daf2e",
        "wayfinding_type": "access_projection",
        "route_confirmed": true,
        "source": "col_38_cab_02",
        "sources": [
          "col_38_cab_02"
        ],
        "target": "path_140",
        "targets": [
          "path_140"
        ]
      }
    },
    {
      "id": "403cb5d7-aaca-55d2-a7c4-c8801a01df80",
      "type": "Feature",
      "feature_type": "navigation",
      "geometry": {
        "type": "Point",
        "coordinates": [
          -123.250287526073,
          49.263427385568
        ]
      },
      "properties": {
        "debug_id": "AP-0856",
        "alt_name": {
          "en": "nav_projection_cabinet_0856"
        },
        "level_id": "41d0e8ca-d315-4b25-938c-7955db2daf2e",
        "wayfinding_type": "access_projection",
        "route_confirmed": true,
        "source": "col_38_cab_01",
        "sources": [
          "col_38_cab_01"
        ],
        "target": "path_140",
        "targets": [
          "path_140"
        ]
      }
    },
    {
      "id": "5e7f22a2-0548-5f35-9ded-4e2773ee9192",
      "type": "Feature",
      "feature_type": "navigation",
      "geometry": {
        "type": "Point",
        "coordinates": [
          -123.250408155399,
          49.263578775904
        ]
      },
      "properties": {
        "debug_id": "AP-0864",
        "alt_name": {
          "en": "nav_projection_cabinet_0864"
        },
        "level_id": "41d0e8ca-d315-4b25-938c-7955db2daf2e",
        "wayfinding_type": "access_projection",
        "route_confirmed": true,
        "source": "col_39_cab_08",
        "sources": [
          "col_39_cab_08"
        ],
        "target": "path_044",
        "targets": [
          "path_044"
        ]
      }
    },
    {
      "id": "f35b31ac-5add-5167-bab6-5f60da2df7ba",
      "type": "Feature",
      "feature_type": "navigation",
      "geometry": {
        "type": "Point",
        "coordinates": [
          -123.25040304155,
          49.263572358022
        ]
      },
      "properties": {
        "debug_id": "AP-0865",
        "alt_name": {
          "en": "nav_projection_cabinet_0865"
        },
        "level_id": "41d0e8ca-d315-4b25-938c-7955db2daf2e",
        "wayfinding_type": "access_projection",
        "route_confirmed": true,
        "source": "col_39_cab_09",
        "sources": [
          "col_39_cab_09"
        ],
        "target": "path_044",
        "targets": [
          "path_044"
        ]
      }
    },
    {
      "id": "8dcb81ee-0bd5-5a1a-b567-52c3bf213192",
      "type": "Feature",
      "feature_type": "navigation",
      "geometry": {
        "type": "Point",
        "coordinates": [
          -123.250397927702,
          49.263565940139
        ]
      },
      "properties": {
        "debug_id": "AP-0866",
        "alt_name": {
          "en": "nav_projection_cabinet_0866"
        },
        "level_id": "41d0e8ca-d315-4b25-938c-7955db2daf2e",
        "wayfinding_type": "access_projection",
        "route_confirmed": true,
        "source": "col_39_cab_10",
        "sources": [
          "col_39_cab_10"
        ],
        "target": "path_044",
        "targets": [
          "path_044"
        ]
      }
    },
    {
      "id": "e6df46b0-3d40-55b0-aae4-a0670b471bc0",
      "type": "Feature",
      "feature_type": "navigation",
      "geometry": {
        "type": "Point",
        "coordinates": [
          -123.250392813854,
          49.263559522256
        ]
      },
      "properties": {
        "debug_id": "AP-0867",
        "alt_name": {
          "en": "nav_projection_cabinet_0867"
        },
        "level_id": "41d0e8ca-d315-4b25-938c-7955db2daf2e",
        "wayfinding_type": "access_projection",
        "route_confirmed": true,
        "source": "col_39_cab_11",
        "sources": [
          "col_39_cab_11"
        ],
        "target": "path_137",
        "targets": [
          "path_137"
        ]
      }
    },
    {
      "id": "43311928-97a7-598f-8859-eccdb9fa894f",
      "type": "Feature",
      "feature_type": "navigation",
      "geometry": {
        "type": "Point",
        "coordinates": [
          -123.250387700007,
          49.263553104372
        ]
      },
      "properties": {
        "debug_id": "AP-0868",
        "alt_name": {
          "en": "nav_projection_cabinet_0868"
        },
        "level_id": "41d0e8ca-d315-4b25-938c-7955db2daf2e",
        "wayfinding_type": "access_projection",
        "route_confirmed": true,
        "source": "col_39_cab_12",
        "sources": [
          "col_39_cab_12"
        ],
        "target": "path_137",
        "targets": [
          "path_137"
        ]
      }
    },
    {
      "id": "f568cf97-7c2b-5119-b923-19f22b2ee16d",
      "type": "Feature",
      "feature_type": "navigation",
      "geometry": {
        "type": "Point",
        "coordinates": [
          -123.250377472317,
          49.263540268601
        ]
      },
      "properties": {
        "debug_id": "AP-0870",
        "alt_name": {
          "en": "nav_projection_cabinet_0870"
        },
        "level_id": "41d0e8ca-d315-4b25-938c-7955db2daf2e",
        "wayfinding_type": "access_projection",
        "route_confirmed": true,
        "source": "col_39_cab_14",
        "sources": [
          "col_39_cab_14"
        ],
        "target": "path_137",
        "targets": [
          "path_137"
        ]
      }
    },
    {
      "id": "91b4f282-9dde-5746-ad1c-26468dec4788",
      "type": "Feature",
      "feature_type": "navigation",
      "geometry": {
        "type": "Point",
        "coordinates": [
          -123.250372358473,
          49.263533850714
        ]
      },
      "properties": {
        "debug_id": "AP-0871",
        "alt_name": {
          "en": "nav_projection_cabinet_0871"
        },
        "level_id": "41d0e8ca-d315-4b25-938c-7955db2daf2e",
        "wayfinding_type": "access_projection",
        "route_confirmed": true,
        "source": "col_39_cab_15",
        "sources": [
          "col_39_cab_15"
        ],
        "target": "path_137",
        "targets": [
          "path_137"
        ]
      }
    },
    {
      "id": "610d59e8-0cd4-539a-8d62-c0841f6eea9d",
      "type": "Feature",
      "feature_type": "navigation",
      "geometry": {
        "type": "Point",
        "coordinates": [
          -123.250362130787,
          49.263521014938
        ]
      },
      "properties": {
        "debug_id": "AP-0873",
        "alt_name": {
          "en": "nav_projection_cabinet_0873"
        },
        "level_id": "41d0e8ca-d315-4b25-938c-7955db2daf2e",
        "wayfinding_type": "access_projection",
        "route_confirmed": true,
        "source": "col_39_cab_17",
        "sources": [
          "col_39_cab_17"
        ],
        "target": "path_137",
        "targets": [
          "path_137"
        ]
      }
    },
    {
      "id": "8a13cb7a-88fa-55a9-bf34-611dcc8d223b",
      "type": "Feature",
      "feature_type": "navigation",
      "geometry": {
        "type": "Point",
        "coordinates": [
          -123.250357016946,
          49.263514597049
        ]
      },
      "properties": {
        "debug_id": "AP-0874",
        "alt_name": {
          "en": "nav_projection_cabinet_0874"
        },
        "level_id": "41d0e8ca-d315-4b25-938c-7955db2daf2e",
        "wayfinding_type": "access_projection",
        "route_confirmed": true,
        "source": "col_39_cab_18",
        "sources": [
          "col_39_cab_18"
        ],
        "target": "path_137",
        "targets": [
          "path_137"
        ]
      }
    },
    {
      "id": "d1ddae19-a7eb-5e72-837b-fcd42bae3615",
      "type": "Feature",
      "feature_type": "navigation",
      "geometry": {
        "type": "Point",
        "coordinates": [
          -123.250318850143,
          49.263466697516
        ]
      },
      "properties": {
        "debug_id": "AP-0876",
        "alt_name": {
          "en": "nav_projection_cabinet_0876"
        },
        "level_id": "41d0e8ca-d315-4b25-938c-7955db2daf2e",
        "wayfinding_type": "access_projection",
        "route_confirmed": true,
        "source": "col_39_cab_20",
        "sources": [
          "col_39_cab_20"
        ],
        "target": "path_140",
        "targets": [
          "path_140"
        ]
      }
    },
    {
      "id": "889c04f4-babf-5473-a7f5-34a808d2a480",
      "type": "Feature",
      "feature_type": "navigation",
      "geometry": {
        "type": "Point",
        "coordinates": [
          -123.250308622476,
          49.263453861723
        ]
      },
      "properties": {
        "debug_id": "AP-0878",
        "alt_name": {
          "en": "nav_projection_cabinet_0878"
        },
        "level_id": "41d0e8ca-d315-4b25-938c-7955db2daf2e",
        "wayfinding_type": "access_projection",
        "route_confirmed": true,
        "source": "col_39_cab_22",
        "sources": [
          "col_39_cab_22"
        ],
        "target": "path_140",
        "targets": [
          "path_140"
        ]
      }
    },
    {
      "id": "621009ed-1420-5b5a-94d4-0995676ce439",
      "type": "Feature",
      "feature_type": "navigation",
      "geometry": {
        "type": "Point",
        "coordinates": [
          -123.250303508643,
          49.263447443825
        ]
      },
      "properties": {
        "debug_id": "AP-0879",
        "alt_name": {
          "en": "nav_projection_cabinet_0879"
        },
        "level_id": "41d0e8ca-d315-4b25-938c-7955db2daf2e",
        "wayfinding_type": "access_projection",
        "route_confirmed": true,
        "source": "col_39_cab_23",
        "sources": [
          "col_39_cab_23"
        ],
        "target": "path_140",
        "targets": [
          "path_140"
        ]
      }
    },
    {
      "id": "7cd10a42-2176-522c-8e0a-56a745b28372",
      "type": "Feature",
      "feature_type": "navigation",
      "geometry": {
        "type": "Point",
        "coordinates": [
          -123.250293280981,
          49.263434608027
        ]
      },
      "properties": {
        "debug_id": "AP-0881",
        "alt_name": {
          "en": "nav_projection_cabinet_0881"
        },
        "level_id": "41d0e8ca-d315-4b25-938c-7955db2daf2e",
        "wayfinding_type": "access_projection",
        "route_confirmed": true,
        "source": "col_39_cab_25",
        "sources": [
          "col_39_cab_25"
        ],
        "target": "path_140",
        "targets": [
          "path_140"
        ]
      }
    },
    {
      "id": "4128fdc2-471f-5d75-a32c-e220fa58cf6a",
      "type": "Feature",
      "feature_type": "navigation",
      "geometry": {
        "type": "Point",
        "coordinates": [
          -123.250288167151,
          49.263428190127
        ]
      },
      "properties": {
        "debug_id": "AP-0882",
        "alt_name": {
          "en": "nav_projection_cabinet_0882"
        },
        "level_id": "41d0e8ca-d315-4b25-938c-7955db2daf2e",
        "wayfinding_type": "access_projection",
        "route_confirmed": true,
        "source": "col_39_cab_26",
        "sources": [
          "col_39_cab_26"
        ],
        "target": "path_140",
        "targets": [
          "path_140"
        ]
      }
    },
    {
      "id": "7f930aaa-3c31-53b0-8c25-1db449e30e8b",
      "type": "Feature",
      "feature_type": "navigation",
      "geometry": {
        "type": "Point",
        "coordinates": [
          -123.25041234771,
          49.263634619489
        ]
      },
      "properties": {
        "debug_id": "AP-0883",
        "alt_name": {
          "en": "nav_projection_cabinet_0883"
        },
        "level_id": "41d0e8ca-d315-4b25-938c-7955db2daf2e",
        "wayfinding_type": "access_projection",
        "route_confirmed": true,
        "source": "col_40_cab_26",
        "sources": [
          "col_40_cab_26",
          "col_41_cab_01",
          "all_my_relations_artwork"
        ],
        "target": "path_047",
        "targets": [
          "path_047"
        ]
      }
    },
    {
      "id": "93a139d5-361e-547b-b961-c328f32df491",
      "type": "Feature",
      "feature_type": "navigation",
      "geometry": {
        "type": "Point",
        "coordinates": [
          -123.250407233858,
          49.263628201611
        ]
      },
      "properties": {
        "debug_id": "AP-0884",
        "alt_name": {
          "en": "nav_projection_cabinet_0884"
        },
        "level_id": "41d0e8ca-d315-4b25-938c-7955db2daf2e",
        "wayfinding_type": "access_projection",
        "route_confirmed": true,
        "source": "col_40_cab_25",
        "sources": [
          "col_40_cab_25",
          "col_41_cab_02"
        ],
        "target": "path_047",
        "targets": [
          "path_047"
        ]
      }
    },
    {
      "id": "9b9f703e-d366-5529-8fc4-3d1e85cc0298",
      "type": "Feature",
      "feature_type": "navigation",
      "geometry": {
        "type": "Point",
        "coordinates": [
          -123.250402120008,
          49.263621783734
        ]
      },
      "properties": {
        "debug_id": "AP-0885",
        "alt_name": {
          "en": "nav_projection_cabinet_0885"
        },
        "level_id": "41d0e8ca-d315-4b25-938c-7955db2daf2e",
        "wayfinding_type": "access_projection",
        "route_confirmed": true,
        "source": "col_40_cab_24",
        "sources": [
          "col_40_cab_24",
          "col_41_cab_03"
        ],
        "target": "path_047",
        "targets": [
          "path_047"
        ]
      }
    },
    {
      "id": "cfb11231-551a-57fc-befa-d810b5411c05",
      "type": "Feature",
      "feature_type": "navigation",
      "geometry": {
        "type": "Point",
        "coordinates": [
          -123.250397006158,
          49.263615365856
        ]
      },
      "properties": {
        "debug_id": "AP-0886",
        "alt_name": {
          "en": "nav_projection_cabinet_0886"
        },
        "level_id": "41d0e8ca-d315-4b25-938c-7955db2daf2e",
        "wayfinding_type": "access_projection",
        "route_confirmed": true,
        "source": "col_40_cab_23",
        "sources": [
          "col_40_cab_23",
          "col_41_cab_04"
        ],
        "target": "path_047",
        "targets": [
          "path_047"
        ]
      }
    },
    {
      "id": "437160d5-0a20-545a-a57c-2c98350daaa9",
      "type": "Feature",
      "feature_type": "navigation",
      "geometry": {
        "type": "Point",
        "coordinates": [
          -123.250391892308,
          49.263608947977
        ]
      },
      "properties": {
        "debug_id": "AP-0887",
        "alt_name": {
          "en": "nav_projection_cabinet_0887"
        },
        "level_id": "41d0e8ca-d315-4b25-938c-7955db2daf2e",
        "wayfinding_type": "access_projection",
        "route_confirmed": true,
        "source": "col_40_cab_22",
        "sources": [
          "col_40_cab_22",
          "col_41_cab_05"
        ],
        "target": "path_047",
        "targets": [
          "path_047"
        ]
      }
    },
    {
      "id": "57c7d723-1c3e-5a1d-a6c8-7c26383de979",
      "type": "Feature",
      "feature_type": "navigation",
      "geometry": {
        "type": "Point",
        "coordinates": [
          -123.25038677846,
          49.263602530096
        ]
      },
      "properties": {
        "debug_id": "AP-0888",
        "alt_name": {
          "en": "nav_projection_cabinet_0888"
        },
        "level_id": "41d0e8ca-d315-4b25-938c-7955db2daf2e",
        "wayfinding_type": "access_projection",
        "route_confirmed": true,
        "source": "col_40_cab_21",
        "sources": [
          "col_40_cab_21",
          "col_41_cab_06"
        ],
        "target": "path_047",
        "targets": [
          "path_047"
        ]
      }
    },
    {
      "id": "c6024441-c55e-5344-97c1-2701b5e1e66b",
      "type": "Feature",
      "feature_type": "navigation",
      "geometry": {
        "type": "Point",
        "coordinates": [
          -123.250381615569,
          49.263596050665
        ]
      },
      "properties": {
        "debug_id": "AP-0889",
        "alt_name": {
          "en": "nav_projection_cabinet_0889"
        },
        "level_id": "41d0e8ca-d315-4b25-938c-7955db2daf2e",
        "wayfinding_type": "access_projection",
        "route_confirmed": true,
        "source": "col_40_cab_20",
        "sources": [
          "col_40_cab_20"
        ],
        "target": "path_047",
        "targets": [
          "path_047"
        ]
      }
    },
    {
      "id": "f321c22c-68d5-5366-b021-b165a1769106",
      "type": "Feature",
      "feature_type": "navigation",
      "geometry": {
        "type": "Point",
        "coordinates": [
          -123.250376501722,
          49.263589632783
        ]
      },
      "properties": {
        "debug_id": "AP-0890",
        "alt_name": {
          "en": "nav_projection_cabinet_0890"
        },
        "level_id": "41d0e8ca-d315-4b25-938c-7955db2daf2e",
        "wayfinding_type": "access_projection",
        "route_confirmed": true,
        "source": "col_40_cab_19",
        "sources": [
          "col_40_cab_19"
        ],
        "target": "path_047",
        "targets": [
          "path_047"
        ]
      }
    },
    {
      "id": "d321aed9-4615-5c59-a238-ef0ed8e15234",
      "type": "Feature",
      "feature_type": "navigation",
      "geometry": {
        "type": "Point",
        "coordinates": [
          -123.250371387876,
          49.2635832149
        ]
      },
      "properties": {
        "debug_id": "AP-0891",
        "alt_name": {
          "en": "nav_projection_cabinet_0891"
        },
        "level_id": "41d0e8ca-d315-4b25-938c-7955db2daf2e",
        "wayfinding_type": "access_projection",
        "route_confirmed": true,
        "source": "col_40_cab_18",
        "sources": [
          "col_40_cab_18"
        ],
        "target": "path_046",
        "targets": [
          "path_046"
        ]
      }
    },
    {
      "id": "2d1e436a-ef9d-5604-9f5a-908f559508a4",
      "type": "Feature",
      "feature_type": "navigation",
      "geometry": {
        "type": "Point",
        "coordinates": [
          -123.250366274031,
          49.263576797016
        ]
      },
      "properties": {
        "debug_id": "AP-0892",
        "alt_name": {
          "en": "nav_projection_cabinet_0892"
        },
        "level_id": "41d0e8ca-d315-4b25-938c-7955db2daf2e",
        "wayfinding_type": "access_projection",
        "route_confirmed": true,
        "source": "col_40_cab_17",
        "sources": [
          "col_40_cab_17"
        ],
        "target": "path_046",
        "targets": [
          "path_046"
        ]
      }
    },
    {
      "id": "8c602028-ffa4-5da9-9441-d99a8df38675",
      "type": "Feature",
      "feature_type": "navigation",
      "geometry": {
        "type": "Point",
        "coordinates": [
          -123.250361280194,
          49.263570529742
        ]
      },
      "properties": {
        "debug_id": "AP-0893",
        "alt_name": {
          "en": "nav_projection_cabinet_0893"
        },
        "level_id": "41d0e8ca-d315-4b25-938c-7955db2daf2e",
        "wayfinding_type": "access_projection",
        "route_confirmed": true,
        "source": "col_40_cab_16",
        "sources": [
          "col_40_cab_16",
          "col_41_cab_07"
        ],
        "target": "path_046",
        "targets": [
          "path_046"
        ]
      }
    },
    {
      "id": "a4a7e0da-e4df-59d0-9fdb-bf0d8ef81b74",
      "type": "Feature",
      "feature_type": "navigation",
      "geometry": {
        "type": "Point",
        "coordinates": [
          -123.250356166351,
          49.263564111856
        ]
      },
      "properties": {
        "debug_id": "AP-0894",
        "alt_name": {
          "en": "nav_projection_cabinet_0894"
        },
        "level_id": "41d0e8ca-d315-4b25-938c-7955db2daf2e",
        "wayfinding_type": "access_projection",
        "route_confirmed": true,
        "source": "col_40_cab_15",
        "sources": [
          "col_40_cab_15",
          "col_41_cab_08"
        ],
        "target": "path_046",
        "targets": [
          "path_046"
        ]
      }
    },
    {
      "id": "1f31e25a-a059-5f5b-885f-4c1c74463270",
      "type": "Feature",
      "feature_type": "navigation",
      "geometry": {
        "type": "Point",
        "coordinates": [
          -123.250351052509,
          49.263557693971
        ]
      },
      "properties": {
        "debug_id": "AP-0895",
        "alt_name": {
          "en": "nav_projection_cabinet_0895"
        },
        "level_id": "41d0e8ca-d315-4b25-938c-7955db2daf2e",
        "wayfinding_type": "access_projection",
        "route_confirmed": true,
        "source": "col_40_cab_14",
        "sources": [
          "col_40_cab_14",
          "col_41_cab_09"
        ],
        "target": "path_046",
        "targets": [
          "path_046"
        ]
      }
    },
    {
      "id": "d1989a46-9880-5c29-9886-50707e2533d6",
      "type": "Feature",
      "feature_type": "navigation",
      "geometry": {
        "type": "Point",
        "coordinates": [
          -123.250345938667,
          49.263551276084
        ]
      },
      "properties": {
        "debug_id": "AP-0896",
        "alt_name": {
          "en": "nav_projection_cabinet_0896"
        },
        "level_id": "41d0e8ca-d315-4b25-938c-7955db2daf2e",
        "wayfinding_type": "access_projection",
        "route_confirmed": true,
        "source": "col_40_cab_13",
        "sources": [
          "col_40_cab_13",
          "col_41_cab_10"
        ],
        "target": "path_046",
        "targets": [
          "path_046"
        ]
      }
    },
    {
      "id": "64c75128-07bf-59f2-8f25-f242ead46937",
      "type": "Feature",
      "feature_type": "navigation",
      "geometry": {
        "type": "Point",
        "coordinates": [
          -123.250340824827,
          49.263544858196
        ]
      },
      "properties": {
        "debug_id": "AP-0897",
        "alt_name": {
          "en": "nav_projection_cabinet_0897"
        },
        "level_id": "41d0e8ca-d315-4b25-938c-7955db2daf2e",
        "wayfinding_type": "access_projection",
        "route_confirmed": true,
        "source": "col_40_cab_12",
        "sources": [
          "col_40_cab_12",
          "col_41_cab_11"
        ],
        "target": "path_046",
        "targets": [
          "path_046"
        ]
      }
    },
    {
      "id": "2abba2bf-020a-51ea-a8df-130e1f674926",
      "type": "Feature",
      "feature_type": "navigation",
      "geometry": {
        "type": "Point",
        "coordinates": [
          -123.250335710987,
          49.263538440308
        ]
      },
      "properties": {
        "debug_id": "AP-0898",
        "alt_name": {
          "en": "nav_projection_cabinet_0898"
        },
        "level_id": "41d0e8ca-d315-4b25-938c-7955db2daf2e",
        "wayfinding_type": "access_projection",
        "route_confirmed": true,
        "source": "col_40_cab_11",
        "sources": [
          "col_40_cab_11",
          "col_41_cab_12"
        ],
        "target": "path_046",
        "targets": [
          "path_046"
        ]
      }
    },
    {
      "id": "fdc60234-5f3a-5682-9cad-d63765109d45",
      "type": "Feature",
      "feature_type": "navigation",
      "geometry": {
        "type": "Point",
        "coordinates": [
          -123.250330597147,
          49.263532022419
        ]
      },
      "properties": {
        "debug_id": "AP-0899",
        "alt_name": {
          "en": "nav_projection_cabinet_0899"
        },
        "level_id": "41d0e8ca-d315-4b25-938c-7955db2daf2e",
        "wayfinding_type": "access_projection",
        "route_confirmed": true,
        "source": "col_40_cab_10",
        "sources": [
          "col_40_cab_10",
          "col_41_cab_13"
        ],
        "target": "path_046",
        "targets": [
          "path_046"
        ]
      }
    },
    {
      "id": "76ef882d-4f00-582d-b1fe-763acfcb60ad",
      "type": "Feature",
      "feature_type": "navigation",
      "geometry": {
        "type": "Point",
        "coordinates": [
          -123.250325483309,
          49.263525604529
        ]
      },
      "properties": {
        "debug_id": "AP-0900",
        "alt_name": {
          "en": "nav_projection_cabinet_0900"
        },
        "level_id": "41d0e8ca-d315-4b25-938c-7955db2daf2e",
        "wayfinding_type": "access_projection",
        "route_confirmed": true,
        "source": "col_40_cab_09",
        "sources": [
          "col_40_cab_09",
          "col_41_cab_14"
        ],
        "target": "path_046",
        "targets": [
          "path_046"
        ]
      }
    },
    {
      "id": "7ca2e4ce-4d1d-50fc-9ee8-99ef36a0a386",
      "type": "Feature",
      "feature_type": "navigation",
      "geometry": {
        "type": "Point",
        "coordinates": [
          -123.250320369472,
          49.263519186638
        ]
      },
      "properties": {
        "debug_id": "AP-0901",
        "alt_name": {
          "en": "nav_projection_cabinet_0901"
        },
        "level_id": "41d0e8ca-d315-4b25-938c-7955db2daf2e",
        "wayfinding_type": "access_projection",
        "route_confirmed": true,
        "source": "col_40_cab_08",
        "sources": [
          "col_40_cab_08",
          "col_41_cab_15"
        ],
        "target": "path_046",
        "targets": [
          "path_046"
        ]
      }
    },
    {
      "id": "f607215d-33b8-5c0a-ab9b-358fdb575ae8",
      "type": "Feature",
      "feature_type": "navigation",
      "geometry": {
        "type": "Point",
        "coordinates": [
          -123.25028724557,
          49.263477615931
        ]
      },
      "properties": {
        "debug_id": "AP-0902",
        "alt_name": {
          "en": "nav_projection_cabinet_0902"
        },
        "level_id": "41d0e8ca-d315-4b25-938c-7955db2daf2e",
        "wayfinding_type": "access_projection",
        "route_confirmed": true,
        "source": "col_40_cab_07",
        "sources": [
          "col_40_cab_07",
          "col_41_cab_16"
        ],
        "target": "path_181",
        "targets": [
          "path_181"
        ]
      }
    },
    {
      "id": "e1081e47-8a32-586b-9d55-436aac6a7990",
      "type": "Feature",
      "feature_type": "navigation",
      "geometry": {
        "type": "Point",
        "coordinates": [
          -123.250282131739,
          49.263471198035
        ]
      },
      "properties": {
        "debug_id": "AP-0903",
        "alt_name": {
          "en": "nav_projection_cabinet_0903"
        },
        "level_id": "41d0e8ca-d315-4b25-938c-7955db2daf2e",
        "wayfinding_type": "access_projection",
        "route_confirmed": true,
        "source": "col_40_cab_06",
        "sources": [
          "col_40_cab_06",
          "col_41_cab_17"
        ],
        "target": "path_181",
        "targets": [
          "path_181"
        ]
      }
    },
    {
      "id": "d365fb83-d191-53f7-bbe9-28975e50a74c",
      "type": "Feature",
      "feature_type": "navigation",
      "geometry": {
        "type": "Point",
        "coordinates": [
          -123.250277017909,
          49.263464780137
        ]
      },
      "properties": {
        "debug_id": "AP-0904",
        "alt_name": {
          "en": "nav_projection_cabinet_0904"
        },
        "level_id": "41d0e8ca-d315-4b25-938c-7955db2daf2e",
        "wayfinding_type": "access_projection",
        "route_confirmed": true,
        "source": "col_40_cab_05",
        "sources": [
          "col_40_cab_05",
          "col_41_cab_18"
        ],
        "target": "path_181",
        "targets": [
          "path_181"
        ]
      }
    },
    {
      "id": "3a53d21f-5a89-5535-9e37-fcc530fd0eac",
      "type": "Feature",
      "feature_type": "navigation",
      "geometry": {
        "type": "Point",
        "coordinates": [
          -123.250271904081,
          49.263458362238
        ]
      },
      "properties": {
        "debug_id": "AP-0905",
        "alt_name": {
          "en": "nav_projection_cabinet_0905"
        },
        "level_id": "41d0e8ca-d315-4b25-938c-7955db2daf2e",
        "wayfinding_type": "access_projection",
        "route_confirmed": true,
        "source": "col_40_cab_04",
        "sources": [
          "col_40_cab_04",
          "col_41_cab_19"
        ],
        "target": "path_181",
        "targets": [
          "path_181"
        ]
      }
    },
    {
      "id": "2fbb2b9c-d2da-54a8-a6ff-43021fe49e35",
      "type": "Feature",
      "feature_type": "navigation",
      "geometry": {
        "type": "Point",
        "coordinates": [
          -123.250266790252,
          49.263451944338
        ]
      },
      "properties": {
        "debug_id": "AP-0906",
        "alt_name": {
          "en": "nav_projection_cabinet_0906"
        },
        "level_id": "41d0e8ca-d315-4b25-938c-7955db2daf2e",
        "wayfinding_type": "access_projection",
        "route_confirmed": true,
        "source": "col_40_cab_03",
        "sources": [
          "col_40_cab_03",
          "col_41_cab_20"
        ],
        "target": "path_181",
        "targets": [
          "path_181"
        ]
      }
    },
    {
      "id": "057d13c2-4fae-5fa4-a1f7-b8676bacbd95",
      "type": "Feature",
      "feature_type": "navigation",
      "geometry": {
        "type": "Point",
        "coordinates": [
          -123.250261676425,
          49.263445526438
        ]
      },
      "properties": {
        "debug_id": "AP-0907",
        "alt_name": {
          "en": "nav_projection_cabinet_0907"
        },
        "level_id": "41d0e8ca-d315-4b25-938c-7955db2daf2e",
        "wayfinding_type": "access_projection",
        "route_confirmed": true,
        "source": "col_40_cab_02",
        "sources": [
          "col_40_cab_02",
          "col_41_cab_21"
        ],
        "target": "path_181",
        "targets": [
          "path_181"
        ]
      }
    },
    {
      "id": "5be1e322-1650-563b-828c-2431922e2f6d",
      "type": "Feature",
      "feature_type": "navigation",
      "geometry": {
        "type": "Point",
        "coordinates": [
          -123.250256562598,
          49.263439108537
        ]
      },
      "properties": {
        "debug_id": "AP-0908",
        "alt_name": {
          "en": "nav_projection_cabinet_0908"
        },
        "level_id": "41d0e8ca-d315-4b25-938c-7955db2daf2e",
        "wayfinding_type": "access_projection",
        "route_confirmed": true,
        "source": "col_40_cab_01",
        "sources": [
          "col_40_cab_01",
          "col_41_cab_22"
        ],
        "target": "path_181",
        "targets": [
          "path_181"
        ]
      }
    },
    {
      "id": "a24109f6-f660-5983-9630-03293815d479",
      "type": "Feature",
      "feature_type": "navigation",
      "geometry": {
        "type": "Point",
        "coordinates": [
          -123.250380849917,
          49.263645579389
        ]
      },
      "properties": {
        "debug_id": "AP-0931",
        "alt_name": {
          "en": "nav_projection_cabinet_0931"
        },
        "level_id": "41d0e8ca-d315-4b25-938c-7955db2daf2e",
        "wayfinding_type": "access_projection",
        "route_confirmed": true,
        "source": "col_42_cab_22",
        "sources": [
          "col_42_cab_22",
          "col_43_cab_01"
        ],
        "target": "path_049",
        "targets": [
          "path_049"
        ]
      }
    },
    {
      "id": "f9344787-7972-5a26-baf1-5d55f57c4f4f",
      "type": "Feature",
      "feature_type": "navigation",
      "geometry": {
        "type": "Point",
        "coordinates": [
          -123.250375736069,
          49.263639161512
        ]
      },
      "properties": {
        "debug_id": "AP-0932",
        "alt_name": {
          "en": "nav_projection_cabinet_0932"
        },
        "level_id": "41d0e8ca-d315-4b25-938c-7955db2daf2e",
        "wayfinding_type": "access_projection",
        "route_confirmed": true,
        "source": "col_42_cab_21",
        "sources": [
          "col_42_cab_21",
          "col_43_cab_02"
        ],
        "target": "path_049",
        "targets": [
          "path_049"
        ]
      }
    },
    {
      "id": "dd87aa64-ade3-54a3-92a8-b2b7095212fb",
      "type": "Feature",
      "feature_type": "navigation",
      "geometry": {
        "type": "Point",
        "coordinates": [
          -123.250370622222,
          49.263632743633
        ]
      },
      "properties": {
        "debug_id": "AP-0933",
        "alt_name": {
          "en": "nav_projection_cabinet_0933"
        },
        "level_id": "41d0e8ca-d315-4b25-938c-7955db2daf2e",
        "wayfinding_type": "access_projection",
        "route_confirmed": true,
        "source": "col_42_cab_20",
        "sources": [
          "col_42_cab_20",
          "col_43_cab_03"
        ],
        "target": "path_049",
        "targets": [
          "path_049"
        ]
      }
    },
    {
      "id": "6b572f18-1606-5e45-b13e-f7cac28f14c6",
      "type": "Feature",
      "feature_type": "navigation",
      "geometry": {
        "type": "Point",
        "coordinates": [
          -123.250365508375,
          49.263626325755
        ]
      },
      "properties": {
        "debug_id": "AP-0934",
        "alt_name": {
          "en": "nav_projection_cabinet_0934"
        },
        "level_id": "41d0e8ca-d315-4b25-938c-7955db2daf2e",
        "wayfinding_type": "access_projection",
        "route_confirmed": true,
        "source": "col_42_cab_19",
        "sources": [
          "col_42_cab_19",
          "col_43_cab_04"
        ],
        "target": "path_049",
        "targets": [
          "path_049"
        ]
      }
    },
    {
      "id": "c3dd739e-5b89-5960-a671-afe035482078",
      "type": "Feature",
      "feature_type": "navigation",
      "geometry": {
        "type": "Point",
        "coordinates": [
          -123.25036039453,
          49.263619907875
        ]
      },
      "properties": {
        "debug_id": "AP-0935",
        "alt_name": {
          "en": "nav_projection_cabinet_0935"
        },
        "level_id": "41d0e8ca-d315-4b25-938c-7955db2daf2e",
        "wayfinding_type": "access_projection",
        "route_confirmed": true,
        "source": "col_42_cab_18",
        "sources": [
          "col_42_cab_18",
          "col_43_cab_05"
        ],
        "target": "path_049",
        "targets": [
          "path_049"
        ]
      }
    },
    {
      "id": "eb9c837a-4b08-577c-b53f-90f512df4af9",
      "type": "Feature",
      "feature_type": "navigation",
      "geometry": {
        "type": "Point",
        "coordinates": [
          -123.250355280685,
          49.263613489994
        ]
      },
      "properties": {
        "debug_id": "AP-0936",
        "alt_name": {
          "en": "nav_projection_cabinet_0936"
        },
        "level_id": "41d0e8ca-d315-4b25-938c-7955db2daf2e",
        "wayfinding_type": "access_projection",
        "route_confirmed": true,
        "source": "col_42_cab_17",
        "sources": [
          "col_42_cab_17",
          "col_43_cab_06"
        ],
        "target": "path_049",
        "targets": [
          "path_049"
        ]
      }
    },
    {
      "id": "b5ebf82d-f3bf-568f-8b04-9f6d06410963",
      "type": "Feature",
      "feature_type": "navigation",
      "geometry": {
        "type": "Point",
        "coordinates": [
          -123.250329853401,
          49.263581578697
        ]
      },
      "properties": {
        "debug_id": "AP-0937",
        "alt_name": {
          "en": "nav_projection_cabinet_0937"
        },
        "level_id": "41d0e8ca-d315-4b25-938c-7955db2daf2e",
        "wayfinding_type": "access_projection",
        "route_confirmed": true,
        "source": "col_42_cab_16",
        "sources": [
          "col_42_cab_16",
          "col_43_cab_09"
        ],
        "target": "path_063",
        "targets": [
          "path_063"
        ]
      }
    },
    {
      "id": "6bb3220d-76bf-5e7b-8838-3fd89356a69f",
      "type": "Feature",
      "feature_type": "navigation",
      "geometry": {
        "type": "Point",
        "coordinates": [
          -123.250324739561,
          49.263575160811
        ]
      },
      "properties": {
        "debug_id": "AP-0938",
        "alt_name": {
          "en": "nav_projection_cabinet_0938"
        },
        "level_id": "41d0e8ca-d315-4b25-938c-7955db2daf2e",
        "wayfinding_type": "access_projection",
        "route_confirmed": true,
        "source": "col_42_cab_15",
        "sources": [
          "col_42_cab_15",
          "col_43_cab_10"
        ],
        "target": "path_063",
        "targets": [
          "path_063"
        ]
      }
    },
    {
      "id": "ed811389-21a3-5d6a-8a47-89fac7bdbad1",
      "type": "Feature",
      "feature_type": "navigation",
      "geometry": {
        "type": "Point",
        "coordinates": [
          -123.250319625722,
          49.263568742925
        ]
      },
      "properties": {
        "debug_id": "AP-0939",
        "alt_name": {
          "en": "nav_projection_cabinet_0939"
        },
        "level_id": "41d0e8ca-d315-4b25-938c-7955db2daf2e",
        "wayfinding_type": "access_projection",
        "route_confirmed": true,
        "source": "col_42_cab_14",
        "sources": [
          "col_42_cab_14",
          "col_43_cab_11"
        ],
        "target": "path_063",
        "targets": [
          "path_063"
        ]
      }
    },
    {
      "id": "2af2a180-e5cf-522b-9096-1125712d21f3",
      "type": "Feature",
      "feature_type": "navigation",
      "geometry": {
        "type": "Point",
        "coordinates": [
          -123.250314511885,
          49.263562325037
        ]
      },
      "properties": {
        "debug_id": "AP-0940",
        "alt_name": {
          "en": "nav_projection_cabinet_0940"
        },
        "level_id": "41d0e8ca-d315-4b25-938c-7955db2daf2e",
        "wayfinding_type": "access_projection",
        "route_confirmed": true,
        "source": "col_42_cab_13",
        "sources": [
          "col_42_cab_13",
          "col_43_cab_12"
        ],
        "target": "path_063",
        "targets": [
          "path_063"
        ]
      }
    },
    {
      "id": "49d71588-2e88-5d8c-a940-fd82d75be67c",
      "type": "Feature",
      "feature_type": "navigation",
      "geometry": {
        "type": "Point",
        "coordinates": [
          -123.250309398048,
          49.263555907149
        ]
      },
      "properties": {
        "debug_id": "AP-0941",
        "alt_name": {
          "en": "nav_projection_cabinet_0941"
        },
        "level_id": "41d0e8ca-d315-4b25-938c-7955db2daf2e",
        "wayfinding_type": "access_projection",
        "route_confirmed": true,
        "source": "col_42_cab_12",
        "sources": [
          "col_42_cab_12",
          "col_43_cab_13"
        ],
        "target": "path_063",
        "targets": [
          "path_063"
        ]
      }
    },
    {
      "id": "71ff5376-d2f8-54ca-8570-6a641b48fd11",
      "type": "Feature",
      "feature_type": "navigation",
      "geometry": {
        "type": "Point",
        "coordinates": [
          -123.250304284211,
          49.26354948926
        ]
      },
      "properties": {
        "debug_id": "AP-0942",
        "alt_name": {
          "en": "nav_projection_cabinet_0942"
        },
        "level_id": "41d0e8ca-d315-4b25-938c-7955db2daf2e",
        "wayfinding_type": "access_projection",
        "route_confirmed": true,
        "source": "col_42_cab_11",
        "sources": [
          "col_42_cab_11",
          "col_43_cab_14"
        ],
        "target": "path_063",
        "targets": [
          "path_063"
        ]
      }
    },
    {
      "id": "7260ee5c-9ae8-545e-98ca-4fe2639523f5",
      "type": "Feature",
      "feature_type": "navigation",
      "geometry": {
        "type": "Point",
        "coordinates": [
          -123.250299170376,
          49.263543071371
        ]
      },
      "properties": {
        "debug_id": "AP-0943",
        "alt_name": {
          "en": "nav_projection_cabinet_0943"
        },
        "level_id": "41d0e8ca-d315-4b25-938c-7955db2daf2e",
        "wayfinding_type": "access_projection",
        "route_confirmed": true,
        "source": "col_42_cab_10",
        "sources": [
          "col_42_cab_10",
          "col_43_cab_15"
        ],
        "target": "path_063",
        "targets": [
          "path_063"
        ]
      }
    },
    {
      "id": "0f71dc27-f151-5f3e-ba92-2cc9c02967c4",
      "type": "Feature",
      "feature_type": "navigation",
      "geometry": {
        "type": "Point",
        "coordinates": [
          -123.250294056541,
          49.263536653481
        ]
      },
      "properties": {
        "debug_id": "AP-0944",
        "alt_name": {
          "en": "nav_projection_cabinet_0944"
        },
        "level_id": "41d0e8ca-d315-4b25-938c-7955db2daf2e",
        "wayfinding_type": "access_projection",
        "route_confirmed": true,
        "source": "col_42_cab_09",
        "sources": [
          "col_42_cab_09",
          "col_43_cab_16"
        ],
        "target": "path_063",
        "targets": [
          "path_063"
        ]
      }
    },
    {
      "id": "ceadc4c3-56f6-52c5-972e-79deaff63637",
      "type": "Feature",
      "feature_type": "navigation",
      "geometry": {
        "type": "Point",
        "coordinates": [
          -123.250288942708,
          49.263530235589
        ]
      },
      "properties": {
        "debug_id": "AP-0945",
        "alt_name": {
          "en": "nav_projection_cabinet_0945"
        },
        "level_id": "41d0e8ca-d315-4b25-938c-7955db2daf2e",
        "wayfinding_type": "access_projection",
        "route_confirmed": true,
        "source": "col_42_cab_08",
        "sources": [
          "col_42_cab_08",
          "col_43_cab_17"
        ],
        "target": "path_063",
        "targets": [
          "path_063"
        ]
      }
    },
    {
      "id": "8964c918-4a7b-5f6b-bc90-422f638ff672",
      "type": "Feature",
      "feature_type": "navigation",
      "geometry": {
        "type": "Point",
        "coordinates": [
          -123.250255747866,
          49.263488575821
        ]
      },
      "properties": {
        "debug_id": "AP-0946",
        "alt_name": {
          "en": "nav_projection_cabinet_0946"
        },
        "level_id": "41d0e8ca-d315-4b25-938c-7955db2daf2e",
        "wayfinding_type": "access_projection",
        "route_confirmed": true,
        "source": "col_42_cab_07",
        "sources": [
          "col_42_cab_07",
          "col_43_cab_18"
        ],
        "target": "path_184",
        "targets": [
          "path_184"
        ]
      }
    },
    {
      "id": "f5b96512-f1fc-5174-bfd0-72ba5f0d2a93",
      "type": "Feature",
      "feature_type": "navigation",
      "geometry": {
        "type": "Point",
        "coordinates": [
          -123.250250634039,
          49.263482157924
        ]
      },
      "properties": {
        "debug_id": "AP-0947",
        "alt_name": {
          "en": "nav_projection_cabinet_0947"
        },
        "level_id": "41d0e8ca-d315-4b25-938c-7955db2daf2e",
        "wayfinding_type": "access_projection",
        "route_confirmed": true,
        "source": "col_42_cab_06",
        "sources": [
          "col_42_cab_06",
          "col_43_cab_19"
        ],
        "target": "path_184",
        "targets": [
          "path_184"
        ]
      }
    },
    {
      "id": "fe52b626-5477-5a58-ad36-0fd25cbb9a7b",
      "type": "Feature",
      "feature_type": "navigation",
      "geometry": {
        "type": "Point",
        "coordinates": [
          -123.250245520213,
          49.263475740025
        ]
      },
      "properties": {
        "debug_id": "AP-0948",
        "alt_name": {
          "en": "nav_projection_cabinet_0948"
        },
        "level_id": "41d0e8ca-d315-4b25-938c-7955db2daf2e",
        "wayfinding_type": "access_projection",
        "route_confirmed": true,
        "source": "col_42_cab_05",
        "sources": [
          "col_42_cab_05",
          "col_43_cab_20"
        ],
        "target": "path_184",
        "targets": [
          "path_184"
        ]
      }
    },
    {
      "id": "8c8bc283-15a6-5da5-8a48-d9410310d34e",
      "type": "Feature",
      "feature_type": "navigation",
      "geometry": {
        "type": "Point",
        "coordinates": [
          -123.250240406387,
          49.263469322126
        ]
      },
      "properties": {
        "debug_id": "AP-0949",
        "alt_name": {
          "en": "nav_projection_cabinet_0949"
        },
        "level_id": "41d0e8ca-d315-4b25-938c-7955db2daf2e",
        "wayfinding_type": "access_projection",
        "route_confirmed": true,
        "source": "col_42_cab_04",
        "sources": [
          "col_42_cab_04",
          "col_43_cab_21"
        ],
        "target": "path_184",
        "targets": [
          "path_184"
        ]
      }
    },
    {
      "id": "bc804f55-8598-5191-8421-36f9e7c73a4c",
      "type": "Feature",
      "feature_type": "navigation",
      "geometry": {
        "type": "Point",
        "coordinates": [
          -123.250235292563,
          49.263462904225
        ]
      },
      "properties": {
        "debug_id": "AP-0950",
        "alt_name": {
          "en": "nav_projection_cabinet_0950"
        },
        "level_id": "41d0e8ca-d315-4b25-938c-7955db2daf2e",
        "wayfinding_type": "access_projection",
        "route_confirmed": true,
        "source": "col_42_cab_03",
        "sources": [
          "col_42_cab_03",
          "col_43_cab_22"
        ],
        "target": "path_184",
        "targets": [
          "path_184"
        ]
      }
    },
    {
      "id": "54523e2e-1a1f-5531-914a-dec173f723e3",
      "type": "Feature",
      "feature_type": "navigation",
      "geometry": {
        "type": "Point",
        "coordinates": [
          -123.250230178739,
          49.263456486325
        ]
      },
      "properties": {
        "debug_id": "AP-0951",
        "alt_name": {
          "en": "nav_projection_cabinet_0951"
        },
        "level_id": "41d0e8ca-d315-4b25-938c-7955db2daf2e",
        "wayfinding_type": "access_projection",
        "route_confirmed": true,
        "source": "col_42_cab_02",
        "sources": [
          "col_42_cab_02",
          "col_43_cab_23"
        ],
        "target": "path_184",
        "targets": [
          "path_184"
        ]
      }
    },
    {
      "id": "ce9e3e74-2224-5f82-8a91-21d65fb98240",
      "type": "Feature",
      "feature_type": "navigation",
      "geometry": {
        "type": "Point",
        "coordinates": [
          -123.250225064916,
          49.263450068423
        ]
      },
      "properties": {
        "debug_id": "AP-0952",
        "alt_name": {
          "en": "nav_projection_cabinet_0952"
        },
        "level_id": "41d0e8ca-d315-4b25-938c-7955db2daf2e",
        "wayfinding_type": "access_projection",
        "route_confirmed": true,
        "source": "col_42_cab_01",
        "sources": [
          "col_42_cab_01",
          "col_43_cab_24"
        ],
        "target": "path_184",
        "targets": [
          "path_184"
        ]
      }
    },
    {
      "id": "dff5eede-7252-5255-829c-f071f9899ae4",
      "type": "Feature",
      "feature_type": "navigation",
      "geometry": {
        "type": "Point",
        "coordinates": [
          -123.250350215693,
          49.263607133422
        ]
      },
      "properties": {
        "debug_id": "AP-0959",
        "alt_name": {
          "en": "nav_projection_cabinet_0959"
        },
        "level_id": "41d0e8ca-d315-4b25-938c-7955db2daf2e",
        "wayfinding_type": "access_projection",
        "route_confirmed": true,
        "source": "col_43_cab_07",
        "sources": [
          "col_43_cab_07"
        ],
        "target": "path_049",
        "targets": [
          "path_049"
        ]
      }
    },
    {
      "id": "bd07b68a-f111-5393-a503-95d909acbd8d",
      "type": "Feature",
      "feature_type": "navigation",
      "geometry": {
        "type": "Point",
        "coordinates": [
          -123.250335016093,
          49.263588057891
        ]
      },
      "properties": {
        "debug_id": "AP-0960",
        "alt_name": {
          "en": "nav_projection_cabinet_0960"
        },
        "level_id": "41d0e8ca-d315-4b25-938c-7955db2daf2e",
        "wayfinding_type": "access_projection",
        "route_confirmed": true,
        "source": "col_43_cab_08",
        "sources": [
          "col_43_cab_08"
        ],
        "target": "path_063",
        "targets": [
          "path_063"
        ]
      }
    },
    {
      "id": "ad342c29-774a-59e3-b63a-6f8563596b0b",
      "type": "Feature",
      "feature_type": "navigation",
      "geometry": {
        "type": "Point",
        "coordinates": [
          -123.250349391444,
          49.263656525601
        ]
      },
      "properties": {
        "debug_id": "AP-0977",
        "alt_name": {
          "en": "nav_projection_cabinet_0977"
        },
        "level_id": "41d0e8ca-d315-4b25-938c-7955db2daf2e",
        "wayfinding_type": "access_projection",
        "route_confirmed": true,
        "source": "col_44_cab_24",
        "sources": [
          "col_44_cab_24",
          "col_45_cab_01",
          "metis_hunting_flag"
        ],
        "target": "path_051",
        "targets": [
          "path_051"
        ]
      }
    },
    {
      "id": "898b6bac-d60d-5a8c-b6ba-7f5a643f4eaf",
      "type": "Feature",
      "feature_type": "navigation",
      "geometry": {
        "type": "Point",
        "coordinates": [
          -123.250344277599,
          49.263650107723
        ]
      },
      "properties": {
        "debug_id": "AP-0978",
        "alt_name": {
          "en": "nav_projection_cabinet_0978"
        },
        "level_id": "41d0e8ca-d315-4b25-938c-7955db2daf2e",
        "wayfinding_type": "access_projection",
        "route_confirmed": true,
        "source": "col_44_cab_23",
        "sources": [
          "col_44_cab_23",
          "col_45_cab_02"
        ],
        "target": "path_051",
        "targets": [
          "path_051"
        ]
      }
    },
    {
      "id": "a42ffaef-3e05-56c6-a7c3-509c6643ad45",
      "type": "Feature",
      "feature_type": "navigation",
      "geometry": {
        "type": "Point",
        "coordinates": [
          -123.250339163755,
          49.263643689844
        ]
      },
      "properties": {
        "debug_id": "AP-0979",
        "alt_name": {
          "en": "nav_projection_cabinet_0979"
        },
        "level_id": "41d0e8ca-d315-4b25-938c-7955db2daf2e",
        "wayfinding_type": "access_projection",
        "route_confirmed": true,
        "source": "col_44_cab_22",
        "sources": [
          "col_44_cab_22",
          "col_45_cab_03"
        ],
        "target": "path_051",
        "targets": [
          "path_051"
        ]
      }
    },
    {
      "id": "62eabbbb-1263-573a-8a59-d72cd8ec8141",
      "type": "Feature",
      "feature_type": "navigation",
      "geometry": {
        "type": "Point",
        "coordinates": [
          -123.250334049913,
          49.263637271965
        ]
      },
      "properties": {
        "debug_id": "AP-0980",
        "alt_name": {
          "en": "nav_projection_cabinet_0980"
        },
        "level_id": "41d0e8ca-d315-4b25-938c-7955db2daf2e",
        "wayfinding_type": "access_projection",
        "route_confirmed": true,
        "source": "col_44_cab_21",
        "sources": [
          "col_44_cab_21",
          "col_45_cab_04"
        ],
        "target": "path_051",
        "targets": [
          "path_051"
        ]
      }
    },
    {
      "id": "1ed49772-0ec5-5494-a4a1-8318ae88d48d",
      "type": "Feature",
      "feature_type": "navigation",
      "geometry": {
        "type": "Point",
        "coordinates": [
          -123.250328936071,
          49.263630854084
        ]
      },
      "properties": {
        "debug_id": "AP-0981",
        "alt_name": {
          "en": "nav_projection_cabinet_0981"
        },
        "level_id": "41d0e8ca-d315-4b25-938c-7955db2daf2e",
        "wayfinding_type": "access_projection",
        "route_confirmed": true,
        "source": "col_44_cab_20",
        "sources": [
          "col_44_cab_20",
          "col_45_cab_05"
        ],
        "target": "path_051",
        "targets": [
          "path_051"
        ]
      }
    },
    {
      "id": "4cf2e862-980f-58c4-8131-f81d43a0e087",
      "type": "Feature",
      "feature_type": "navigation",
      "geometry": {
        "type": "Point",
        "coordinates": [
          -123.250323822229,
          49.263624436204
        ]
      },
      "properties": {
        "debug_id": "AP-0982",
        "alt_name": {
          "en": "nav_projection_cabinet_0982"
        },
        "level_id": "41d0e8ca-d315-4b25-938c-7955db2daf2e",
        "wayfinding_type": "access_projection",
        "route_confirmed": true,
        "source": "col_44_cab_19",
        "sources": [
          "col_44_cab_19",
          "col_45_cab_06"
        ],
        "target": "path_051",
        "targets": [
          "path_051"
        ]
      }
    },
    {
      "id": "db9201bf-566d-5bb7-97b9-d1671d649785",
      "type": "Feature",
      "feature_type": "navigation",
      "geometry": {
        "type": "Point",
        "coordinates": [
          -123.250318708389,
          49.263618018322
        ]
      },
      "properties": {
        "debug_id": "AP-0983",
        "alt_name": {
          "en": "nav_projection_cabinet_0983"
        },
        "level_id": "41d0e8ca-d315-4b25-938c-7955db2daf2e",
        "wayfinding_type": "access_projection",
        "route_confirmed": true,
        "source": "col_44_cab_18",
        "sources": [
          "col_44_cab_18",
          "col_45_cab_07"
        ],
        "target": "path_051",
        "targets": [
          "path_051"
        ]
      }
    },
    {
      "id": "832c69c6-3a21-5866-b451-7308cd2cf6d0",
      "type": "Feature",
      "feature_type": "navigation",
      "geometry": {
        "type": "Point",
        "coordinates": [
          -123.2503035088,
          49.263598942788
        ]
      },
      "properties": {
        "debug_id": "AP-0984",
        "alt_name": {
          "en": "nav_projection_cabinet_0984"
        },
        "level_id": "41d0e8ca-d315-4b25-938c-7955db2daf2e",
        "wayfinding_type": "access_projection",
        "route_confirmed": true,
        "source": "col_44_cab_17",
        "sources": [
          "col_44_cab_17",
          "col_45_cab_08"
        ],
        "target": "path_062",
        "targets": [
          "path_062"
        ]
      }
    },
    {
      "id": "e8e6ca63-64d7-586b-a97b-d019ce114de6",
      "type": "Feature",
      "feature_type": "navigation",
      "geometry": {
        "type": "Point",
        "coordinates": [
          -123.250298394963,
          49.263592524903
        ]
      },
      "properties": {
        "debug_id": "AP-0985",
        "alt_name": {
          "en": "nav_projection_cabinet_0985"
        },
        "level_id": "41d0e8ca-d315-4b25-938c-7955db2daf2e",
        "wayfinding_type": "access_projection",
        "route_confirmed": true,
        "source": "col_44_cab_16",
        "sources": [
          "col_44_cab_16",
          "col_45_cab_09"
        ],
        "target": "path_062",
        "targets": [
          "path_062"
        ]
      }
    },
    {
      "id": "a6d7a602-5bfe-5a80-ab15-49afb86a09a1",
      "type": "Feature",
      "feature_type": "navigation",
      "geometry": {
        "type": "Point",
        "coordinates": [
          -123.250293281127,
          49.263586107017
        ]
      },
      "properties": {
        "debug_id": "AP-0986",
        "alt_name": {
          "en": "nav_projection_cabinet_0986"
        },
        "level_id": "41d0e8ca-d315-4b25-938c-7955db2daf2e",
        "wayfinding_type": "access_projection",
        "route_confirmed": true,
        "source": "col_44_cab_15",
        "sources": [
          "col_44_cab_15",
          "col_45_cab_10"
        ],
        "target": "path_062",
        "targets": [
          "path_062"
        ]
      }
    },
    {
      "id": "57f1c37f-9f16-5fe2-bbfa-9faf6858562b",
      "type": "Feature",
      "feature_type": "navigation",
      "geometry": {
        "type": "Point",
        "coordinates": [
          -123.250288167292,
          49.26357968913
        ]
      },
      "properties": {
        "debug_id": "AP-0987",
        "alt_name": {
          "en": "nav_projection_cabinet_0987"
        },
        "level_id": "41d0e8ca-d315-4b25-938c-7955db2daf2e",
        "wayfinding_type": "access_projection",
        "route_confirmed": true,
        "source": "col_44_cab_14",
        "sources": [
          "col_44_cab_14",
          "col_45_cab_11"
        ],
        "target": "path_062",
        "targets": [
          "path_062"
        ]
      }
    },
    {
      "id": "9a11f5a6-28f5-5cb1-9342-a268ca609fc4",
      "type": "Feature",
      "feature_type": "navigation",
      "geometry": {
        "type": "Point",
        "coordinates": [
          -123.250283053458,
          49.263573271243
        ]
      },
      "properties": {
        "debug_id": "AP-0988",
        "alt_name": {
          "en": "nav_projection_cabinet_0988"
        },
        "level_id": "41d0e8ca-d315-4b25-938c-7955db2daf2e",
        "wayfinding_type": "access_projection",
        "route_confirmed": true,
        "source": "col_44_cab_13",
        "sources": [
          "col_44_cab_13",
          "col_45_cab_12"
        ],
        "target": "path_062",
        "targets": [
          "path_062"
        ]
      }
    },
    {
      "id": "7371c74b-9f1f-551f-9f94-12cfb2722cd5",
      "type": "Feature",
      "feature_type": "navigation",
      "geometry": {
        "type": "Point",
        "coordinates": [
          -123.250277939624,
          49.263566853354
        ]
      },
      "properties": {
        "debug_id": "AP-0989",
        "alt_name": {
          "en": "nav_projection_cabinet_0989"
        },
        "level_id": "41d0e8ca-d315-4b25-938c-7955db2daf2e",
        "wayfinding_type": "access_projection",
        "route_confirmed": true,
        "source": "col_44_cab_12",
        "sources": [
          "col_44_cab_12",
          "col_45_cab_13"
        ],
        "target": "path_062",
        "targets": [
          "path_062"
        ]
      }
    },
    {
      "id": "83f7ba1c-a555-5e30-b217-02484ba14ccd",
      "type": "Feature",
      "feature_type": "navigation",
      "geometry": {
        "type": "Point",
        "coordinates": [
          -123.250272825792,
          49.263560435465
        ]
      },
      "properties": {
        "debug_id": "AP-0990",
        "alt_name": {
          "en": "nav_projection_cabinet_0990"
        },
        "level_id": "41d0e8ca-d315-4b25-938c-7955db2daf2e",
        "wayfinding_type": "access_projection",
        "route_confirmed": true,
        "source": "col_44_cab_11",
        "sources": [
          "col_44_cab_11",
          "col_45_cab_14"
        ],
        "target": "path_062",
        "targets": [
          "path_062"
        ]
      }
    },
    {
      "id": "24239344-d808-53f0-aa1d-1816a93f63f6",
      "type": "Feature",
      "feature_type": "navigation",
      "geometry": {
        "type": "Point",
        "coordinates": [
          -123.250267711961,
          49.263554017574
        ]
      },
      "properties": {
        "debug_id": "AP-0991",
        "alt_name": {
          "en": "nav_projection_cabinet_0991"
        },
        "level_id": "41d0e8ca-d315-4b25-938c-7955db2daf2e",
        "wayfinding_type": "access_projection",
        "route_confirmed": true,
        "source": "col_44_cab_10",
        "sources": [
          "col_44_cab_10",
          "col_45_cab_15"
        ],
        "target": "path_062",
        "targets": [
          "path_062"
        ]
      }
    },
    {
      "id": "78c7c6a7-906f-5b19-9e99-8952b5cf9078",
      "type": "Feature",
      "feature_type": "navigation",
      "geometry": {
        "type": "Point",
        "coordinates": [
          -123.250262598129,
          49.263547599684
        ]
      },
      "properties": {
        "debug_id": "AP-0992",
        "alt_name": {
          "en": "nav_projection_cabinet_0992"
        },
        "level_id": "41d0e8ca-d315-4b25-938c-7955db2daf2e",
        "wayfinding_type": "access_projection",
        "route_confirmed": true,
        "source": "col_44_cab_09",
        "sources": [
          "col_44_cab_09",
          "col_45_cab_16"
        ],
        "target": "path_062",
        "targets": [
          "path_062"
        ]
      }
    },
    {
      "id": "faff9e31-effa-578c-abee-893afb71b91d",
      "type": "Feature",
      "feature_type": "navigation",
      "geometry": {
        "type": "Point",
        "coordinates": [
          -123.2502574843,
          49.263541181792
        ]
      },
      "properties": {
        "debug_id": "AP-0993",
        "alt_name": {
          "en": "nav_projection_cabinet_0993"
        },
        "level_id": "41d0e8ca-d315-4b25-938c-7955db2daf2e",
        "wayfinding_type": "access_projection",
        "route_confirmed": true,
        "source": "col_44_cab_08",
        "sources": [
          "col_44_cab_08",
          "col_45_cab_17"
        ],
        "target": "path_062",
        "targets": [
          "path_062"
        ]
      }
    },
    {
      "id": "abb72d14-0101-5861-b44f-d06c6cc2646d",
      "type": "Feature",
      "feature_type": "navigation",
      "geometry": {
        "type": "Point",
        "coordinates": [
          -123.250224289482,
          49.26349952202
        ]
      },
      "properties": {
        "debug_id": "AP-0994",
        "alt_name": {
          "en": "nav_projection_cabinet_0994"
        },
        "level_id": "41d0e8ca-d315-4b25-938c-7955db2daf2e",
        "wayfinding_type": "access_projection",
        "route_confirmed": true,
        "source": "col_44_cab_07",
        "sources": [
          "col_44_cab_07",
          "col_45_cab_18"
        ],
        "target": "path_187",
        "targets": [
          "path_187"
        ]
      }
    },
    {
      "id": "78f0bc47-d072-5db9-ab9a-e3d8f0ea1c24",
      "type": "Feature",
      "feature_type": "navigation",
      "geometry": {
        "type": "Point",
        "coordinates": [
          -123.250219175658,
          49.263493104123
        ]
      },
      "properties": {
        "debug_id": "AP-0995",
        "alt_name": {
          "en": "nav_projection_cabinet_0995"
        },
        "level_id": "41d0e8ca-d315-4b25-938c-7955db2daf2e",
        "wayfinding_type": "access_projection",
        "route_confirmed": true,
        "source": "col_44_cab_06",
        "sources": [
          "col_44_cab_06",
          "col_45_cab_19"
        ],
        "target": "path_187",
        "targets": [
          "path_187"
        ]
      }
    },
    {
      "id": "e5f7ef0f-4736-5ff8-a3a9-ca79f5b05fc9",
      "type": "Feature",
      "feature_type": "navigation",
      "geometry": {
        "type": "Point",
        "coordinates": [
          -123.250214061835,
          49.263486686223
        ]
      },
      "properties": {
        "debug_id": "AP-0996",
        "alt_name": {
          "en": "nav_projection_cabinet_0996"
        },
        "level_id": "41d0e8ca-d315-4b25-938c-7955db2daf2e",
        "wayfinding_type": "access_projection",
        "route_confirmed": true,
        "source": "col_44_cab_05",
        "sources": [
          "col_44_cab_05",
          "col_45_cab_20"
        ],
        "target": "path_187",
        "targets": [
          "path_187"
        ]
      }
    },
    {
      "id": "f8f5be71-ed2b-5887-bb8c-5a0509213f1c",
      "type": "Feature",
      "feature_type": "navigation",
      "geometry": {
        "type": "Point",
        "coordinates": [
          -123.250208948013,
          49.263480268324
        ]
      },
      "properties": {
        "debug_id": "AP-0997",
        "alt_name": {
          "en": "nav_projection_cabinet_0997"
        },
        "level_id": "41d0e8ca-d315-4b25-938c-7955db2daf2e",
        "wayfinding_type": "access_projection",
        "route_confirmed": true,
        "source": "col_44_cab_04",
        "sources": [
          "col_44_cab_04",
          "col_45_cab_21"
        ],
        "target": "path_187",
        "targets": [
          "path_187"
        ]
      }
    },
    {
      "id": "770d908e-ae20-5577-9cca-7092b4d06a5d",
      "type": "Feature",
      "feature_type": "navigation",
      "geometry": {
        "type": "Point",
        "coordinates": [
          -123.250203834193,
          49.263473850424
        ]
      },
      "properties": {
        "debug_id": "AP-0998",
        "alt_name": {
          "en": "nav_projection_cabinet_0998"
        },
        "level_id": "41d0e8ca-d315-4b25-938c-7955db2daf2e",
        "wayfinding_type": "access_projection",
        "route_confirmed": true,
        "source": "col_44_cab_03",
        "sources": [
          "col_44_cab_03",
          "col_45_cab_22"
        ],
        "target": "path_187",
        "targets": [
          "path_187"
        ]
      }
    },
    {
      "id": "d2ab17eb-3e78-5b76-a2ac-85cd30fb7f32",
      "type": "Feature",
      "feature_type": "navigation",
      "geometry": {
        "type": "Point",
        "coordinates": [
          -123.250198720373,
          49.263467432522
        ]
      },
      "properties": {
        "debug_id": "AP-0999",
        "alt_name": {
          "en": "nav_projection_cabinet_0999"
        },
        "level_id": "41d0e8ca-d315-4b25-938c-7955db2daf2e",
        "wayfinding_type": "access_projection",
        "route_confirmed": true,
        "source": "col_44_cab_02",
        "sources": [
          "col_44_cab_02",
          "col_45_cab_23"
        ],
        "target": "path_187",
        "targets": [
          "path_187"
        ]
      }
    },
    {
      "id": "86ab5be6-b49b-50e3-90df-6ed6e725c58d",
      "type": "Feature",
      "feature_type": "navigation",
      "geometry": {
        "type": "Point",
        "coordinates": [
          -123.250193606553,
          49.26346101462
        ]
      },
      "properties": {
        "debug_id": "AP-1000",
        "alt_name": {
          "en": "nav_projection_cabinet_1000"
        },
        "level_id": "41d0e8ca-d315-4b25-938c-7955db2daf2e",
        "wayfinding_type": "access_projection",
        "route_confirmed": true,
        "source": "col_44_cab_01",
        "sources": [
          "col_44_cab_01",
          "peek_a_boo_from_the_feather_nest_photo",
          "col_45_cab_24"
        ],
        "target": "path_187",
        "targets": [
          "path_187"
        ]
      }
    },
    {
      "id": "54356bd7-7840-5e65-9629-8f7d94e3df95",
      "type": "Feature",
      "feature_type": "navigation",
      "geometry": {
        "type": "Point",
        "coordinates": [
          -123.25031793065,
          49.263667472612
        ]
      },
      "properties": {
        "debug_id": "AP-1025",
        "alt_name": {
          "en": "nav_projection_cabinet_1025"
        },
        "level_id": "41d0e8ca-d315-4b25-938c-7955db2daf2e",
        "wayfinding_type": "access_projection",
        "route_confirmed": true,
        "source": "col_46_cab_24",
        "sources": [
          "col_46_cab_24",
          "col_47_cab_01",
          "daphne_boyer_artist_bio"
        ],
        "target": "path_053",
        "targets": [
          "path_053"
        ]
      }
    },
    {
      "id": "2a766422-6fdf-51ab-ad5d-bb113cadbf02",
      "type": "Feature",
      "feature_type": "navigation",
      "geometry": {
        "type": "Point",
        "coordinates": [
          -123.250312816809,
          49.263661054733
        ]
      },
      "properties": {
        "debug_id": "AP-1026",
        "alt_name": {
          "en": "nav_projection_cabinet_1026"
        },
        "level_id": "41d0e8ca-d315-4b25-938c-7955db2daf2e",
        "wayfinding_type": "access_projection",
        "route_confirmed": true,
        "source": "col_46_cab_23",
        "sources": [
          "col_46_cab_23",
          "col_47_cab_02"
        ],
        "target": "path_053",
        "targets": [
          "path_053"
        ]
      }
    },
    {
      "id": "6980b015-7dfb-55e4-831d-6f49cb3e8441",
      "type": "Feature",
      "feature_type": "navigation",
      "geometry": {
        "type": "Point",
        "coordinates": [
          -123.250307702969,
          49.263654636854
        ]
      },
      "properties": {
        "debug_id": "AP-1027",
        "alt_name": {
          "en": "nav_projection_cabinet_1027"
        },
        "level_id": "41d0e8ca-d315-4b25-938c-7955db2daf2e",
        "wayfinding_type": "access_projection",
        "route_confirmed": true,
        "source": "col_46_cab_22",
        "sources": [
          "col_46_cab_22",
          "col_47_cab_03"
        ],
        "target": "path_053",
        "targets": [
          "path_053"
        ]
      }
    },
    {
      "id": "65258a8a-44a8-5db5-9a3e-149744935102",
      "type": "Feature",
      "feature_type": "navigation",
      "geometry": {
        "type": "Point",
        "coordinates": [
          -123.25030258913,
          49.263648218974
        ]
      },
      "properties": {
        "debug_id": "AP-1028",
        "alt_name": {
          "en": "nav_projection_cabinet_1028"
        },
        "level_id": "41d0e8ca-d315-4b25-938c-7955db2daf2e",
        "wayfinding_type": "access_projection",
        "route_confirmed": true,
        "source": "col_46_cab_21",
        "sources": [
          "col_46_cab_21",
          "col_47_cab_04"
        ],
        "target": "path_053",
        "targets": [
          "path_053"
        ]
      }
    },
    {
      "id": "7b5c8876-c756-53dc-877d-c4c1ae170e82",
      "type": "Feature",
      "feature_type": "navigation",
      "geometry": {
        "type": "Point",
        "coordinates": [
          -123.250297475292,
          49.263641801093
        ]
      },
      "properties": {
        "debug_id": "AP-1029",
        "alt_name": {
          "en": "nav_projection_cabinet_1029"
        },
        "level_id": "41d0e8ca-d315-4b25-938c-7955db2daf2e",
        "wayfinding_type": "access_projection",
        "route_confirmed": true,
        "source": "col_46_cab_20",
        "sources": [
          "col_46_cab_20",
          "col_47_cab_05"
        ],
        "target": "path_053",
        "targets": [
          "path_053"
        ]
      }
    },
    {
      "id": "46a5dbd0-ea7c-5436-8016-bf7329c9394e",
      "type": "Feature",
      "feature_type": "navigation",
      "geometry": {
        "type": "Point",
        "coordinates": [
          -123.250292361454,
          49.263635383212
        ]
      },
      "properties": {
        "debug_id": "AP-1030",
        "alt_name": {
          "en": "nav_projection_cabinet_1030"
        },
        "level_id": "41d0e8ca-d315-4b25-938c-7955db2daf2e",
        "wayfinding_type": "access_projection",
        "route_confirmed": true,
        "source": "col_46_cab_19",
        "sources": [
          "col_46_cab_19",
          "col_47_cab_06"
        ],
        "target": "path_053",
        "targets": [
          "path_053"
        ]
      }
    },
    {
      "id": "c398721c-8a17-59ea-b974-cef65eda1266",
      "type": "Feature",
      "feature_type": "navigation",
      "geometry": {
        "type": "Point",
        "coordinates": [
          -123.250287198754,
          49.263628904005
        ]
      },
      "properties": {
        "debug_id": "AP-1031",
        "alt_name": {
          "en": "nav_projection_cabinet_1031"
        },
        "level_id": "41d0e8ca-d315-4b25-938c-7955db2daf2e",
        "wayfinding_type": "access_projection",
        "route_confirmed": true,
        "source": "col_46_cab_18",
        "sources": [
          "col_46_cab_18",
          "cabinet_46_18_upper"
        ],
        "target": "path_053",
        "targets": [
          "path_053"
        ]
      }
    },
    {
      "id": "9628818e-ac18-5024-bcf5-4dc5a2397de8",
      "type": "Feature",
      "feature_type": "navigation",
      "geometry": {
        "type": "Point",
        "coordinates": [
          -123.250271999175,
          49.263609828469
        ]
      },
      "properties": {
        "debug_id": "AP-1032",
        "alt_name": {
          "en": "nav_projection_cabinet_1032"
        },
        "level_id": "41d0e8ca-d315-4b25-938c-7955db2daf2e",
        "wayfinding_type": "access_projection",
        "route_confirmed": true,
        "source": "col_46_cab_17",
        "sources": [
          "col_46_cab_17"
        ],
        "target": "path_060",
        "targets": [
          "path_060"
        ]
      }
    },
    {
      "id": "99d51a34-09d0-5db4-b3d2-37a86e2f07ad",
      "type": "Feature",
      "feature_type": "navigation",
      "geometry": {
        "type": "Point",
        "coordinates": [
          -123.250266934206,
          49.263603471909
        ]
      },
      "properties": {
        "debug_id": "AP-1033",
        "alt_name": {
          "en": "nav_projection_cabinet_1033"
        },
        "level_id": "41d0e8ca-d315-4b25-938c-7955db2daf2e",
        "wayfinding_type": "access_projection",
        "route_confirmed": true,
        "source": "col_46_cab_16",
        "sources": [
          "col_46_cab_16",
          "col_47_cab_07"
        ],
        "target": "path_060",
        "targets": [
          "path_060"
        ]
      }
    },
    {
      "id": "94188e61-2d15-5672-a4c8-e9f63037e0fe",
      "type": "Feature",
      "feature_type": "navigation",
      "geometry": {
        "type": "Point",
        "coordinates": [
          -123.250261820374,
          49.263597054022
        ]
      },
      "properties": {
        "debug_id": "AP-1034",
        "alt_name": {
          "en": "nav_projection_cabinet_1034"
        },
        "level_id": "41d0e8ca-d315-4b25-938c-7955db2daf2e",
        "wayfinding_type": "access_projection",
        "route_confirmed": true,
        "source": "col_46_cab_15",
        "sources": [
          "col_46_cab_15",
          "col_47_cab_08"
        ],
        "target": "path_060",
        "targets": [
          "path_060"
        ]
      }
    },
    {
      "id": "7d6ff21a-d659-59cd-8804-f80cd81a63d4",
      "type": "Feature",
      "feature_type": "navigation",
      "geometry": {
        "type": "Point",
        "coordinates": [
          -123.250256706543,
          49.263590636136
        ]
      },
      "properties": {
        "debug_id": "AP-1035",
        "alt_name": {
          "en": "nav_projection_cabinet_1035"
        },
        "level_id": "41d0e8ca-d315-4b25-938c-7955db2daf2e",
        "wayfinding_type": "access_projection",
        "route_confirmed": true,
        "source": "col_46_cab_14",
        "sources": [
          "col_46_cab_14",
          "col_47_cab_09"
        ],
        "target": "path_060",
        "targets": [
          "path_060"
        ]
      }
    },
    {
      "id": "bb947ebe-8424-582d-984d-3c5de7ba91ea",
      "type": "Feature",
      "feature_type": "navigation",
      "geometry": {
        "type": "Point",
        "coordinates": [
          -123.250251592712,
          49.263584218247
        ]
      },
      "properties": {
        "debug_id": "AP-1036",
        "alt_name": {
          "en": "nav_projection_cabinet_1036"
        },
        "level_id": "41d0e8ca-d315-4b25-938c-7955db2daf2e",
        "wayfinding_type": "access_projection",
        "route_confirmed": true,
        "source": "col_46_cab_13",
        "sources": [
          "col_46_cab_13",
          "col_47_cab_10"
        ],
        "target": "path_060",
        "targets": [
          "path_060"
        ]
      }
    },
    {
      "id": "1c86e76a-f619-5c58-9416-d298f3ea893c",
      "type": "Feature",
      "feature_type": "navigation",
      "geometry": {
        "type": "Point",
        "coordinates": [
          -123.250246478882,
          49.263577800358
        ]
      },
      "properties": {
        "debug_id": "AP-1037",
        "alt_name": {
          "en": "nav_projection_cabinet_1037"
        },
        "level_id": "41d0e8ca-d315-4b25-938c-7955db2daf2e",
        "wayfinding_type": "access_projection",
        "route_confirmed": true,
        "source": "col_46_cab_12",
        "sources": [
          "col_46_cab_12",
          "col_47_cab_11"
        ],
        "target": "path_060",
        "targets": [
          "path_060"
        ]
      }
    },
    {
      "id": "f12f240c-c8cb-54df-80cb-df46fd2bce47",
      "type": "Feature",
      "feature_type": "navigation",
      "geometry": {
        "type": "Point",
        "coordinates": [
          -123.250241365053,
          49.263571382468
        ]
      },
      "properties": {
        "debug_id": "AP-1038",
        "alt_name": {
          "en": "nav_projection_cabinet_1038"
        },
        "level_id": "41d0e8ca-d315-4b25-938c-7955db2daf2e",
        "wayfinding_type": "access_projection",
        "route_confirmed": true,
        "source": "col_46_cab_11",
        "sources": [
          "col_46_cab_11",
          "col_47_cab_12"
        ],
        "target": "path_060",
        "targets": [
          "path_060"
        ]
      }
    },
    {
      "id": "6d7d6d30-8216-5b3f-8748-9ff2ccffa6b1",
      "type": "Feature",
      "feature_type": "navigation",
      "geometry": {
        "type": "Point",
        "coordinates": [
          -123.250236251226,
          49.263564964577
        ]
      },
      "properties": {
        "debug_id": "AP-1039",
        "alt_name": {
          "en": "nav_projection_cabinet_1039"
        },
        "level_id": "41d0e8ca-d315-4b25-938c-7955db2daf2e",
        "wayfinding_type": "access_projection",
        "route_confirmed": true,
        "source": "col_46_cab_10",
        "sources": [
          "col_46_cab_10",
          "col_47_cab_13"
        ],
        "target": "path_060",
        "targets": [
          "path_060"
        ]
      }
    },
    {
      "id": "af71a1d2-8aa9-53a3-b85c-bfdbf654dee3",
      "type": "Feature",
      "feature_type": "navigation",
      "geometry": {
        "type": "Point",
        "coordinates": [
          -123.250231137399,
          49.263558546686
        ]
      },
      "properties": {
        "debug_id": "AP-1040",
        "alt_name": {
          "en": "nav_projection_cabinet_1040"
        },
        "level_id": "41d0e8ca-d315-4b25-938c-7955db2daf2e",
        "wayfinding_type": "access_projection",
        "route_confirmed": true,
        "source": "col_46_cab_09",
        "sources": [
          "col_46_cab_09",
          "col_47_cab_14"
        ],
        "target": "path_060",
        "targets": [
          "path_060"
        ]
      }
    },
    {
      "id": "dc6e2478-b9ef-59fc-9dd2-dbbd41c81cbc",
      "type": "Feature",
      "feature_type": "navigation",
      "geometry": {
        "type": "Point",
        "coordinates": [
          -123.250226023572,
          49.263552128793
        ]
      },
      "properties": {
        "debug_id": "AP-1041",
        "alt_name": {
          "en": "nav_projection_cabinet_1041"
        },
        "level_id": "41d0e8ca-d315-4b25-938c-7955db2daf2e",
        "wayfinding_type": "access_projection",
        "route_confirmed": true,
        "source": "col_46_cab_08",
        "sources": [
          "col_46_cab_08",
          "col_47_cab_15"
        ],
        "target": "path_060",
        "targets": [
          "path_060"
        ]
      }
    },
    {
      "id": "99794846-f3f6-5676-a950-4ba7c65f4528",
      "type": "Feature",
      "feature_type": "navigation",
      "geometry": {
        "type": "Point",
        "coordinates": [
          -123.250192828778,
          49.263510469019
        ]
      },
      "properties": {
        "debug_id": "AP-1042",
        "alt_name": {
          "en": "nav_projection_cabinet_1042"
        },
        "level_id": "41d0e8ca-d315-4b25-938c-7955db2daf2e",
        "wayfinding_type": "access_projection",
        "route_confirmed": true,
        "source": "col_46_cab_07",
        "sources": [
          "col_46_cab_07",
          "col_47_cab_16"
        ],
        "target": "path_190",
        "targets": [
          "path_190"
        ]
      }
    },
    {
      "id": "991e0b6e-4dd0-5a04-8bfd-3c4dd91785e8",
      "type": "Feature",
      "feature_type": "navigation",
      "geometry": {
        "type": "Point",
        "coordinates": [
          -123.250187714958,
          49.263504051121
        ]
      },
      "properties": {
        "debug_id": "AP-1043",
        "alt_name": {
          "en": "nav_projection_cabinet_1043"
        },
        "level_id": "41d0e8ca-d315-4b25-938c-7955db2daf2e",
        "wayfinding_type": "access_projection",
        "route_confirmed": true,
        "source": "col_46_cab_06",
        "sources": [
          "col_46_cab_06",
          "col_47_cab_17"
        ],
        "target": "path_190",
        "targets": [
          "path_190"
        ]
      }
    },
    {
      "id": "4efea3b4-63d2-5e8a-8989-cf4114abf72c",
      "type": "Feature",
      "feature_type": "navigation",
      "geometry": {
        "type": "Point",
        "coordinates": [
          -123.250182601139,
          49.263497633222
        ]
      },
      "properties": {
        "debug_id": "AP-1044",
        "alt_name": {
          "en": "nav_projection_cabinet_1044"
        },
        "level_id": "41d0e8ca-d315-4b25-938c-7955db2daf2e",
        "wayfinding_type": "access_projection",
        "route_confirmed": true,
        "source": "col_46_cab_05",
        "sources": [
          "col_46_cab_05",
          "col_47_cab_18"
        ],
        "target": "path_190",
        "targets": [
          "path_190"
        ]
      }
    },
    {
      "id": "356edb43-503e-53df-882e-22eb162c44dc",
      "type": "Feature",
      "feature_type": "navigation",
      "geometry": {
        "type": "Point",
        "coordinates": [
          -123.25017748732,
          49.263491215322
        ]
      },
      "properties": {
        "debug_id": "AP-1045",
        "alt_name": {
          "en": "nav_projection_cabinet_1045"
        },
        "level_id": "41d0e8ca-d315-4b25-938c-7955db2daf2e",
        "wayfinding_type": "access_projection",
        "route_confirmed": true,
        "source": "col_46_cab_04",
        "sources": [
          "col_46_cab_04",
          "col_47_cab_19"
        ],
        "target": "path_190",
        "targets": [
          "path_190"
        ]
      }
    },
    {
      "id": "7726e39e-c17e-5af3-96be-41dfbca44277",
      "type": "Feature",
      "feature_type": "navigation",
      "geometry": {
        "type": "Point",
        "coordinates": [
          -123.250172373503,
          49.26348479742
        ]
      },
      "properties": {
        "debug_id": "AP-1046",
        "alt_name": {
          "en": "nav_projection_cabinet_1046"
        },
        "level_id": "41d0e8ca-d315-4b25-938c-7955db2daf2e",
        "wayfinding_type": "access_projection",
        "route_confirmed": true,
        "source": "col_46_cab_03",
        "sources": [
          "col_46_cab_03",
          "col_47_cab_20"
        ],
        "target": "path_190",
        "targets": [
          "path_190"
        ]
      }
    },
    {
      "id": "ea912bc4-f426-5671-8134-0b3990877068",
      "type": "Feature",
      "feature_type": "navigation",
      "geometry": {
        "type": "Point",
        "coordinates": [
          -123.250167259687,
          49.263478379519
        ]
      },
      "properties": {
        "debug_id": "AP-1047",
        "alt_name": {
          "en": "nav_projection_cabinet_1047"
        },
        "level_id": "41d0e8ca-d315-4b25-938c-7955db2daf2e",
        "wayfinding_type": "access_projection",
        "route_confirmed": true,
        "source": "col_46_cab_02",
        "sources": [
          "col_46_cab_02",
          "col_47_cab_21"
        ],
        "target": "path_190",
        "targets": [
          "path_190"
        ]
      }
    },
    {
      "id": "ca46cb4e-acf0-5743-a7e4-4a008815f826",
      "type": "Feature",
      "feature_type": "navigation",
      "geometry": {
        "type": "Point",
        "coordinates": [
          -123.250162145871,
          49.263471961616
        ]
      },
      "properties": {
        "debug_id": "AP-1048",
        "alt_name": {
          "en": "nav_projection_cabinet_1048"
        },
        "level_id": "41d0e8ca-d315-4b25-938c-7955db2daf2e",
        "wayfinding_type": "access_projection",
        "route_confirmed": true,
        "source": "col_46_cab_01",
        "sources": [
          "col_46_cab_01",
          "the_life_on_a_buoy_line_photo",
          "sea_lion_pack_photo",
          "col_47_cab_22"
        ],
        "target": "path_190",
        "targets": [
          "path_190"
        ]
      }
    },
    {
      "id": "5377f231-170b-5392-9635-0480c31d5efc",
      "type": "Feature",
      "feature_type": "navigation",
      "geometry": {
        "type": "Point",
        "coordinates": [
          -123.250286481619,
          49.26367842613
        ]
      },
      "properties": {
        "debug_id": "AP-1071",
        "alt_name": {
          "en": "nav_projection_cabinet_1071"
        },
        "level_id": "41d0e8ca-d315-4b25-938c-7955db2daf2e",
        "wayfinding_type": "access_projection",
        "route_confirmed": true,
        "source": "col_48_cab_22",
        "sources": [
          "col_48_cab_22",
          "col_49_cab_01"
        ],
        "target": "path_054",
        "targets": [
          "path_054"
        ]
      }
    },
    {
      "id": "f648d1af-b2b7-5dae-add6-7ab2bf759929",
      "type": "Feature",
      "feature_type": "navigation",
      "geometry": {
        "type": "Point",
        "coordinates": [
          -123.250281367782,
          49.263672008251
        ]
      },
      "properties": {
        "debug_id": "AP-1072",
        "alt_name": {
          "en": "nav_projection_cabinet_1072"
        },
        "level_id": "41d0e8ca-d315-4b25-938c-7955db2daf2e",
        "wayfinding_type": "access_projection",
        "route_confirmed": true,
        "source": "col_48_cab_21",
        "sources": [
          "col_48_cab_21",
          "col_49_cab_02"
        ],
        "target": "path_054",
        "targets": [
          "path_054"
        ]
      }
    },
    {
      "id": "824c7c86-8420-5798-a94a-c695848f6828",
      "type": "Feature",
      "feature_type": "navigation",
      "geometry": {
        "type": "Point",
        "coordinates": [
          -123.250276253946,
          49.263665590371
        ]
      },
      "properties": {
        "debug_id": "AP-1073",
        "alt_name": {
          "en": "nav_projection_cabinet_1073"
        },
        "level_id": "41d0e8ca-d315-4b25-938c-7955db2daf2e",
        "wayfinding_type": "access_projection",
        "route_confirmed": true,
        "source": "col_48_cab_20",
        "sources": [
          "col_48_cab_20",
          "col_49_cab_03"
        ],
        "target": "path_054",
        "targets": [
          "path_054"
        ]
      }
    },
    {
      "id": "88cb65ca-67bd-5bfd-b001-479bc60065d2",
      "type": "Feature",
      "feature_type": "navigation",
      "geometry": {
        "type": "Point",
        "coordinates": [
          -123.25027114012,
          49.263659172502
        ]
      },
      "properties": {
        "debug_id": "AP-1074",
        "alt_name": {
          "en": "nav_projection_cabinet_1074"
        },
        "level_id": "41d0e8ca-d315-4b25-938c-7955db2daf2e",
        "wayfinding_type": "access_projection",
        "route_confirmed": true,
        "source": "col_48_cab_19",
        "sources": [
          "col_48_cab_19",
          "col_49_cab_04"
        ],
        "target": "path_054",
        "targets": [
          "path_054"
        ]
      }
    },
    {
      "id": "09bec73b-370e-580c-93ab-c7cb54fc0a72",
      "type": "Feature",
      "feature_type": "navigation",
      "geometry": {
        "type": "Point",
        "coordinates": [
          -123.250266026275,
          49.263652754609
        ]
      },
      "properties": {
        "debug_id": "AP-1075",
        "alt_name": {
          "en": "nav_projection_cabinet_1075"
        },
        "level_id": "41d0e8ca-d315-4b25-938c-7955db2daf2e",
        "wayfinding_type": "access_projection",
        "route_confirmed": true,
        "source": "col_48_cab_18",
        "sources": [
          "col_48_cab_18",
          "col_49_cab_05"
        ],
        "target": "path_054",
        "targets": [
          "path_054"
        ]
      }
    },
    {
      "id": "7a57e26a-145f-5810-9b47-aa5cc2b4ef30",
      "type": "Feature",
      "feature_type": "navigation",
      "geometry": {
        "type": "Point",
        "coordinates": [
          -123.250260912442,
          49.263646336727
        ]
      },
      "properties": {
        "debug_id": "AP-1076",
        "alt_name": {
          "en": "nav_projection_cabinet_1076"
        },
        "level_id": "41d0e8ca-d315-4b25-938c-7955db2daf2e",
        "wayfinding_type": "access_projection",
        "route_confirmed": true,
        "source": "col_48_cab_17",
        "sources": [
          "col_48_cab_17",
          "col_49_cab_06"
        ],
        "target": "path_054",
        "targets": [
          "path_054"
        ]
      }
    },
    {
      "id": "969eaebf-5c17-5b8f-88fb-2288b7641303",
      "type": "Feature",
      "feature_type": "navigation",
      "geometry": {
        "type": "Point",
        "coordinates": [
          -123.250235414247,
          49.263614336361
        ]
      },
      "properties": {
        "debug_id": "AP-1077",
        "alt_name": {
          "en": "nav_projection_cabinet_1077"
        },
        "level_id": "41d0e8ca-d315-4b25-938c-7955db2daf2e",
        "wayfinding_type": "access_projection",
        "route_confirmed": true,
        "source": "col_48_cab_16",
        "sources": [
          "col_48_cab_16",
          "col_49_cab_11"
        ],
        "target": "path_058",
        "targets": [
          "path_058"
        ]
      }
    },
    {
      "id": "36cf5a2a-4dbe-5076-84a1-93932a4ea76c",
      "type": "Feature",
      "feature_type": "navigation",
      "geometry": {
        "type": "Point",
        "coordinates": [
          -123.250230300419,
          49.263607918475
        ]
      },
      "properties": {
        "debug_id": "AP-1078",
        "alt_name": {
          "en": "nav_projection_cabinet_1078"
        },
        "level_id": "41d0e8ca-d315-4b25-938c-7955db2daf2e",
        "wayfinding_type": "access_projection",
        "route_confirmed": true,
        "source": "col_48_cab_15",
        "sources": [
          "col_48_cab_15",
          "col_49_cab_12"
        ],
        "target": "path_058",
        "targets": [
          "path_058"
        ]
      }
    },
    {
      "id": "ac9c93b0-6b16-543d-ba2b-c27e46218134",
      "type": "Feature",
      "feature_type": "navigation",
      "geometry": {
        "type": "Point",
        "coordinates": [
          -123.250225186591,
          49.263601500587
        ]
      },
      "properties": {
        "debug_id": "AP-1079",
        "alt_name": {
          "en": "nav_projection_cabinet_1079"
        },
        "level_id": "41d0e8ca-d315-4b25-938c-7955db2daf2e",
        "wayfinding_type": "access_projection",
        "route_confirmed": true,
        "source": "col_48_cab_14",
        "sources": [
          "col_48_cab_14",
          "col_49_cab_13"
        ],
        "target": "path_058",
        "targets": [
          "path_058"
        ]
      }
    },
    {
      "id": "afe34f12-8bbb-5be9-959c-063b7d79c38c",
      "type": "Feature",
      "feature_type": "navigation",
      "geometry": {
        "type": "Point",
        "coordinates": [
          -123.250220072764,
          49.263595082697
        ]
      },
      "properties": {
        "debug_id": "AP-1080",
        "alt_name": {
          "en": "nav_projection_cabinet_1080"
        },
        "level_id": "41d0e8ca-d315-4b25-938c-7955db2daf2e",
        "wayfinding_type": "access_projection",
        "route_confirmed": true,
        "source": "col_48_cab_13",
        "sources": [
          "col_48_cab_13",
          "col_49_cab_14"
        ],
        "target": "path_058",
        "targets": [
          "path_058"
        ]
      }
    },
    {
      "id": "0fa360c0-f6f4-5f93-b4e9-61dd4d709a71",
      "type": "Feature",
      "feature_type": "navigation",
      "geometry": {
        "type": "Point",
        "coordinates": [
          -123.250214958937,
          49.263588664808
        ]
      },
      "properties": {
        "debug_id": "AP-1081",
        "alt_name": {
          "en": "nav_projection_cabinet_1081"
        },
        "level_id": "41d0e8ca-d315-4b25-938c-7955db2daf2e",
        "wayfinding_type": "access_projection",
        "route_confirmed": true,
        "source": "col_48_cab_12",
        "sources": [
          "col_48_cab_12",
          "col_49_cab_15"
        ],
        "target": "path_058",
        "targets": [
          "path_058"
        ]
      }
    },
    {
      "id": "9c40b414-1011-5f24-9717-784ff2a3c075",
      "type": "Feature",
      "feature_type": "navigation",
      "geometry": {
        "type": "Point",
        "coordinates": [
          -123.250209845112,
          49.263582246918
        ]
      },
      "properties": {
        "debug_id": "AP-1082",
        "alt_name": {
          "en": "nav_projection_cabinet_1082"
        },
        "level_id": "41d0e8ca-d315-4b25-938c-7955db2daf2e",
        "wayfinding_type": "access_projection",
        "route_confirmed": true,
        "source": "col_48_cab_11",
        "sources": [
          "col_48_cab_11",
          "col_49_cab_16"
        ],
        "target": "path_058",
        "targets": [
          "path_058"
        ]
      }
    },
    {
      "id": "f136efd5-1cca-5f45-a647-0dddc571c001",
      "type": "Feature",
      "feature_type": "navigation",
      "geometry": {
        "type": "Point",
        "coordinates": [
          -123.250204731287,
          49.263575829026
        ]
      },
      "properties": {
        "debug_id": "AP-1083",
        "alt_name": {
          "en": "nav_projection_cabinet_1083"
        },
        "level_id": "41d0e8ca-d315-4b25-938c-7955db2daf2e",
        "wayfinding_type": "access_projection",
        "route_confirmed": true,
        "source": "col_48_cab_10",
        "sources": [
          "col_48_cab_10",
          "col_49_cab_17"
        ],
        "target": "path_058",
        "targets": [
          "path_058"
        ]
      }
    },
    {
      "id": "00cdf8af-64c4-51c9-baf7-ba4b10e1956d",
      "type": "Feature",
      "feature_type": "navigation",
      "geometry": {
        "type": "Point",
        "coordinates": [
          -123.250199617463,
          49.263569411134
        ]
      },
      "properties": {
        "debug_id": "AP-1084",
        "alt_name": {
          "en": "nav_projection_cabinet_1084"
        },
        "level_id": "41d0e8ca-d315-4b25-938c-7955db2daf2e",
        "wayfinding_type": "access_projection",
        "route_confirmed": true,
        "source": "col_48_cab_09",
        "sources": [
          "col_48_cab_09",
          "col_49_cab_18"
        ],
        "target": "path_058",
        "targets": [
          "path_058"
        ]
      }
    },
    {
      "id": "7a905c1f-b99f-5001-a73a-cb4544751722",
      "type": "Feature",
      "feature_type": "navigation",
      "geometry": {
        "type": "Point",
        "coordinates": [
          -123.250194503641,
          49.26356299324
        ]
      },
      "properties": {
        "debug_id": "AP-1085",
        "alt_name": {
          "en": "nav_projection_cabinet_1085"
        },
        "level_id": "41d0e8ca-d315-4b25-938c-7955db2daf2e",
        "wayfinding_type": "access_projection",
        "route_confirmed": true,
        "source": "col_48_cab_08",
        "sources": [
          "col_48_cab_08",
          "col_49_cab_19"
        ],
        "target": "path_058",
        "targets": [
          "path_058"
        ]
      }
    },
    {
      "id": "89fca52e-cb39-5b1d-99c0-3804421003c4",
      "type": "Feature",
      "feature_type": "navigation",
      "geometry": {
        "type": "Point",
        "coordinates": [
          -123.250161379832,
          49.26352142252
        ]
      },
      "properties": {
        "debug_id": "AP-1086",
        "alt_name": {
          "en": "nav_projection_cabinet_1086"
        },
        "level_id": "41d0e8ca-d315-4b25-938c-7955db2daf2e",
        "wayfinding_type": "access_projection",
        "route_confirmed": true,
        "source": "col_48_cab_07",
        "sources": [
          "col_48_cab_07",
          "col_49_cab_20"
        ],
        "target": "path_193",
        "targets": [
          "path_193"
        ]
      }
    },
    {
      "id": "2db7133f-fd3b-5fb6-829c-2e5b11deac11",
      "type": "Feature",
      "feature_type": "navigation",
      "geometry": {
        "type": "Point",
        "coordinates": [
          -123.250156266016,
          49.263515004621
        ]
      },
      "properties": {
        "debug_id": "AP-1087",
        "alt_name": {
          "en": "nav_projection_cabinet_1087"
        },
        "level_id": "41d0e8ca-d315-4b25-938c-7955db2daf2e",
        "wayfinding_type": "access_projection",
        "route_confirmed": true,
        "source": "col_48_cab_06",
        "sources": [
          "col_48_cab_06",
          "col_49_cab_21"
        ],
        "target": "path_193",
        "targets": [
          "path_193"
        ]
      }
    },
    {
      "id": "e01b21e7-4e38-5c2e-b788-116822eb916c",
      "type": "Feature",
      "feature_type": "navigation",
      "geometry": {
        "type": "Point",
        "coordinates": [
          -123.250151152201,
          49.263508586721
        ]
      },
      "properties": {
        "debug_id": "AP-1088",
        "alt_name": {
          "en": "nav_projection_cabinet_1088"
        },
        "level_id": "41d0e8ca-d315-4b25-938c-7955db2daf2e",
        "wayfinding_type": "access_projection",
        "route_confirmed": true,
        "source": "col_48_cab_05",
        "sources": [
          "col_48_cab_05",
          "col_49_cab_22"
        ],
        "target": "path_193",
        "targets": [
          "path_193"
        ]
      }
    },
    {
      "id": "2e61465b-adec-5fe7-8847-63e02e4f9fc9",
      "type": "Feature",
      "feature_type": "navigation",
      "geometry": {
        "type": "Point",
        "coordinates": [
          -123.250146038395,
          49.263502168833
        ]
      },
      "properties": {
        "debug_id": "AP-1089",
        "alt_name": {
          "en": "nav_projection_cabinet_1089"
        },
        "level_id": "41d0e8ca-d315-4b25-938c-7955db2daf2e",
        "wayfinding_type": "access_projection",
        "route_confirmed": true,
        "source": "col_48_cab_04",
        "sources": [
          "col_48_cab_04",
          "col_49_cab_23"
        ],
        "target": "path_193",
        "targets": [
          "path_193"
        ]
      }
    },
    {
      "id": "2d8ec763-10ee-56b4-9318-bbe7b0231c70",
      "type": "Feature",
      "feature_type": "navigation",
      "geometry": {
        "type": "Point",
        "coordinates": [
          -123.250140924572,
          49.263495750919
        ]
      },
      "properties": {
        "debug_id": "AP-1090",
        "alt_name": {
          "en": "nav_projection_cabinet_1090"
        },
        "level_id": "41d0e8ca-d315-4b25-938c-7955db2daf2e",
        "wayfinding_type": "access_projection",
        "route_confirmed": true,
        "source": "col_48_cab_03",
        "sources": [
          "col_48_cab_03",
          "col_49_cab_24"
        ],
        "target": "path_193",
        "targets": [
          "path_193"
        ]
      }
    },
    {
      "id": "f4474b3e-8bfd-5631-bef0-f1b4c4142892",
      "type": "Feature",
      "feature_type": "navigation",
      "geometry": {
        "type": "Point",
        "coordinates": [
          -123.250135810759,
          49.263489333016
        ]
      },
      "properties": {
        "debug_id": "AP-1091",
        "alt_name": {
          "en": "nav_projection_cabinet_1091"
        },
        "level_id": "41d0e8ca-d315-4b25-938c-7955db2daf2e",
        "wayfinding_type": "access_projection",
        "route_confirmed": true,
        "source": "col_48_cab_02",
        "sources": [
          "col_48_cab_02",
          "col_49_cab_25"
        ],
        "target": "path_193",
        "targets": [
          "path_193"
        ]
      }
    },
    {
      "id": "e65a3ceb-4344-51e1-97b9-d3a4c4ed043b",
      "type": "Feature",
      "feature_type": "navigation",
      "geometry": {
        "type": "Point",
        "coordinates": [
          -123.250130696946,
          49.263482915113
        ]
      },
      "properties": {
        "debug_id": "AP-1092",
        "alt_name": {
          "en": "nav_projection_cabinet_1092"
        },
        "level_id": "41d0e8ca-d315-4b25-938c-7955db2daf2e",
        "wayfinding_type": "access_projection",
        "route_confirmed": true,
        "source": "col_48_cab_01",
        "sources": [
          "col_48_cab_01",
          "deep_sea_gorgonian_coral_photo",
          "col_49_cab_26"
        ],
        "target": "path_193",
        "targets": [
          "path_193"
        ]
      }
    },
    {
      "id": "f06d926b-61ab-5e46-885b-0286b5ded107",
      "type": "Feature",
      "feature_type": "navigation",
      "geometry": {
        "type": "Point",
        "coordinates": [
          -123.250255847474,
          49.26363998017
        ]
      },
      "properties": {
        "debug_id": "AP-1099",
        "alt_name": {
          "en": "nav_projection_cabinet_1099"
        },
        "level_id": "41d0e8ca-d315-4b25-938c-7955db2daf2e",
        "wayfinding_type": "access_projection",
        "route_confirmed": true,
        "source": "col_49_cab_07",
        "sources": [
          "col_49_cab_07"
        ],
        "target": "path_054",
        "targets": [
          "path_054"
        ]
      }
    },
    {
      "id": "fa313fed-63d7-594f-af7e-76f64f107045",
      "type": "Feature",
      "feature_type": "navigation",
      "geometry": {
        "type": "Point",
        "coordinates": [
          -123.250250733641,
          49.263633562286
        ]
      },
      "properties": {
        "debug_id": "AP-1100",
        "alt_name": {
          "en": "nav_projection_cabinet_1100"
        },
        "level_id": "41d0e8ca-d315-4b25-938c-7955db2daf2e",
        "wayfinding_type": "access_projection",
        "route_confirmed": true,
        "source": "col_49_cab_08",
        "sources": [
          "col_49_cab_08"
        ],
        "target": "path_054",
        "targets": [
          "path_054"
        ]
      }
    },
    {
      "id": "94bed0a9-3489-53f9-9364-0f1064c874ab",
      "type": "Feature",
      "feature_type": "navigation",
      "geometry": {
        "type": "Point",
        "coordinates": [
          -123.250245619811,
          49.263627144402
        ]
      },
      "properties": {
        "debug_id": "AP-1101",
        "alt_name": {
          "en": "nav_projection_cabinet_1101"
        },
        "level_id": "41d0e8ca-d315-4b25-938c-7955db2daf2e",
        "wayfinding_type": "access_projection",
        "route_confirmed": true,
        "source": "col_49_cab_09",
        "sources": [
          "col_49_cab_09"
        ],
        "target": "path_058",
        "targets": [
          "path_058"
        ]
      }
    },
    {
      "id": "193fba7c-99fc-5646-b0b3-434122b26821",
      "type": "Feature",
      "feature_type": "navigation",
      "geometry": {
        "type": "Point",
        "coordinates": [
          -123.25024050598,
          49.263620726516
        ]
      },
      "properties": {
        "debug_id": "AP-1102",
        "alt_name": {
          "en": "nav_projection_cabinet_1102"
        },
        "level_id": "41d0e8ca-d315-4b25-938c-7955db2daf2e",
        "wayfinding_type": "access_projection",
        "route_confirmed": true,
        "source": "col_49_cab_10",
        "sources": [
          "col_49_cab_10"
        ],
        "target": "path_058",
        "targets": [
          "path_058"
        ]
      }
    },
    {
      "id": "88e69f41-fbae-5abc-add3-5c2bff178298",
      "type": "Feature",
      "feature_type": "navigation",
      "geometry": {
        "type": "Point",
        "coordinates": [
          -123.250255013674,
          49.263689365006
        ]
      },
      "properties": {
        "debug_id": "AP-1119",
        "alt_name": {
          "en": "nav_projection_cabinet_1119"
        },
        "level_id": "41d0e8ca-d315-4b25-938c-7955db2daf2e",
        "wayfinding_type": "access_projection",
        "route_confirmed": true,
        "source": "col_50_cab_26",
        "sources": [
          "col_50_cab_26",
          "col_51_cab_01"
        ],
        "target": "path_065",
        "targets": [
          "path_065"
        ]
      }
    },
    {
      "id": "e43106ef-3698-57cb-b896-6854fd242d43",
      "type": "Feature",
      "feature_type": "navigation",
      "geometry": {
        "type": "Point",
        "coordinates": [
          -123.250249899841,
          49.263682947126
        ]
      },
      "properties": {
        "debug_id": "AP-1120",
        "alt_name": {
          "en": "nav_projection_cabinet_1120"
        },
        "level_id": "41d0e8ca-d315-4b25-938c-7955db2daf2e",
        "wayfinding_type": "access_projection",
        "route_confirmed": true,
        "source": "col_50_cab_25",
        "sources": [
          "col_50_cab_25",
          "col_51_cab_02"
        ],
        "target": "path_065",
        "targets": [
          "path_065"
        ]
      }
    },
    {
      "id": "a0cf7497-68df-5e0d-a32f-ef887588551e",
      "type": "Feature",
      "feature_type": "navigation",
      "geometry": {
        "type": "Point",
        "coordinates": [
          -123.250244786008,
          49.263676529246
        ]
      },
      "properties": {
        "debug_id": "AP-1121",
        "alt_name": {
          "en": "nav_projection_cabinet_1121"
        },
        "level_id": "41d0e8ca-d315-4b25-938c-7955db2daf2e",
        "wayfinding_type": "access_projection",
        "route_confirmed": true,
        "source": "col_50_cab_24",
        "sources": [
          "col_50_cab_24",
          "col_51_cab_03"
        ],
        "target": "path_065",
        "targets": [
          "path_065"
        ]
      }
    },
    {
      "id": "12379c90-b29c-5bc8-a6d5-9a40844e1a2c",
      "type": "Feature",
      "feature_type": "navigation",
      "geometry": {
        "type": "Point",
        "coordinates": [
          -123.250239672186,
          49.263670111378
        ]
      },
      "properties": {
        "debug_id": "AP-1122",
        "alt_name": {
          "en": "nav_projection_cabinet_1122"
        },
        "level_id": "41d0e8ca-d315-4b25-938c-7955db2daf2e",
        "wayfinding_type": "access_projection",
        "route_confirmed": true,
        "source": "col_50_cab_23",
        "sources": [
          "col_50_cab_23",
          "col_51_cab_04"
        ],
        "target": "path_065",
        "targets": [
          "path_065"
        ]
      }
    },
    {
      "id": "e65d53a0-582d-51c4-871d-0bde5a4a2dd1",
      "type": "Feature",
      "feature_type": "navigation",
      "geometry": {
        "type": "Point",
        "coordinates": [
          -123.250234558345,
          49.263663693484
        ]
      },
      "properties": {
        "debug_id": "AP-1123",
        "alt_name": {
          "en": "nav_projection_cabinet_1123"
        },
        "level_id": "41d0e8ca-d315-4b25-938c-7955db2daf2e",
        "wayfinding_type": "access_projection",
        "route_confirmed": true,
        "source": "col_50_cab_22",
        "sources": [
          "col_50_cab_22",
          "col_51_cab_05"
        ],
        "target": "path_065",
        "targets": [
          "path_065"
        ]
      }
    },
    {
      "id": "9f0ca8b6-1258-5ceb-b524-d6b61dae145d",
      "type": "Feature",
      "feature_type": "navigation",
      "geometry": {
        "type": "Point",
        "coordinates": [
          -123.250229444515,
          49.263657275601
        ]
      },
      "properties": {
        "debug_id": "AP-1124",
        "alt_name": {
          "en": "nav_projection_cabinet_1124"
        },
        "level_id": "41d0e8ca-d315-4b25-938c-7955db2daf2e",
        "wayfinding_type": "access_projection",
        "route_confirmed": true,
        "source": "col_50_cab_21",
        "sources": [
          "col_50_cab_21",
          "col_51_cab_06"
        ],
        "target": "path_065",
        "targets": [
          "path_065"
        ]
      }
    },
    {
      "id": "bf0f34e4-fadd-5ed5-b3b0-956d8faaf4ed",
      "type": "Feature",
      "feature_type": "navigation",
      "geometry": {
        "type": "Point",
        "coordinates": [
          -123.250224330687,
          49.263650857718
        ]
      },
      "properties": {
        "debug_id": "AP-1125",
        "alt_name": {
          "en": "nav_projection_cabinet_1125"
        },
        "level_id": "41d0e8ca-d315-4b25-938c-7955db2daf2e",
        "wayfinding_type": "access_projection",
        "route_confirmed": true,
        "source": "col_50_cab_20",
        "sources": [
          "col_50_cab_20",
          "col_51_cab_07"
        ],
        "target": "path_065",
        "targets": [
          "path_065"
        ]
      }
    },
    {
      "id": "e8bab65c-5fbb-547a-b382-4a666f544c5c",
      "type": "Feature",
      "feature_type": "navigation",
      "geometry": {
        "type": "Point",
        "coordinates": [
          -123.250219216858,
          49.263644439833
        ]
      },
      "properties": {
        "debug_id": "AP-1126",
        "alt_name": {
          "en": "nav_projection_cabinet_1126"
        },
        "level_id": "41d0e8ca-d315-4b25-938c-7955db2daf2e",
        "wayfinding_type": "access_projection",
        "route_confirmed": true,
        "source": "col_50_cab_19",
        "sources": [
          "col_50_cab_19",
          "col_51_cab_08"
        ],
        "target": "path_065",
        "targets": [
          "path_065"
        ]
      }
    },
    {
      "id": "f82feaae-8511-5577-ade3-dd6fba6af0ae",
      "type": "Feature",
      "feature_type": "navigation",
      "geometry": {
        "type": "Point",
        "coordinates": [
          -123.250214103229,
          49.263638022197
        ]
      },
      "properties": {
        "debug_id": "AP-1127",
        "alt_name": {
          "en": "nav_projection_cabinet_1127"
        },
        "level_id": "41d0e8ca-d315-4b25-938c-7955db2daf2e",
        "wayfinding_type": "access_projection",
        "route_confirmed": true,
        "source": "col_50_cab_18",
        "sources": [
          "col_50_cab_18",
          "di_51_30_L1",
          "di_51_30_L2",
          "di_51_30_L3",
          "di_51_30_top"
        ],
        "target": "path_065",
        "targets": [
          "path_065"
        ]
      }
    },
    {
      "id": "9bb27f33-9f02-5e2f-8be1-71f22d58f068",
      "type": "Feature",
      "feature_type": "navigation",
      "geometry": {
        "type": "Point",
        "coordinates": [
          -123.250208940336,
          49.263631542734
        ]
      },
      "properties": {
        "debug_id": "AP-1128",
        "alt_name": {
          "en": "nav_projection_cabinet_1128"
        },
        "level_id": "41d0e8ca-d315-4b25-938c-7955db2daf2e",
        "wayfinding_type": "access_projection",
        "route_confirmed": true,
        "source": "col_50_cab_17",
        "sources": [
          "col_50_cab_17"
        ],
        "target": "path_065",
        "targets": [
          "path_065"
        ]
      }
    },
    {
      "id": "e173808e-d20d-582b-9f64-0d5cfb18da7c",
      "type": "Feature",
      "feature_type": "navigation",
      "geometry": {
        "type": "Point",
        "coordinates": [
          -123.25020382651,
          49.263625124847
        ]
      },
      "properties": {
        "debug_id": "AP-1129",
        "alt_name": {
          "en": "nav_projection_cabinet_1129"
        },
        "level_id": "41d0e8ca-d315-4b25-938c-7955db2daf2e",
        "wayfinding_type": "access_projection",
        "route_confirmed": true,
        "source": "col_50_cab_16",
        "sources": [
          "col_50_cab_16"
        ],
        "target": "path_065",
        "targets": [
          "path_065"
        ]
      }
    },
    {
      "id": "15f110b3-56bf-5e22-b19a-bffda8f33cde",
      "type": "Feature",
      "feature_type": "navigation",
      "geometry": {
        "type": "Point",
        "coordinates": [
          -123.250198712685,
          49.263618706959
        ]
      },
      "properties": {
        "debug_id": "AP-1130",
        "alt_name": {
          "en": "nav_projection_cabinet_1130"
        },
        "level_id": "41d0e8ca-d315-4b25-938c-7955db2daf2e",
        "wayfinding_type": "access_projection",
        "route_confirmed": true,
        "source": "col_50_cab_15",
        "sources": [
          "col_50_cab_15"
        ],
        "target": "path_196",
        "targets": [
          "path_196"
        ]
      }
    },
    {
      "id": "35c296a4-f44f-5e9f-b49f-84c9df944f24",
      "type": "Feature",
      "feature_type": "navigation",
      "geometry": {
        "type": "Point",
        "coordinates": [
          -123.250193598861,
          49.26361228907
        ]
      },
      "properties": {
        "debug_id": "AP-1131",
        "alt_name": {
          "en": "nav_projection_cabinet_1131"
        },
        "level_id": "41d0e8ca-d315-4b25-938c-7955db2daf2e",
        "wayfinding_type": "access_projection",
        "route_confirmed": true,
        "source": "col_50_cab_14",
        "sources": [
          "col_50_cab_14"
        ],
        "target": "path_196",
        "targets": [
          "path_196"
        ]
      }
    },
    {
      "id": "baaf84ce-11ec-521a-8711-598a0e37072e",
      "type": "Feature",
      "feature_type": "navigation",
      "geometry": {
        "type": "Point",
        "coordinates": [
          -123.250188485037,
          49.263605871181
        ]
      },
      "properties": {
        "debug_id": "AP-1132",
        "alt_name": {
          "en": "nav_projection_cabinet_1132"
        },
        "level_id": "41d0e8ca-d315-4b25-938c-7955db2daf2e",
        "wayfinding_type": "access_projection",
        "route_confirmed": true,
        "source": "col_50_cab_13",
        "sources": [
          "col_50_cab_13"
        ],
        "target": "path_196",
        "targets": [
          "path_196"
        ]
      }
    },
    {
      "id": "efb38ad6-3229-55ea-a820-eef2f84f835a",
      "type": "Feature",
      "feature_type": "navigation",
      "geometry": {
        "type": "Point",
        "coordinates": [
          -123.250183371215,
          49.263599453291
        ]
      },
      "properties": {
        "debug_id": "AP-1133",
        "alt_name": {
          "en": "nav_projection_cabinet_1133"
        },
        "level_id": "41d0e8ca-d315-4b25-938c-7955db2daf2e",
        "wayfinding_type": "access_projection",
        "route_confirmed": true,
        "source": "col_50_cab_12",
        "sources": [
          "col_50_cab_12"
        ],
        "target": "path_196",
        "targets": [
          "path_196"
        ]
      }
    },
    {
      "id": "a10a8442-0cdd-5e8c-b190-b57bb6191eb1",
      "type": "Feature",
      "feature_type": "navigation",
      "geometry": {
        "type": "Point",
        "coordinates": [
          -123.250178257393,
          49.263593035399
        ]
      },
      "properties": {
        "debug_id": "AP-1134",
        "alt_name": {
          "en": "nav_projection_cabinet_1134"
        },
        "level_id": "41d0e8ca-d315-4b25-938c-7955db2daf2e",
        "wayfinding_type": "access_projection",
        "route_confirmed": true,
        "source": "col_50_cab_11",
        "sources": [
          "col_50_cab_11"
        ],
        "target": "path_196",
        "targets": [
          "path_196"
        ]
      }
    },
    {
      "id": "58d2e0fc-e36e-593b-b305-2f99f84cea83",
      "type": "Feature",
      "feature_type": "navigation",
      "geometry": {
        "type": "Point",
        "coordinates": [
          -123.250173143572,
          49.263586617507
        ]
      },
      "properties": {
        "debug_id": "AP-1135",
        "alt_name": {
          "en": "nav_projection_cabinet_1135"
        },
        "level_id": "41d0e8ca-d315-4b25-938c-7955db2daf2e",
        "wayfinding_type": "access_projection",
        "route_confirmed": true,
        "source": "col_50_cab_10",
        "sources": [
          "col_50_cab_10"
        ],
        "target": "path_196",
        "targets": [
          "path_196"
        ]
      }
    },
    {
      "id": "f73487ae-0150-50d3-8462-610aa2e261c6",
      "type": "Feature",
      "feature_type": "navigation",
      "geometry": {
        "type": "Point",
        "coordinates": [
          -123.250168029752,
          49.263580199615
        ]
      },
      "properties": {
        "debug_id": "AP-1136",
        "alt_name": {
          "en": "nav_projection_cabinet_1136"
        },
        "level_id": "41d0e8ca-d315-4b25-938c-7955db2daf2e",
        "wayfinding_type": "access_projection",
        "route_confirmed": true,
        "source": "col_50_cab_09",
        "sources": [
          "col_50_cab_09"
        ],
        "target": "path_196",
        "targets": [
          "path_196"
        ]
      }
    },
    {
      "id": "426b5e0c-4136-53b7-a21a-dcc34ea8aae8",
      "type": "Feature",
      "feature_type": "navigation",
      "geometry": {
        "type": "Point",
        "coordinates": [
          -123.250162915933,
          49.263573781721
        ]
      },
      "properties": {
        "debug_id": "AP-1137",
        "alt_name": {
          "en": "nav_projection_cabinet_1137"
        },
        "level_id": "41d0e8ca-d315-4b25-938c-7955db2daf2e",
        "wayfinding_type": "access_projection",
        "route_confirmed": true,
        "source": "col_50_cab_08",
        "sources": [
          "col_50_cab_08"
        ],
        "target": "path_196",
        "targets": [
          "path_196"
        ]
      }
    },
    {
      "id": "565dbf0f-9538-5aff-a5b3-d2691ee1d3f7",
      "type": "Feature",
      "feature_type": "navigation",
      "geometry": {
        "type": "Point",
        "coordinates": [
          -123.250129911981,
          49.26353236139
        ]
      },
      "properties": {
        "debug_id": "AP-1138",
        "alt_name": {
          "en": "nav_projection_cabinet_1138"
        },
        "level_id": "41d0e8ca-d315-4b25-938c-7955db2daf2e",
        "wayfinding_type": "access_projection",
        "route_confirmed": true,
        "source": "col_50_cab_07",
        "sources": [
          "col_50_cab_07",
          "col_51_cab_20"
        ],
        "target": "path_195",
        "targets": [
          "path_195"
        ]
      }
    },
    {
      "id": "92a06cbb-a0cc-5589-875b-0b8aa231cfec",
      "type": "Feature",
      "feature_type": "navigation",
      "geometry": {
        "type": "Point",
        "coordinates": [
          -123.250124798168,
          49.263525943491
        ]
      },
      "properties": {
        "debug_id": "AP-1139",
        "alt_name": {
          "en": "nav_projection_cabinet_1139"
        },
        "level_id": "41d0e8ca-d315-4b25-938c-7955db2daf2e",
        "wayfinding_type": "access_projection",
        "route_confirmed": true,
        "source": "col_50_cab_06",
        "sources": [
          "col_50_cab_06",
          "col_51_cab_21"
        ],
        "target": "path_195",
        "targets": [
          "path_195"
        ]
      }
    },
    {
      "id": "970515a9-3775-5ba3-8a31-ff9d2e38507f",
      "type": "Feature",
      "feature_type": "navigation",
      "geometry": {
        "type": "Point",
        "coordinates": [
          -123.250119684357,
          49.26351952559
        ]
      },
      "properties": {
        "debug_id": "AP-1140",
        "alt_name": {
          "en": "nav_projection_cabinet_1140"
        },
        "level_id": "41d0e8ca-d315-4b25-938c-7955db2daf2e",
        "wayfinding_type": "access_projection",
        "route_confirmed": true,
        "source": "col_50_cab_05",
        "sources": [
          "col_50_cab_05",
          "col_51_cab_22"
        ],
        "target": "path_195",
        "targets": [
          "path_195"
        ]
      }
    },
    {
      "id": "78e7af34-89c8-5558-b962-0a88eafbc743",
      "type": "Feature",
      "feature_type": "navigation",
      "geometry": {
        "type": "Point",
        "coordinates": [
          -123.250114570555,
          49.263513107701
        ]
      },
      "properties": {
        "debug_id": "AP-1141",
        "alt_name": {
          "en": "nav_projection_cabinet_1141"
        },
        "level_id": "41d0e8ca-d315-4b25-938c-7955db2daf2e",
        "wayfinding_type": "access_projection",
        "route_confirmed": true,
        "source": "col_50_cab_04",
        "sources": [
          "col_50_cab_04",
          "col_51_cab_23"
        ],
        "target": "path_195",
        "targets": [
          "path_195"
        ]
      }
    },
    {
      "id": "bc743c8e-8f40-526e-9dba-b70ba5dcd798",
      "type": "Feature",
      "feature_type": "navigation",
      "geometry": {
        "type": "Point",
        "coordinates": [
          -123.250109456736,
          49.263506689787
        ]
      },
      "properties": {
        "debug_id": "AP-1142",
        "alt_name": {
          "en": "nav_projection_cabinet_1142"
        },
        "level_id": "41d0e8ca-d315-4b25-938c-7955db2daf2e",
        "wayfinding_type": "access_projection",
        "route_confirmed": true,
        "source": "col_50_cab_03",
        "sources": [
          "col_50_cab_03",
          "col_51_cab_24"
        ],
        "target": "path_195",
        "targets": [
          "path_195"
        ]
      }
    },
    {
      "id": "49b8bc5a-2f21-54bd-abed-81b36b0046cc",
      "type": "Feature",
      "feature_type": "navigation",
      "geometry": {
        "type": "Point",
        "coordinates": [
          -123.250104342927,
          49.263500271884
        ]
      },
      "properties": {
        "debug_id": "AP-1143",
        "alt_name": {
          "en": "nav_projection_cabinet_1143"
        },
        "level_id": "41d0e8ca-d315-4b25-938c-7955db2daf2e",
        "wayfinding_type": "access_projection",
        "route_confirmed": true,
        "source": "col_50_cab_02",
        "sources": [
          "col_50_cab_02",
          "col_51_cab_25"
        ],
        "target": "path_195",
        "targets": [
          "path_195"
        ]
      }
    },
    {
      "id": "5367f032-9a2c-5902-9a02-63eb686dc983",
      "type": "Feature",
      "feature_type": "navigation",
      "geometry": {
        "type": "Point",
        "coordinates": [
          -123.250099229118,
          49.263493853981
        ]
      },
      "properties": {
        "debug_id": "AP-1144",
        "alt_name": {
          "en": "nav_projection_cabinet_1144"
        },
        "level_id": "41d0e8ca-d315-4b25-938c-7955db2daf2e",
        "wayfinding_type": "access_projection",
        "route_confirmed": true,
        "source": "col_50_cab_01",
        "sources": [
          "col_50_cab_01",
          "lighting_up_the_cloud_sponge_and_its_resident_photo",
          "lingcod_in_a_crack_covered_with_zoanthid_polyps_photo",
          "col_51_cab_26"
        ],
        "target": "path_195",
        "targets": [
          "path_195"
        ]
      }
    },
    {
      "id": "e820da14-c84b-50d4-84e6-6c2c0bd3f3a4",
      "type": "Feature",
      "feature_type": "navigation",
      "geometry": {
        "type": "Point",
        "coordinates": [
          -123.250186212844,
          49.263603019559
        ]
      },
      "properties": {
        "debug_id": "AP-1153",
        "alt_name": {
          "en": "nav_projection_cabinet_1153"
        },
        "level_id": "41d0e8ca-d315-4b25-938c-7955db2daf2e",
        "wayfinding_type": "access_projection",
        "route_confirmed": true,
        "source": "col_51_cab_09",
        "sources": [
          "col_51_cab_09"
        ],
        "target": "path_196",
        "targets": [
          "path_196"
        ]
      }
    },
    {
      "id": "4927de29-fd1b-594c-8583-39bc5aadf279",
      "type": "Feature",
      "feature_type": "navigation",
      "geometry": {
        "type": "Point",
        "coordinates": [
          -123.250181099022,
          49.263596601669
        ]
      },
      "properties": {
        "debug_id": "AP-1154",
        "alt_name": {
          "en": "nav_projection_cabinet_1154"
        },
        "level_id": "41d0e8ca-d315-4b25-938c-7955db2daf2e",
        "wayfinding_type": "access_projection",
        "route_confirmed": true,
        "source": "col_51_cab_10",
        "sources": [
          "col_51_cab_10"
        ],
        "target": "path_196",
        "targets": [
          "path_196"
        ]
      }
    },
    {
      "id": "ba9baab3-45c5-558d-a541-797f7d5d06a7",
      "type": "Feature",
      "feature_type": "navigation",
      "geometry": {
        "type": "Point",
        "coordinates": [
          -123.250175985201,
          49.263590183778
        ]
      },
      "properties": {
        "debug_id": "AP-1155",
        "alt_name": {
          "en": "nav_projection_cabinet_1155"
        },
        "level_id": "41d0e8ca-d315-4b25-938c-7955db2daf2e",
        "wayfinding_type": "access_projection",
        "route_confirmed": true,
        "source": "col_51_cab_11",
        "sources": [
          "col_51_cab_11"
        ],
        "target": "path_196",
        "targets": [
          "path_196"
        ]
      }
    },
    {
      "id": "63b76506-be62-5fb0-85c1-4d3293cd199a",
      "type": "Feature",
      "feature_type": "navigation",
      "geometry": {
        "type": "Point",
        "coordinates": [
          -123.250170871381,
          49.263583765887
        ]
      },
      "properties": {
        "debug_id": "AP-1156",
        "alt_name": {
          "en": "nav_projection_cabinet_1156"
        },
        "level_id": "41d0e8ca-d315-4b25-938c-7955db2daf2e",
        "wayfinding_type": "access_projection",
        "route_confirmed": true,
        "source": "col_51_cab_12",
        "sources": [
          "col_51_cab_12"
        ],
        "target": "path_196",
        "targets": [
          "path_196"
        ]
      }
    },
    {
      "id": "19868420-52a4-51b4-8405-4667154a3414",
      "type": "Feature",
      "feature_type": "navigation",
      "geometry": {
        "type": "Point",
        "coordinates": [
          -123.250165757562,
          49.263577347994
        ]
      },
      "properties": {
        "debug_id": "AP-1157",
        "alt_name": {
          "en": "nav_projection_cabinet_1157"
        },
        "level_id": "41d0e8ca-d315-4b25-938c-7955db2daf2e",
        "wayfinding_type": "access_projection",
        "route_confirmed": true,
        "source": "col_51_cab_13",
        "sources": [
          "col_51_cab_13"
        ],
        "target": "path_196",
        "targets": [
          "path_196"
        ]
      }
    },
    {
      "id": "86451a2f-aedc-5701-8e6a-d52517091ffc",
      "type": "Feature",
      "feature_type": "navigation",
      "geometry": {
        "type": "Point",
        "coordinates": [
          -123.250160643744,
          49.263570930101
        ]
      },
      "properties": {
        "debug_id": "AP-1158",
        "alt_name": {
          "en": "nav_projection_cabinet_1158"
        },
        "level_id": "41d0e8ca-d315-4b25-938c-7955db2daf2e",
        "wayfinding_type": "access_projection",
        "route_confirmed": true,
        "source": "col_51_cab_14",
        "sources": [
          "col_51_cab_14"
        ],
        "target": "path_196",
        "targets": [
          "path_196"
        ]
      }
    },
    {
      "id": "6cb3a1d2-8fb3-52d5-a59b-f74bef01cb14",
      "type": "Feature",
      "feature_type": "navigation",
      "geometry": {
        "type": "Point",
        "coordinates": [
          -123.250155529926,
          49.263564512207
        ]
      },
      "properties": {
        "debug_id": "AP-1159",
        "alt_name": {
          "en": "nav_projection_cabinet_1159"
        },
        "level_id": "41d0e8ca-d315-4b25-938c-7955db2daf2e",
        "wayfinding_type": "access_projection",
        "route_confirmed": true,
        "source": "col_51_cab_15",
        "sources": [
          "col_51_cab_15"
        ],
        "target": "path_196",
        "targets": [
          "path_196"
        ]
      }
    },
    {
      "id": "ae97ce95-b871-57a8-b734-612c85f3bb42",
      "type": "Feature",
      "feature_type": "navigation",
      "geometry": {
        "type": "Point",
        "coordinates": [
          -123.25015041611,
          49.263558094312
        ]
      },
      "properties": {
        "debug_id": "AP-1160",
        "alt_name": {
          "en": "nav_projection_cabinet_1160"
        },
        "level_id": "41d0e8ca-d315-4b25-938c-7955db2daf2e",
        "wayfinding_type": "access_projection",
        "route_confirmed": true,
        "source": "col_51_cab_16",
        "sources": [
          "col_51_cab_16"
        ],
        "target": "path_196",
        "targets": [
          "path_196"
        ]
      }
    },
    {
      "id": "1542bc0d-4f80-5a42-9efd-e7b07068e208",
      "type": "Feature",
      "feature_type": "navigation",
      "geometry": {
        "type": "Point",
        "coordinates": [
          -123.250145302294,
          49.263551676416
        ]
      },
      "properties": {
        "debug_id": "AP-1161",
        "alt_name": {
          "en": "nav_projection_cabinet_1161"
        },
        "level_id": "41d0e8ca-d315-4b25-938c-7955db2daf2e",
        "wayfinding_type": "access_projection",
        "route_confirmed": true,
        "source": "col_51_cab_17",
        "sources": [
          "col_51_cab_17"
        ],
        "target": "path_195",
        "targets": [
          "path_195"
        ]
      }
    },
    {
      "id": "24eeb59f-fe86-5eba-945c-dde38f42bb7d",
      "type": "Feature",
      "feature_type": "navigation",
      "geometry": {
        "type": "Point",
        "coordinates": [
          -123.250140188479,
          49.263545258519
        ]
      },
      "properties": {
        "debug_id": "AP-1162",
        "alt_name": {
          "en": "nav_projection_cabinet_1162"
        },
        "level_id": "41d0e8ca-d315-4b25-938c-7955db2daf2e",
        "wayfinding_type": "access_projection",
        "route_confirmed": true,
        "source": "col_51_cab_18",
        "sources": [
          "col_51_cab_18"
        ],
        "target": "path_195",
        "targets": [
          "path_195"
        ]
      }
    },
    {
      "id": "638a86a7-8be7-55fa-a0db-428b87258c36",
      "type": "Feature",
      "feature_type": "navigation",
      "geometry": {
        "type": "Point",
        "coordinates": [
          -123.250135074665,
          49.263538840622
        ]
      },
      "properties": {
        "debug_id": "AP-1163",
        "alt_name": {
          "en": "nav_projection_cabinet_1163"
        },
        "level_id": "41d0e8ca-d315-4b25-938c-7955db2daf2e",
        "wayfinding_type": "access_projection",
        "route_confirmed": true,
        "source": "col_51_cab_19",
        "sources": [
          "col_51_cab_19"
        ],
        "target": "path_195",
        "targets": [
          "path_195"
        ]
      }
    },
    {
      "id": "da4a7466-e5c6-5c8d-aceb-52e18f398e1c",
      "type": "Feature",
      "feature_type": "navigation",
      "geometry": {
        "type": "Point",
        "coordinates": [
          -123.250218033502,
          49.263702117606
        ]
      },
      "properties": {
        "debug_id": "AP-1171",
        "alt_name": {
          "en": "nav_projection_cabinet_1171"
        },
        "level_id": "41d0e8ca-d315-4b25-938c-7955db2daf2e",
        "wayfinding_type": "access_projection",
        "route_confirmed": true,
        "source": "col_52_cab_26",
        "sources": [
          "col_52_cab_26",
          "stumpy_information_plaque",
          "stumpy"
        ],
        "target": "path_066",
        "targets": [
          "path_066"
        ]
      }
    },
    {
      "id": "7df3bd01-ecf4-5b69-b336-f6d8abfb62fc",
      "type": "Feature",
      "feature_type": "navigation",
      "geometry": {
        "type": "Point",
        "coordinates": [
          -123.250212919673,
          49.263695699726
        ]
      },
      "properties": {
        "debug_id": "AP-1172",
        "alt_name": {
          "en": "nav_projection_cabinet_1172"
        },
        "level_id": "41d0e8ca-d315-4b25-938c-7955db2daf2e",
        "wayfinding_type": "access_projection",
        "route_confirmed": true,
        "source": "col_52_cab_25",
        "sources": [
          "col_52_cab_25"
        ],
        "target": "path_066",
        "targets": [
          "path_066"
        ]
      }
    },
    {
      "id": "ea787412-2d9b-5126-b4de-4c80f521a578",
      "type": "Feature",
      "feature_type": "navigation",
      "geometry": {
        "type": "Point",
        "coordinates": [
          -123.250207805844,
          49.263689281845
        ]
      },
      "properties": {
        "debug_id": "AP-1173",
        "alt_name": {
          "en": "nav_projection_cabinet_1173"
        },
        "level_id": "41d0e8ca-d315-4b25-938c-7955db2daf2e",
        "wayfinding_type": "access_projection",
        "route_confirmed": true,
        "source": "col_52_cab_24",
        "sources": [
          "col_52_cab_24"
        ],
        "target": "path_066",
        "targets": [
          "path_066"
        ]
      }
    },
    {
      "id": "4c75b747-4539-5429-87ac-4058e876c54d",
      "type": "Feature",
      "feature_type": "navigation",
      "geometry": {
        "type": "Point",
        "coordinates": [
          -123.250202692016,
          49.263682863963
        ]
      },
      "properties": {
        "debug_id": "AP-1174",
        "alt_name": {
          "en": "nav_projection_cabinet_1174"
        },
        "level_id": "41d0e8ca-d315-4b25-938c-7955db2daf2e",
        "wayfinding_type": "access_projection",
        "route_confirmed": true,
        "source": "col_52_cab_23",
        "sources": [
          "col_52_cab_23"
        ],
        "target": "path_066",
        "targets": [
          "path_066"
        ]
      }
    },
    {
      "id": "f336cb79-8f7e-5544-91f1-ecee2f73464a",
      "type": "Feature",
      "feature_type": "navigation",
      "geometry": {
        "type": "Point",
        "coordinates": [
          -123.250197578189,
          49.26367644608
        ]
      },
      "properties": {
        "debug_id": "AP-1175",
        "alt_name": {
          "en": "nav_projection_cabinet_1175"
        },
        "level_id": "41d0e8ca-d315-4b25-938c-7955db2daf2e",
        "wayfinding_type": "access_projection",
        "route_confirmed": true,
        "source": "col_52_cab_22",
        "sources": [
          "col_52_cab_22",
          "footprints_in_time_interactive_display"
        ],
        "target": "path_066",
        "targets": [
          "path_066"
        ]
      }
    },
    {
      "id": "e6bf9f81-cae0-5e57-bc1b-ea8db56b821d",
      "type": "Feature",
      "feature_type": "navigation",
      "geometry": {
        "type": "Point",
        "coordinates": [
          -123.250192464363,
          49.263670028197
        ]
      },
      "properties": {
        "debug_id": "AP-1176",
        "alt_name": {
          "en": "nav_projection_cabinet_1176"
        },
        "level_id": "41d0e8ca-d315-4b25-938c-7955db2daf2e",
        "wayfinding_type": "access_projection",
        "route_confirmed": true,
        "source": "col_52_cab_21",
        "sources": [
          "col_52_cab_21"
        ],
        "target": "path_066",
        "targets": [
          "path_066"
        ]
      }
    },
    {
      "id": "d34e7325-5d88-50fa-acf4-f0879be201c7",
      "type": "Feature",
      "feature_type": "navigation",
      "geometry": {
        "type": "Point",
        "coordinates": [
          -123.250187350538,
          49.263663610312
        ]
      },
      "properties": {
        "debug_id": "AP-1177",
        "alt_name": {
          "en": "nav_projection_cabinet_1177"
        },
        "level_id": "41d0e8ca-d315-4b25-938c-7955db2daf2e",
        "wayfinding_type": "access_projection",
        "route_confirmed": true,
        "source": "col_52_cab_20",
        "sources": [
          "col_52_cab_20"
        ],
        "target": "path_066",
        "targets": [
          "path_066"
        ]
      }
    },
    {
      "id": "6ba4156a-9e99-5791-b1c7-e53ff7380410",
      "type": "Feature",
      "feature_type": "navigation",
      "geometry": {
        "type": "Point",
        "coordinates": [
          -123.250182236713,
          49.263657192427
        ]
      },
      "properties": {
        "debug_id": "AP-1178",
        "alt_name": {
          "en": "nav_projection_cabinet_1178"
        },
        "level_id": "41d0e8ca-d315-4b25-938c-7955db2daf2e",
        "wayfinding_type": "access_projection",
        "route_confirmed": true,
        "source": "col_52_cab_19",
        "sources": [
          "col_52_cab_19"
        ],
        "target": "path_066",
        "targets": [
          "path_066"
        ]
      }
    },
    {
      "id": "22705285-e6ba-505f-9994-d42d38cd6f59",
      "type": "Feature",
      "feature_type": "navigation",
      "geometry": {
        "type": "Point",
        "coordinates": [
          -123.250149183856,
          49.263615710816
        ]
      },
      "properties": {
        "debug_id": "AP-1179",
        "alt_name": {
          "en": "nav_projection_cabinet_1179"
        },
        "level_id": "41d0e8ca-d315-4b25-938c-7955db2daf2e",
        "wayfinding_type": "access_projection",
        "route_confirmed": true,
        "source": "col_52_cab_18",
        "sources": [
          "col_52_cab_18"
        ],
        "target": "path_068",
        "targets": [
          "path_068"
        ]
      }
    },
    {
      "id": "b47e4336-23a4-5cae-8ddc-3314b76d0590",
      "type": "Feature",
      "feature_type": "navigation",
      "geometry": {
        "type": "Point",
        "coordinates": [
          -123.250144070038,
          49.263609292924
        ]
      },
      "properties": {
        "debug_id": "AP-1180",
        "alt_name": {
          "en": "nav_projection_cabinet_1180"
        },
        "level_id": "41d0e8ca-d315-4b25-938c-7955db2daf2e",
        "wayfinding_type": "access_projection",
        "route_confirmed": true,
        "source": "col_52_cab_17",
        "sources": [
          "col_52_cab_17"
        ],
        "target": "path_068",
        "targets": [
          "path_068"
        ]
      }
    },
    {
      "id": "a5a51759-45e1-5a95-8c97-a19a6cbed7ed",
      "type": "Feature",
      "feature_type": "navigation",
      "geometry": {
        "type": "Point",
        "coordinates": [
          -123.250138956221,
          49.263602875032
        ]
      },
      "properties": {
        "debug_id": "AP-1181",
        "alt_name": {
          "en": "nav_projection_cabinet_1181"
        },
        "level_id": "41d0e8ca-d315-4b25-938c-7955db2daf2e",
        "wayfinding_type": "access_projection",
        "route_confirmed": true,
        "source": "col_52_cab_16",
        "sources": [
          "col_52_cab_16"
        ],
        "target": "path_068",
        "targets": [
          "path_068"
        ]
      }
    },
    {
      "id": "663efdd5-54a6-5624-89a8-496443ddfcbf",
      "type": "Feature",
      "feature_type": "navigation",
      "geometry": {
        "type": "Point",
        "coordinates": [
          -123.250133842405,
          49.263596457139
        ]
      },
      "properties": {
        "debug_id": "AP-1182",
        "alt_name": {
          "en": "nav_projection_cabinet_1182"
        },
        "level_id": "41d0e8ca-d315-4b25-938c-7955db2daf2e",
        "wayfinding_type": "access_projection",
        "route_confirmed": true,
        "source": "col_52_cab_15",
        "sources": [
          "col_52_cab_15"
        ],
        "target": "path_068",
        "targets": [
          "path_068"
        ]
      }
    },
    {
      "id": "f091a94e-85d1-5fed-96d0-289ca1e7cfd2",
      "type": "Feature",
      "feature_type": "navigation",
      "geometry": {
        "type": "Point",
        "coordinates": [
          -123.250128728589,
          49.263590039245
        ]
      },
      "properties": {
        "debug_id": "AP-1183",
        "alt_name": {
          "en": "nav_projection_cabinet_1183"
        },
        "level_id": "41d0e8ca-d315-4b25-938c-7955db2daf2e",
        "wayfinding_type": "access_projection",
        "route_confirmed": true,
        "source": "col_52_cab_14",
        "sources": [
          "col_52_cab_14"
        ],
        "target": "path_068",
        "targets": [
          "path_068"
        ]
      }
    },
    {
      "id": "8d191e02-0cfb-5599-8a18-5fdf34d4700b",
      "type": "Feature",
      "feature_type": "navigation",
      "geometry": {
        "type": "Point",
        "coordinates": [
          -123.250123614775,
          49.26358362135
        ]
      },
      "properties": {
        "debug_id": "AP-1184",
        "alt_name": {
          "en": "nav_projection_cabinet_1184"
        },
        "level_id": "41d0e8ca-d315-4b25-938c-7955db2daf2e",
        "wayfinding_type": "access_projection",
        "route_confirmed": true,
        "source": "col_52_cab_13",
        "sources": [
          "col_52_cab_13"
        ],
        "target": "path_068",
        "targets": [
          "path_068"
        ]
      }
    },
    {
      "id": "84149cfb-8602-5667-a6a4-7625dd656b78",
      "type": "Feature",
      "feature_type": "navigation",
      "geometry": {
        "type": "Point",
        "coordinates": [
          -123.250118500961,
          49.263577203455
        ]
      },
      "properties": {
        "debug_id": "AP-1185",
        "alt_name": {
          "en": "nav_projection_cabinet_1185"
        },
        "level_id": "41d0e8ca-d315-4b25-938c-7955db2daf2e",
        "wayfinding_type": "access_projection",
        "route_confirmed": true,
        "source": "col_52_cab_12",
        "sources": [
          "col_52_cab_12"
        ],
        "target": "path_068",
        "targets": [
          "path_068"
        ]
      }
    },
    {
      "id": "9b86ed3f-7496-5e42-a77d-e054763817b2",
      "type": "Feature",
      "feature_type": "navigation",
      "geometry": {
        "type": "Point",
        "coordinates": [
          -123.250113387148,
          49.263570785559
        ]
      },
      "properties": {
        "debug_id": "AP-1186",
        "alt_name": {
          "en": "nav_projection_cabinet_1186"
        },
        "level_id": "41d0e8ca-d315-4b25-938c-7955db2daf2e",
        "wayfinding_type": "access_projection",
        "route_confirmed": true,
        "source": "col_52_cab_11",
        "sources": [
          "col_52_cab_11"
        ],
        "target": "path_068",
        "targets": [
          "path_068"
        ]
      }
    },
    {
      "id": "bbd6d939-b3e1-55db-8e58-864914c091bc",
      "type": "Feature",
      "feature_type": "navigation",
      "geometry": {
        "type": "Point",
        "coordinates": [
          -123.250108273336,
          49.263564367661
        ]
      },
      "properties": {
        "debug_id": "AP-1187",
        "alt_name": {
          "en": "nav_projection_cabinet_1187"
        },
        "level_id": "41d0e8ca-d315-4b25-938c-7955db2daf2e",
        "wayfinding_type": "access_projection",
        "route_confirmed": true,
        "source": "col_52_cab_10",
        "sources": [
          "col_52_cab_10"
        ],
        "target": "path_068",
        "targets": [
          "path_068"
        ]
      }
    },
    {
      "id": "22e5f990-e946-563b-84c7-94cc7ba4514d",
      "type": "Feature",
      "feature_type": "navigation",
      "geometry": {
        "type": "Point",
        "coordinates": [
          -123.250103159525,
          49.263557949763
        ]
      },
      "properties": {
        "debug_id": "AP-1188",
        "alt_name": {
          "en": "nav_projection_cabinet_1188"
        },
        "level_id": "41d0e8ca-d315-4b25-938c-7955db2daf2e",
        "wayfinding_type": "access_projection",
        "route_confirmed": true,
        "source": "col_52_cab_09",
        "sources": [
          "col_52_cab_09"
        ],
        "target": "path_068",
        "targets": [
          "path_068"
        ]
      }
    },
    {
      "id": "ea1881f5-664c-5846-9aa3-3486bbb08d8c",
      "type": "Feature",
      "feature_type": "navigation",
      "geometry": {
        "type": "Point",
        "coordinates": [
          -123.250098045715,
          49.263551531864
        ]
      },
      "properties": {
        "debug_id": "AP-1189",
        "alt_name": {
          "en": "nav_projection_cabinet_1189"
        },
        "level_id": "41d0e8ca-d315-4b25-938c-7955db2daf2e",
        "wayfinding_type": "access_projection",
        "route_confirmed": true,
        "source": "col_52_cab_08",
        "sources": [
          "col_52_cab_08"
        ],
        "target": "path_068",
        "targets": [
          "path_068"
        ]
      }
    },
    {
      "id": "c8d52513-b986-5f71-b8a8-8a4868fcc883",
      "type": "Feature",
      "feature_type": "navigation",
      "geometry": {
        "type": "Point",
        "coordinates": [
          -123.250092931905,
          49.263545113965
        ]
      },
      "properties": {
        "debug_id": "AP-1190",
        "alt_name": {
          "en": "nav_projection_cabinet_1190"
        },
        "level_id": "41d0e8ca-d315-4b25-938c-7955db2daf2e",
        "wayfinding_type": "access_projection",
        "route_confirmed": true,
        "source": "col_52_cab_07",
        "sources": [
          "col_52_cab_07",
          "pacific_salmon_ecology_and_conservation_laboratory_poster"
        ],
        "target": "path_068",
        "targets": [
          "path_068"
        ]
      }
    },
    {
      "id": "b46ee006-4372-56e0-89b8-866c06bdf6c7",
      "type": "Feature",
      "feature_type": "navigation",
      "geometry": {
        "type": "Point",
        "coordinates": [
          -123.250087818096,
          49.263538696064
        ]
      },
      "properties": {
        "debug_id": "AP-1191",
        "alt_name": {
          "en": "nav_projection_cabinet_1191"
        },
        "level_id": "41d0e8ca-d315-4b25-938c-7955db2daf2e",
        "wayfinding_type": "access_projection",
        "route_confirmed": true,
        "source": "col_52_cab_06",
        "sources": [
          "col_52_cab_06"
        ],
        "target": "path_068",
        "targets": [
          "path_068"
        ]
      }
    },
    {
      "id": "bdd3f9f4-635f-5e4c-90c3-c4b53b003db1",
      "type": "Feature",
      "feature_type": "navigation",
      "geometry": {
        "type": "Point",
        "coordinates": [
          -123.250082704289,
          49.263532278163
        ]
      },
      "properties": {
        "debug_id": "AP-1192",
        "alt_name": {
          "en": "nav_projection_cabinet_1192"
        },
        "level_id": "41d0e8ca-d315-4b25-938c-7955db2daf2e",
        "wayfinding_type": "access_projection",
        "route_confirmed": true,
        "source": "col_52_cab_05",
        "sources": [
          "col_52_cab_05",
          "aquaculture_and_climate_change_lab_poster"
        ],
        "target": "path_068",
        "targets": [
          "path_068"
        ]
      }
    },
    {
      "id": "963ded10-e102-5bd8-82bd-5aed3b073d11",
      "type": "Feature",
      "feature_type": "navigation",
      "geometry": {
        "type": "Point",
        "coordinates": [
          -123.250077590482,
          49.263525860261
        ]
      },
      "properties": {
        "debug_id": "AP-1193",
        "alt_name": {
          "en": "nav_projection_cabinet_1193"
        },
        "level_id": "41d0e8ca-d315-4b25-938c-7955db2daf2e",
        "wayfinding_type": "access_projection",
        "route_confirmed": true,
        "source": "col_52_cab_04",
        "sources": [
          "col_52_cab_04",
          "pelagic_ecosystems_lab_poster"
        ],
        "target": "path_068",
        "targets": [
          "path_068"
        ]
      }
    },
    {
      "id": "61b19bbd-30c0-5964-9c55-00984a2170cb",
      "type": "Feature",
      "feature_type": "navigation",
      "geometry": {
        "type": "Point",
        "coordinates": [
          -123.250072476676,
          49.263519442358
        ]
      },
      "properties": {
        "debug_id": "AP-1194",
        "alt_name": {
          "en": "nav_projection_cabinet_1194"
        },
        "level_id": "41d0e8ca-d315-4b25-938c-7955db2daf2e",
        "wayfinding_type": "access_projection",
        "route_confirmed": true,
        "source": "col_52_cab_03",
        "sources": [
          "col_52_cab_03"
        ],
        "target": "path_068",
        "targets": [
          "path_068"
        ]
      }
    },
    {
      "id": "7bf9ced2-6565-54ca-9a8e-8c8445ef5acc",
      "type": "Feature",
      "feature_type": "navigation",
      "geometry": {
        "type": "Point",
        "coordinates": [
          -123.250067362871,
          49.263513024454
        ]
      },
      "properties": {
        "debug_id": "AP-1195",
        "alt_name": {
          "en": "nav_projection_cabinet_1195"
        },
        "level_id": "41d0e8ca-d315-4b25-938c-7955db2daf2e",
        "wayfinding_type": "access_projection",
        "route_confirmed": true,
        "source": "col_52_cab_02",
        "sources": [
          "col_52_cab_02",
          "colin_brauner_s_lab_poster"
        ],
        "target": "path_068",
        "targets": [
          "path_068"
        ]
      }
    },
    {
      "id": "aa3beb12-143b-50a0-baea-ff06dfd3dd7e",
      "type": "Feature",
      "feature_type": "navigation",
      "geometry": {
        "type": "Point",
        "coordinates": [
          -123.250062249066,
          49.263506606549
        ]
      },
      "properties": {
        "debug_id": "AP-1196",
        "alt_name": {
          "en": "nav_projection_cabinet_1196"
        },
        "level_id": "41d0e8ca-d315-4b25-938c-7955db2daf2e",
        "wayfinding_type": "access_projection",
        "route_confirmed": true,
        "source": "col_52_cab_01",
        "sources": [
          "col_52_cab_01",
          "projector_display",
          "beneath_the_emerald_green_waves_photograph"
        ],
        "target": "path_068",
        "targets": [
          "path_068"
        ]
      }
    },
    {
      "id": "ab337b5b-24f6-57d5-b2af-6f5a83697a8f",
      "type": "Feature",
      "feature_type": "navigation",
      "geometry": {
        "type": "Point",
        "coordinates": [
          -123.250899641506,
          49.263338203226
        ]
      },
      "properties": {
        "debug_id": "AP-1199",
        "alt_name": {
          "en": "nav_projection_drawer_set_1199"
        },
        "level_id": "41d0e8ca-d315-4b25-938c-7955db2daf2e",
        "wayfinding_type": "access_projection",
        "route_confirmed": true,
        "source": "di_05_03_L1",
        "sources": [
          "di_05_03_L1",
          "di_05_03_L2",
          "di_05_03_L3",
          "di_05_03_top"
        ],
        "target": "path_073",
        "targets": [
          "path_073"
        ]
      }
    },
    {
      "id": "1ab64961-a487-5019-bca6-efc0fef42f39",
      "type": "Feature",
      "feature_type": "navigation",
      "geometry": {
        "type": "Point",
        "coordinates": [
          -123.250874440597,
          49.263363213469
        ]
      },
      "properties": {
        "debug_id": "AP-1200",
        "alt_name": {
          "en": "nav_projection_drawer_set_1200"
        },
        "level_id": "41d0e8ca-d315-4b25-938c-7955db2daf2e",
        "wayfinding_type": "access_projection",
        "route_confirmed": true,
        "source": "di_06_01_L1",
        "sources": [
          "di_06_01_L1",
          "di_06_01_L2",
          "di_06_01_L3",
          "di_06_01_top"
        ],
        "target": "path_079",
        "targets": [
          "path_079"
        ]
      }
    },
    {
      "id": "56128634-c3e4-58d8-b084-a1ee4dab2411",
      "type": "Feature",
      "feature_type": "navigation",
      "geometry": {
        "type": "Point",
        "coordinates": [
          -123.250869306419,
          49.263356770143
        ]
      },
      "properties": {
        "debug_id": "AP-1201",
        "alt_name": {
          "en": "nav_projection_drawer_set_1201"
        },
        "level_id": "41d0e8ca-d315-4b25-938c-7955db2daf2e",
        "wayfinding_type": "access_projection",
        "route_confirmed": true,
        "source": "di_06_02_L1",
        "sources": [
          "di_06_02_L1",
          "di_06_02_L2",
          "di_06_02_L3",
          "di_06_02_top"
        ],
        "target": "path_079",
        "targets": [
          "path_079"
        ]
      }
    },
    {
      "id": "86335cb4-bc26-501b-86ec-f34c3d8dd20e",
      "type": "Feature",
      "feature_type": "navigation",
      "geometry": {
        "type": "Point",
        "coordinates": [
          -123.250864193644,
          49.263350353676
        ]
      },
      "properties": {
        "debug_id": "AP-1202",
        "alt_name": {
          "en": "nav_projection_drawer_set_1202"
        },
        "level_id": "41d0e8ca-d315-4b25-938c-7955db2daf2e",
        "wayfinding_type": "access_projection",
        "route_confirmed": true,
        "source": "di_06_03_L1",
        "sources": [
          "di_06_03_L1",
          "di_06_03_L2",
          "di_06_03_L3",
          "di_06_03_top"
        ],
        "target": "path_079",
        "targets": [
          "path_079"
        ]
      }
    },
    {
      "id": "84feeccb-42f3-5096-985a-f1fcfc53a65b",
      "type": "Feature",
      "feature_type": "navigation",
      "geometry": {
        "type": "Point",
        "coordinates": [
          -123.25079246788,
          49.263354879862
        ]
      },
      "properties": {
        "debug_id": "AP-1203",
        "alt_name": {
          "en": "nav_projection_drawer_set_1203"
        },
        "level_id": "41d0e8ca-d315-4b25-938c-7955db2daf2e",
        "wayfinding_type": "access_projection",
        "route_confirmed": true,
        "source": "di_11_04_L1",
        "sources": [
          "di_11_04_L1",
          "di_11_04_L2",
          "di_11_04_L3",
          "di_11_04_top"
        ],
        "target": "path_086",
        "targets": [
          "path_086"
        ]
      }
    },
    {
      "id": "94dab796-ed26-5a15-97d4-729fb7f1e467",
      "type": "Feature",
      "feature_type": "navigation",
      "geometry": {
        "type": "Point",
        "coordinates": [
          -123.25076964236,
          49.26332623404
        ]
      },
      "properties": {
        "debug_id": "AP-1204",
        "alt_name": {
          "en": "nav_projection_drawer_set_1204"
        },
        "level_id": "41d0e8ca-d315-4b25-938c-7955db2daf2e",
        "wayfinding_type": "access_projection",
        "route_confirmed": true,
        "source": "di_11_05_L1",
        "sources": [
          "di_11_05_L1",
          "di_11_05_L2",
          "di_11_05_L3",
          "di_11_05_top"
        ],
        "target": "path_088",
        "targets": [
          "path_088"
        ]
      }
    },
    {
      "id": "2d77cd74-6f20-5b5c-8815-a79aa0440a2c",
      "type": "Feature",
      "feature_type": "navigation",
      "geometry": {
        "type": "Point",
        "coordinates": [
          -123.25076098134,
          49.263365668066
        ]
      },
      "properties": {
        "debug_id": "AP-1205",
        "alt_name": {
          "en": "nav_projection_drawer_set_1205"
        },
        "level_id": "41d0e8ca-d315-4b25-938c-7955db2daf2e",
        "wayfinding_type": "access_projection",
        "route_confirmed": true,
        "source": "di_12_04_L1",
        "sources": [
          "di_12_04_L1",
          "di_12_04_L2",
          "di_12_04_L3",
          "di_12_04_top"
        ],
        "target": "path_089",
        "targets": [
          "path_089"
        ]
      }
    },
    {
      "id": "7f1433cd-7544-5c73-a5c1-02b8afaef690",
      "type": "Feature",
      "feature_type": "navigation",
      "geometry": {
        "type": "Point",
        "coordinates": [
          -123.250774624347,
          49.263483890928
        ]
      },
      "properties": {
        "debug_id": "AP-1209",
        "alt_name": {
          "en": "nav_projection_drawer_set_1209"
        },
        "level_id": "41d0e8ca-d315-4b25-938c-7955db2daf2e",
        "wayfinding_type": "access_projection",
        "route_confirmed": true,
        "source": "di_16_06_L1",
        "sources": [
          "di_16_06_L1",
          "di_16_06_L2",
          "di_16_06_L3",
          "di_16_06_top"
        ],
        "target": "path_097",
        "targets": [
          "path_097"
        ]
      }
    },
    {
      "id": "e4a6cb04-c445-5230-8c89-24a2b645ffa9",
      "type": "Feature",
      "feature_type": "navigation",
      "geometry": {
        "type": "Point",
        "coordinates": [
          -123.250649521188,
          49.263326887444
        ]
      },
      "properties": {
        "debug_id": "AP-1210",
        "alt_name": {
          "en": "nav_projection_drawer_set_1210"
        },
        "level_id": "41d0e8ca-d315-4b25-938c-7955db2daf2e",
        "wayfinding_type": "access_projection",
        "route_confirmed": true,
        "source": "di_16_07_L1",
        "sources": [
          "di_16_07_L1",
          "di_16_07_L2",
          "di_16_07_L3",
          "di_16_07_top"
        ],
        "target": "path_106",
        "targets": [
          "path_106"
        ]
      }
    },
    {
      "id": "7e5e5fe3-4970-586c-89e8-1d81bbe2d3da",
      "type": "Feature",
      "feature_type": "navigation",
      "geometry": {
        "type": "Point",
        "coordinates": [
          -123.250723669796,
          49.263419943503
        ]
      },
      "properties": {
        "debug_id": "AP-1211",
        "alt_name": {
          "en": "nav_projection_drawer_set_1211"
        },
        "level_id": "41d0e8ca-d315-4b25-938c-7955db2daf2e",
        "wayfinding_type": "access_projection",
        "route_confirmed": true,
        "source": "di_17_08_L1",
        "sources": [
          "di_17_08_L1",
          "di_17_08_L2",
          "di_17_08_L3",
          "di_17_08_top"
        ],
        "target": "path_099",
        "targets": [
          "path_099"
        ]
      }
    },
    {
      "id": "b311e127-6fe3-57d1-921d-3fad2a89bc86",
      "type": "Feature",
      "feature_type": "navigation",
      "geometry": {
        "type": "Point",
        "coordinates": [
          -123.250718555911,
          49.263413525621
        ]
      },
      "properties": {
        "debug_id": "AP-1212",
        "alt_name": {
          "en": "nav_projection_drawer_set_1212"
        },
        "level_id": "41d0e8ca-d315-4b25-938c-7955db2daf2e",
        "wayfinding_type": "access_projection",
        "route_confirmed": true,
        "source": "di_17_09_L1",
        "sources": [
          "di_17_09_L1",
          "di_17_09_L2",
          "di_17_09_L3",
          "di_17_09_top"
        ],
        "target": "path_099",
        "targets": [
          "path_099"
        ]
      }
    },
    {
      "id": "20365786-3523-5d6a-aa41-93ffa0a5c1df",
      "type": "Feature",
      "feature_type": "navigation",
      "geometry": {
        "type": "Point",
        "coordinates": [
          -123.250713442028,
          49.263407107739
        ]
      },
      "properties": {
        "debug_id": "AP-1213",
        "alt_name": {
          "en": "nav_projection_drawer_set_1213"
        },
        "level_id": "41d0e8ca-d315-4b25-938c-7955db2daf2e",
        "wayfinding_type": "access_projection",
        "route_confirmed": true,
        "source": "di_17_10_L1",
        "sources": [
          "di_17_10_L1",
          "di_17_10_L2",
          "di_17_10_L3",
          "di_17_10_top"
        ],
        "target": "path_099",
        "targets": [
          "path_099"
        ]
      }
    },
    {
      "id": "280493a4-6efa-5d07-a035-2387fd4c745d",
      "type": "Feature",
      "feature_type": "navigation",
      "geometry": {
        "type": "Point",
        "coordinates": [
          -123.250708328145,
          49.263400689856
        ]
      },
      "properties": {
        "debug_id": "AP-1214",
        "alt_name": {
          "en": "nav_projection_drawer_set_1214"
        },
        "level_id": "41d0e8ca-d315-4b25-938c-7955db2daf2e",
        "wayfinding_type": "access_projection",
        "route_confirmed": true,
        "source": "di_17_11_L1",
        "sources": [
          "di_17_11_L1",
          "di_17_11_L2",
          "di_17_11_L3",
          "di_17_11_top"
        ],
        "target": "path_099",
        "targets": [
          "path_099"
        ]
      }
    },
    {
      "id": "e221fbb9-4084-5e9c-8d59-211c14afeade",
      "type": "Feature",
      "feature_type": "navigation",
      "geometry": {
        "type": "Point",
        "coordinates": [
          -123.250703214263,
          49.263394271972
        ]
      },
      "properties": {
        "debug_id": "AP-1215",
        "alt_name": {
          "en": "nav_projection_drawer_set_1215"
        },
        "level_id": "41d0e8ca-d315-4b25-938c-7955db2daf2e",
        "wayfinding_type": "access_projection",
        "route_confirmed": true,
        "source": "di_17_12_L1",
        "sources": [
          "di_17_12_L1",
          "di_17_12_L2",
          "di_17_12_L3",
          "di_17_12_top"
        ],
        "target": "path_099",
        "targets": [
          "path_099"
        ]
      }
    },
    {
      "id": "01e9a6bf-590b-5889-8c0d-cdf2174d8fcd",
      "type": "Feature",
      "feature_type": "navigation",
      "geometry": {
        "type": "Point",
        "coordinates": [
          -123.250698100382,
          49.263387854087
        ]
      },
      "properties": {
        "debug_id": "AP-1216",
        "alt_name": {
          "en": "nav_projection_drawer_set_1216"
        },
        "level_id": "41d0e8ca-d315-4b25-938c-7955db2daf2e",
        "wayfinding_type": "access_projection",
        "route_confirmed": true,
        "source": "di_17_13_L1",
        "sources": [
          "di_17_13_L1",
          "di_17_13_L2",
          "di_17_13_L3",
          "di_17_13_top"
        ],
        "target": "path_099",
        "targets": [
          "path_099"
        ]
      }
    },
    {
      "id": "eb54ec84-8839-5afa-938e-bd62ef21c88a",
      "type": "Feature",
      "feature_type": "navigation",
      "geometry": {
        "type": "Point",
        "coordinates": [
          -123.250743248407,
          49.263494966633
        ]
      },
      "properties": {
        "debug_id": "AP-1223",
        "alt_name": {
          "en": "nav_projection_drawer_set_1223"
        },
        "level_id": "41d0e8ca-d315-4b25-938c-7955db2daf2e",
        "wayfinding_type": "access_projection",
        "route_confirmed": true,
        "source": "di_19_14_L1",
        "sources": [
          "di_19_14_L1",
          "di_19_14_L2",
          "di_19_14_L3",
          "di_19_14_top"
        ],
        "target": "path_021",
        "targets": [
          "path_021"
        ]
      }
    },
    {
      "id": "1d8d2cc8-0ae5-5561-9824-b5d055da616e",
      "type": "Feature",
      "feature_type": "navigation",
      "geometry": {
        "type": "Point",
        "coordinates": [
          -123.250618145351,
          49.263337963153
        ]
      },
      "properties": {
        "debug_id": "AP-1224",
        "alt_name": {
          "en": "nav_projection_drawer_set_1224"
        },
        "level_id": "41d0e8ca-d315-4b25-938c-7955db2daf2e",
        "wayfinding_type": "access_projection",
        "route_confirmed": true,
        "source": "di_19_15_L1",
        "sources": [
          "di_19_15_L1",
          "di_19_15_L2",
          "di_19_15_L3",
          "di_19_15_top"
        ],
        "target": "path_105",
        "targets": [
          "path_105"
        ]
      }
    },
    {
      "id": "41f55896-145b-5b71-9d21-f405d77eccb2",
      "type": "Feature",
      "feature_type": "navigation",
      "geometry": {
        "type": "Point",
        "coordinates": [
          -123.250711682214,
          49.263505792509
        ]
      },
      "properties": {
        "debug_id": "AP-1225",
        "alt_name": {
          "en": "nav_projection_drawer_set_1225"
        },
        "level_id": "41d0e8ca-d315-4b25-938c-7955db2daf2e",
        "wayfinding_type": "access_projection",
        "route_confirmed": true,
        "source": "di_20_14_L1",
        "sources": [
          "di_20_14_L1",
          "di_20_14_L2",
          "di_20_14_L3",
          "di_20_14_top"
        ],
        "target": "path_027",
        "targets": [
          "path_027"
        ]
      }
    },
    {
      "id": "459eaa0d-46da-5570-8534-4ad25c69b3ef",
      "type": "Feature",
      "feature_type": "navigation",
      "geometry": {
        "type": "Point",
        "coordinates": [
          -123.250586579233,
          49.263348789001
        ]
      },
      "properties": {
        "debug_id": "AP-1226",
        "alt_name": {
          "en": "nav_projection_drawer_set_1226"
        },
        "level_id": "41d0e8ca-d315-4b25-938c-7955db2daf2e",
        "wayfinding_type": "access_projection",
        "route_confirmed": true,
        "source": "di_20_15_L1",
        "sources": [
          "di_20_15_L1",
          "di_20_15_L2",
          "di_20_15_L3",
          "di_20_15_top"
        ],
        "target": "path_110",
        "targets": [
          "path_110"
        ]
      }
    },
    {
      "id": "05ef1cb2-2a1b-5112-aed3-460db3980db0",
      "type": "Feature",
      "feature_type": "navigation",
      "geometry": {
        "type": "Point",
        "coordinates": [
          -123.250677158483,
          49.263517942162
        ]
      },
      "properties": {
        "debug_id": "AP-1227",
        "alt_name": {
          "en": "nav_projection_drawer_set_1227"
        },
        "level_id": "41d0e8ca-d315-4b25-938c-7955db2daf2e",
        "wayfinding_type": "access_projection",
        "route_confirmed": true,
        "source": "di_23_16_L1",
        "sources": [
          "di_23_16_L1",
          "di_23_16_L2",
          "di_23_16_L3",
          "di_23_16_top"
        ],
        "target": "path_024",
        "targets": [
          "path_024"
        ]
      }
    },
    {
      "id": "870c152b-f70d-5a65-b122-de622c3757bc",
      "type": "Feature",
      "feature_type": "navigation",
      "geometry": {
        "type": "Point",
        "coordinates": [
          -123.250552055613,
          49.263360938656
        ]
      },
      "properties": {
        "debug_id": "AP-1228",
        "alt_name": {
          "en": "nav_projection_drawer_set_1228"
        },
        "level_id": "41d0e8ca-d315-4b25-938c-7955db2daf2e",
        "wayfinding_type": "access_projection",
        "route_confirmed": true,
        "source": "di_23_17_L1",
        "sources": [
          "di_23_17_L1",
          "di_23_17_L2",
          "di_23_17_L3",
          "di_23_17_top"
        ],
        "target": "path_114",
        "targets": [
          "path_114"
        ]
      }
    },
    {
      "id": "13e8d70a-9b2d-5f69-aa82-80c1ca11917a",
      "type": "Feature",
      "feature_type": "navigation",
      "geometry": {
        "type": "Point",
        "coordinates": [
          -123.25065192145,
          49.263526607965
        ]
      },
      "properties": {
        "debug_id": "AP-1229",
        "alt_name": {
          "en": "nav_projection_drawer_set_1229"
        },
        "level_id": "41d0e8ca-d315-4b25-938c-7955db2daf2e",
        "wayfinding_type": "access_projection",
        "route_confirmed": true,
        "source": "di_24_16_L1",
        "sources": [
          "di_24_16_L1",
          "di_24_16_L2",
          "di_24_16_L3",
          "di_24_16_top"
        ],
        "target": "path_148",
        "targets": [
          "path_148"
        ]
      }
    },
    {
      "id": "c1ef7cd6-fc79-5b68-a291-4cc1adc05720",
      "type": "Feature",
      "feature_type": "navigation",
      "geometry": {
        "type": "Point",
        "coordinates": [
          -123.250526818642,
          49.263369604437
        ]
      },
      "properties": {
        "debug_id": "AP-1230",
        "alt_name": {
          "en": "nav_projection_drawer_set_1230"
        },
        "level_id": "41d0e8ca-d315-4b25-938c-7955db2daf2e",
        "wayfinding_type": "access_projection",
        "route_confirmed": true,
        "source": "di_24_17_L1",
        "sources": [
          "di_24_17_L1",
          "di_24_17_L2",
          "di_24_17_L3",
          "di_24_17_top"
        ],
        "target": "path_118",
        "targets": [
          "path_118"
        ]
      }
    },
    {
      "id": "74613806-4bff-5ed0-a9e8-3cffe1a63eae",
      "type": "Feature",
      "feature_type": "navigation",
      "geometry": {
        "type": "Point",
        "coordinates": [
          -123.250617403271,
          49.263538755685
        ]
      },
      "properties": {
        "debug_id": "AP-1231",
        "alt_name": {
          "en": "nav_projection_drawer_set_1231"
        },
        "level_id": "41d0e8ca-d315-4b25-938c-7955db2daf2e",
        "wayfinding_type": "access_projection",
        "route_confirmed": true,
        "source": "di_27_18_L1",
        "sources": [
          "di_27_18_L1",
          "di_27_18_L2",
          "di_27_18_L3",
          "di_27_18_top"
        ],
        "target": "path_032",
        "targets": [
          "path_032"
        ]
      }
    },
    {
      "id": "e4be95a4-05bb-5472-b664-f92ef9ff366c",
      "type": "Feature",
      "feature_type": "navigation",
      "geometry": {
        "type": "Point",
        "coordinates": [
          -123.250492300572,
          49.263381752159
        ]
      },
      "properties": {
        "debug_id": "AP-1232",
        "alt_name": {
          "en": "nav_projection_drawer_set_1232"
        },
        "level_id": "41d0e8ca-d315-4b25-938c-7955db2daf2e",
        "wayfinding_type": "access_projection",
        "route_confirmed": true,
        "source": "di_27_19_L1",
        "sources": [
          "di_27_19_L1",
          "di_27_19_L2",
          "di_27_19_L3",
          "di_27_19_top"
        ],
        "target": "path_119",
        "targets": [
          "path_119"
        ]
      }
    },
    {
      "id": "0aa67e8a-18de-5b09-8e0e-39511ee889e2",
      "type": "Feature",
      "feature_type": "navigation",
      "geometry": {
        "type": "Point",
        "coordinates": [
          -123.2505858487,
          49.263549577547
        ]
      },
      "properties": {
        "debug_id": "AP-1233",
        "alt_name": {
          "en": "nav_projection_drawer_set_1233"
        },
        "level_id": "41d0e8ca-d315-4b25-938c-7955db2daf2e",
        "wayfinding_type": "access_projection",
        "route_confirmed": true,
        "source": "di_28_18_L1",
        "sources": [
          "di_28_18_L1",
          "di_28_18_L2",
          "di_28_18_L3",
          "di_28_18_top"
        ],
        "target": "path_144",
        "targets": [
          "path_144"
        ]
      }
    },
    {
      "id": "68ccb27c-fe2e-5674-b877-fd947685d9a3",
      "type": "Feature",
      "feature_type": "navigation",
      "geometry": {
        "type": "Point",
        "coordinates": [
          -123.250460746078,
          49.263392573991
        ]
      },
      "properties": {
        "debug_id": "AP-1234",
        "alt_name": {
          "en": "nav_projection_drawer_set_1234"
        },
        "level_id": "41d0e8ca-d315-4b25-938c-7955db2daf2e",
        "wayfinding_type": "access_projection",
        "route_confirmed": true,
        "source": "di_28_19_L1",
        "sources": [
          "di_28_19_L1",
          "di_28_19_L2",
          "di_28_19_L3",
          "di_28_19_top"
        ],
        "target": "path_123",
        "targets": [
          "path_123"
        ]
      }
    },
    {
      "id": "8cc2063f-ed69-592f-bebd-471530d88cb6",
      "type": "Feature",
      "feature_type": "navigation",
      "geometry": {
        "type": "Point",
        "coordinates": [
          -123.250551333623,
          49.263561724135
        ]
      },
      "properties": {
        "debug_id": "AP-1235",
        "alt_name": {
          "en": "nav_projection_drawer_set_1235"
        },
        "level_id": "41d0e8ca-d315-4b25-938c-7955db2daf2e",
        "wayfinding_type": "access_projection",
        "route_confirmed": true,
        "source": "di_31_20_L1",
        "sources": [
          "di_31_20_L1",
          "di_31_20_L2",
          "di_31_20_L3",
          "di_31_20_top"
        ],
        "target": "path_036",
        "targets": [
          "path_036"
        ]
      }
    },
    {
      "id": "4eb4e860-8610-5905-981d-330321ae4cf6",
      "type": "Feature",
      "feature_type": "navigation",
      "geometry": {
        "type": "Point",
        "coordinates": [
          -123.25042623111,
          49.263404720582
        ]
      },
      "properties": {
        "debug_id": "AP-1236",
        "alt_name": {
          "en": "nav_projection_drawer_set_1236"
        },
        "level_id": "41d0e8ca-d315-4b25-938c-7955db2daf2e",
        "wayfinding_type": "access_projection",
        "route_confirmed": true,
        "source": "di_31_21_L1",
        "sources": [
          "di_31_21_L1",
          "di_31_21_L2",
          "di_31_21_L3",
          "di_31_21_top"
        ],
        "target": "path_124",
        "targets": [
          "path_124"
        ]
      }
    },
    {
      "id": "a2dece9d-e861-5dea-87ca-cf6ba0bbcbfa",
      "type": "Feature",
      "feature_type": "navigation",
      "geometry": {
        "type": "Point",
        "coordinates": [
          -123.250408976203,
          49.26352927187
        ]
      },
      "properties": {
        "debug_id": "AP-1245",
        "alt_name": {
          "en": "nav_projection_drawer_set_1245"
        },
        "level_id": "41d0e8ca-d315-4b25-938c-7955db2daf2e",
        "wayfinding_type": "access_projection",
        "route_confirmed": true,
        "source": "di_36_22_L1",
        "sources": [
          "di_36_22_L1",
          "di_36_22_L2",
          "di_36_22_L3",
          "di_36_22_top"
        ],
        "target": "path_133",
        "targets": [
          "path_133"
        ]
      }
    },
    {
      "id": "a218419a-402b-53a6-bf0e-0ef08a478e00",
      "type": "Feature",
      "feature_type": "navigation",
      "geometry": {
        "type": "Point",
        "coordinates": [
          -123.250403862355,
          49.263522853984
        ]
      },
      "properties": {
        "debug_id": "AP-1246",
        "alt_name": {
          "en": "nav_projection_drawer_set_1246"
        },
        "level_id": "41d0e8ca-d315-4b25-938c-7955db2daf2e",
        "wayfinding_type": "access_projection",
        "route_confirmed": true,
        "source": "di_36_23_L1",
        "sources": [
          "di_36_23_L1",
          "di_36_23_L2",
          "di_36_23_L3",
          "di_36_23_top"
        ],
        "target": "path_133",
        "targets": [
          "path_133"
        ]
      }
    },
    {
      "id": "520db37f-d3d2-51b0-9490-ef0ecc2025bc",
      "type": "Feature",
      "feature_type": "navigation",
      "geometry": {
        "type": "Point",
        "coordinates": [
          -123.250393634661,
          49.263510018207
        ]
      },
      "properties": {
        "debug_id": "AP-1248",
        "alt_name": {
          "en": "nav_projection_drawer_set_1248"
        },
        "level_id": "41d0e8ca-d315-4b25-938c-7955db2daf2e",
        "wayfinding_type": "access_projection",
        "route_confirmed": true,
        "source": "di_36_25_L1",
        "sources": [
          "di_36_25_L1",
          "di_36_25_L2",
          "di_36_25_L3",
          "di_36_25_top"
        ],
        "target": "path_133",
        "targets": [
          "path_133"
        ]
      }
    },
    {
      "id": "c7d22e09-3db9-5e00-a518-e677241c5569",
      "type": "Feature",
      "feature_type": "navigation",
      "geometry": {
        "type": "Point",
        "coordinates": [
          -123.250388520815,
          49.263503600318
        ]
      },
      "properties": {
        "debug_id": "AP-1249",
        "alt_name": {
          "en": "nav_projection_drawer_set_1249"
        },
        "level_id": "41d0e8ca-d315-4b25-938c-7955db2daf2e",
        "wayfinding_type": "access_projection",
        "route_confirmed": true,
        "source": "di_36_26_L1",
        "sources": [
          "di_36_26_L1",
          "di_36_26_L2",
          "di_36_26_L3",
          "di_36_26_top"
        ],
        "target": "path_133",
        "targets": [
          "path_133"
        ]
      }
    },
    {
      "id": "d06b92d2-7054-5236-af2a-71d7583332fa",
      "type": "Feature",
      "feature_type": "navigation",
      "geometry": {
        "type": "Point",
        "coordinates": [
          -123.250437215517,
          49.263564712215
        ]
      },
      "properties": {
        "debug_id": "AP-1251",
        "alt_name": {
          "en": "nav_projection_drawer_set_1251"
        },
        "level_id": "41d0e8ca-d315-4b25-938c-7955db2daf2e",
        "wayfinding_type": "access_projection",
        "route_confirmed": true,
        "source": "di_37_28_L1",
        "sources": [
          "di_37_28_L1",
          "di_37_28_L2",
          "di_37_28_L3",
          "di_37_28_top"
        ],
        "target": "path_042",
        "targets": [
          "path_042"
        ]
      }
    },
    {
      "id": "ea415d4c-39fe-55bc-8469-d390561b06bc",
      "type": "Feature",
      "feature_type": "navigation",
      "geometry": {
        "type": "Point",
        "coordinates": [
          -123.250418447457,
          49.263541158303
        ]
      },
      "properties": {
        "debug_id": "AP-1252",
        "alt_name": {
          "en": "nav_projection_drawer_set_1252"
        },
        "level_id": "41d0e8ca-d315-4b25-938c-7955db2daf2e",
        "wayfinding_type": "access_projection",
        "route_confirmed": true,
        "source": "di_37_29_L1",
        "sources": [
          "di_37_29_L1",
          "di_37_29_L2",
          "di_37_29_L3",
          "di_37_29_top"
        ],
        "target": "path_133",
        "targets": [
          "path_133"
        ]
      }
    },
    {
      "id": "85a05a5f-a2f0-51a3-88bd-5b73c9daae40",
      "type": "Feature",
      "feature_type": "navigation",
      "geometry": {
        "type": "Point",
        "coordinates": [
          -123.250405591191,
          49.263575557823
        ]
      },
      "properties": {
        "debug_id": "AP-1253",
        "alt_name": {
          "en": "nav_projection_drawer_set_1253"
        },
        "level_id": "41d0e8ca-d315-4b25-938c-7955db2daf2e",
        "wayfinding_type": "access_projection",
        "route_confirmed": true,
        "source": "di_38_28_L1",
        "sources": [
          "di_38_28_L1",
          "di_38_28_L2",
          "di_38_28_L3",
          "di_38_28_top"
        ],
        "target": "path_044",
        "targets": [
          "path_044"
        ]
      }
    },
    {
      "id": "96f8f6ff-918a-5a14-ba51-6ef6cfd86cd7",
      "type": "Feature",
      "feature_type": "navigation",
      "geometry": {
        "type": "Point",
        "coordinates": [
          -123.250386823143,
          49.263552003906
        ]
      },
      "properties": {
        "debug_id": "AP-1254",
        "alt_name": {
          "en": "nav_projection_drawer_set_1254"
        },
        "level_id": "41d0e8ca-d315-4b25-938c-7955db2daf2e",
        "wayfinding_type": "access_projection",
        "route_confirmed": true,
        "source": "di_38_29_L1",
        "sources": [
          "di_38_29_L1",
          "di_38_29_L2",
          "di_38_29_L3",
          "di_38_29_top"
        ],
        "target": "path_137",
        "targets": [
          "path_137"
        ]
      }
    },
    {
      "id": "c94cc224-751d-5d62-aa7a-ede647e1ce95",
      "type": "Feature",
      "feature_type": "navigation",
      "geometry": {
        "type": "Point",
        "coordinates": [
          -123.250191327063,
          49.263609437946
        ]
      },
      "properties": {
        "debug_id": "AP-1256",
        "alt_name": {
          "en": "nav_projection_drawer_set_1256"
        },
        "level_id": "41d0e8ca-d315-4b25-938c-7955db2daf2e",
        "wayfinding_type": "access_projection",
        "route_confirmed": true,
        "source": "di_51_31_L1",
        "sources": [
          "di_51_31_L1",
          "di_51_31_L2",
          "di_51_31_L3",
          "di_51_31_top"
        ],
        "target": "path_196",
        "targets": [
          "path_196"
        ]
      }
    },
    {
      "id": "71f1c57f-48c6-5fcc-ac14-6a131880e915",
      "type": "Feature",
      "feature_type": "navigation",
      "geometry": {
        "type": "Point",
        "coordinates": [
          -123.250177122512,
          49.263650774067
        ]
      },
      "properties": {
        "debug_id": "AP-1257",
        "alt_name": {
          "en": "nav_projection_drawer_set_1257"
        },
        "level_id": "41d0e8ca-d315-4b25-938c-7955db2daf2e",
        "wayfinding_type": "access_projection",
        "route_confirmed": true,
        "source": "di_52_30_L1",
        "sources": [
          "di_52_30_L1",
          "di_52_30_L2",
          "di_52_30_L3",
          "di_52_30_top"
        ],
        "target": "path_066",
        "targets": [
          "path_066"
        ]
      }
    },
    {
      "id": "a96dcf36-4fd5-56c2-ab9f-ec6fb473ed17",
      "type": "Feature",
      "feature_type": "navigation",
      "geometry": {
        "type": "Point",
        "coordinates": [
          -123.250154297298,
          49.263622128233
        ]
      },
      "properties": {
        "debug_id": "AP-1258",
        "alt_name": {
          "en": "nav_projection_drawer_set_1258"
        },
        "level_id": "41d0e8ca-d315-4b25-938c-7955db2daf2e",
        "wayfinding_type": "access_projection",
        "route_confirmed": true,
        "source": "di_52_31_L1",
        "sources": [
          "di_52_31_L1",
          "di_52_31_L2",
          "di_52_31_L3",
          "di_52_31_top"
        ],
        "target": "path_068",
        "targets": [
          "path_068"
        ]
      }
    },
    {
      "id": "df3170cf-f762-5ec1-9c71-915317e25c56",
      "type": "Feature",
      "feature_type": "navigation",
      "geometry": {
        "type": "Point",
        "coordinates": [
          -123.250938279285,
          49.263361266796
        ]
      },
      "properties": {
        "debug_id": "AP-1259",
        "alt_name": {
          "en": "nav_projection_fossil_1259"
        },
        "level_id": "41d0e8ca-d315-4b25-938c-7955db2daf2e",
        "wayfinding_type": "access_projection",
        "route_confirmed": true,
        "source": "fossil_excavation_1",
        "sources": [
          "fossil_excavation_1",
          "fossil_excavation_1"
        ],
        "target": "path_071",
        "targets": [
          "path_071"
        ]
      }
    },
    {
      "id": "9b8e17e2-0c13-55aa-a3e5-ffb44e48d2ed",
      "type": "Feature",
      "feature_type": "navigation",
      "geometry": {
        "type": "Point",
        "coordinates": [
          -123.250843502845,
          49.263393612927
        ]
      },
      "properties": {
        "debug_id": "AP-1260",
        "alt_name": {
          "en": "nav_projection_fossil_1260"
        },
        "level_id": "41d0e8ca-d315-4b25-938c-7955db2daf2e",
        "wayfinding_type": "access_projection",
        "route_confirmed": true,
        "source": "fossil_excavation_2",
        "sources": [
          "fossil_excavation_2",
          "fossil_excavation_2"
        ],
        "target": "path_071",
        "targets": [
          "path_071"
        ]
      }
    },
    {
      "id": "6ab70d81-ac4a-5df5-a82d-8c17ca60ee69",
      "type": "Feature",
      "feature_type": "navigation",
      "geometry": {
        "type": "Point",
        "coordinates": [
          -123.250765355983,
          49.263345947281
        ]
      },
      "properties": {
        "debug_id": "AP-1261",
        "alt_name": {
          "en": "nav_projection_fossil_1261"
        },
        "level_id": "41d0e8ca-d315-4b25-938c-7955db2daf2e",
        "wayfinding_type": "access_projection",
        "route_confirmed": true,
        "source": "fossil_excavation_3",
        "sources": [
          "fossil_excavation_3",
          "fossil_excavation_3"
        ],
        "target": "path_087",
        "targets": [
          "path_087"
        ]
      }
    },
    {
      "id": "d233961f-1241-5cd6-9025-992fde9ccbcc",
      "type": "Feature",
      "feature_type": "navigation",
      "geometry": {
        "type": "Point",
        "coordinates": [
          -123.250785002683,
          49.263421189046
        ]
      },
      "properties": {
        "debug_id": "AP-1262",
        "alt_name": {
          "en": "nav_projection_fossil_1262"
        },
        "level_id": "41d0e8ca-d315-4b25-938c-7955db2daf2e",
        "wayfinding_type": "access_projection",
        "route_confirmed": true,
        "source": "fossil_excavation_4",
        "sources": [
          "fossil_excavation_4",
          "fossil_excavation_4"
        ],
        "target": "path_094",
        "targets": [
          "path_094"
        ]
      }
    },
    {
      "id": "a12ddc42-5f2d-54d7-b7c1-b4c672e57068",
      "type": "Feature",
      "feature_type": "navigation",
      "geometry": {
        "type": "Point",
        "coordinates": [
          -123.250387274613,
          49.263476862319
        ]
      },
      "properties": {
        "debug_id": "AP-1263",
        "alt_name": {
          "en": "nav_projection_fossil_1263"
        },
        "level_id": "41d0e8ca-d315-4b25-938c-7955db2daf2e",
        "wayfinding_type": "access_projection",
        "route_confirmed": true,
        "source": "fossil_excavation_5",
        "sources": [
          "fossil_excavation_5",
          "fossil_excavation_5"
        ],
        "target": "path_130",
        "targets": [
          "path_130"
        ]
      }
    },
    {
      "id": "1abc4845-d58d-5061-b290-b19d7f942d24",
      "type": "Feature",
      "feature_type": "navigation",
      "geometry": {
        "type": "Point",
        "coordinates": [
          -123.250411943287,
          49.26355839183
        ]
      },
      "properties": {
        "debug_id": "AP-1264",
        "alt_name": {
          "en": "nav_projection_fossil_1264"
        },
        "level_id": "41d0e8ca-d315-4b25-938c-7955db2daf2e",
        "wayfinding_type": "access_projection",
        "route_confirmed": true,
        "source": "fossil_excavation_6",
        "sources": [
          "fossil_excavation_6",
          "fossil_excavation_6"
        ],
        "target": "path_135",
        "targets": [
          "path_135"
        ]
      }
    },
    {
      "id": "564968b7-d541-5eb3-9a0e-bc793ac900eb",
      "type": "Feature",
      "feature_type": "navigation",
      "geometry": {
        "type": "Point",
        "coordinates": [
          -123.25032021311,
          49.263493708961
        ]
      },
      "properties": {
        "debug_id": "AP-1265",
        "alt_name": {
          "en": "nav_projection_fossil_1265"
        },
        "level_id": "41d0e8ca-d315-4b25-938c-7955db2daf2e",
        "wayfinding_type": "access_projection",
        "route_confirmed": true,
        "source": "fossil_excavation_7",
        "sources": [
          "fossil_excavation_7",
          "fossil_excavation_7"
        ],
        "target": "path_198",
        "targets": [
          "path_198"
        ]
      }
    },
    {
      "id": "52b5aa49-c715-5e28-8fcd-1f7b14fd948d",
      "type": "Feature",
      "feature_type": "navigation",
      "geometry": {
        "type": "Point",
        "coordinates": [
          -123.250162172486,
          49.263547645157
        ]
      },
      "properties": {
        "debug_id": "AP-1266",
        "alt_name": {
          "en": "nav_projection_fossil_1266"
        },
        "level_id": "41d0e8ca-d315-4b25-938c-7955db2daf2e",
        "wayfinding_type": "access_projection",
        "route_confirmed": true,
        "source": "fossil_excavation_8",
        "sources": [
          "fossil_excavation_8",
          "fossil_excavation_8"
        ],
        "target": "path_198",
        "targets": [
          "path_198"
        ]
      }
    },
    {
      "id": "dbef5ce3-2aab-5be5-ac33-24dff29b3054",
      "type": "Feature",
      "feature_type": "navigation",
      "geometry": {
        "type": "Point",
        "coordinates": [
          -123.250187095834,
          49.263629153183
        ]
      },
      "properties": {
        "debug_id": "AP-1267",
        "alt_name": {
          "en": "nav_projection_fossil_1267"
        },
        "level_id": "41d0e8ca-d315-4b25-938c-7955db2daf2e",
        "wayfinding_type": "access_projection",
        "route_confirmed": true,
        "source": "fossil_excavation_9",
        "sources": [
          "fossil_excavation_9",
          "fossil_excavation_9"
        ],
        "target": "path_197",
        "targets": [
          "path_197"
        ]
      }
    },
    {
      "id": "a34c1600-54bd-5e62-9d0d-ea7df30b9873",
      "type": "Feature",
      "feature_type": "navigation",
      "geometry": {
        "type": "Point",
        "coordinates": [
          -123.25095768595578,
          49.26314979151837
        ]
      },
      "properties": {
        "debug_id": "AP-1268",
        "alt_name": {
          "en": "nav_projection_ramp_entrance"
        },
        "level_id": "41d0e8ca-d315-4b25-938c-7955db2daf2e",
        "wayfinding_type": "access_projection",
        "route_confirmed": true,
        "source": "ramp_entrance",
        "sources": [
          "ramp_entrance"
        ],
        "target": "path_210",
        "targets": [
          "path_210"
        ]
      }
    },
    {
      "id": "408ac6e5-52b3-54ee-82e2-df42a87534cc",
      "type": "Feature",
      "feature_type": "navigation",
      "geometry": {
        "type": "Point",
        "coordinates": [
          -123.25095561548504,
          49.263184175488256
        ]
      },
      "properties": {
        "debug_id": "AP-1269",
        "alt_name": {
          "en": "nav_projection_ramp_exit"
        },
        "level_id": "41d0e8ca-d315-4b25-938c-7955db2daf2e",
        "wayfinding_type": "access_projection",
        "route_confirmed": true,
        "source": "ramp_exit",
        "sources": [
          "ramp_exit"
        ],
        "target": "path_212",
        "targets": [
          "path_212"
        ]
      }
    },
    {
      "id": "94b1afce-9385-5c58-b3c3-f0b444d8ca78",
      "type": "Feature",
      "feature_type": "navigation",
      "geometry": {
        "type": "Point",
        "coordinates": [
          -123.2509732,
          49.2632654
        ]
      },
      "properties": {
        "debug_id": "AP-1270",
        "alt_name": {
          "en": "nav_projection_blue_whale_skeleton"
        },
        "level_id": "41d0e8ca-d315-4b25-938c-7955db2daf2e",
        "wayfinding_type": "access_projection",
        "route_confirmed": true,
        "source": "blue_whale_skeleton",
        "sources": [
          "blue_whale_skeleton"
        ],
        "target": "path_214",
        "targets": [
          "path_214"
        ]
      }
    },
    {
      "id": "d5bbed1d-055e-5aca-a13a-44730555a328",
      "type": "Feature",
      "feature_type": "navigation",
      "geometry": {
        "type": "Point",
        "coordinates": [
          -123.25015945000656,
          49.26372720000399
        ]
      },
      "properties": {
        "debug_id": "AP-1271",
        "alt_name": {
          "en": "nav_projection_discovery_lab_doors"
        },
        "level_id": "41d0e8ca-d315-4b25-938c-7955db2daf2e",
        "wayfinding_type": "access_projection",
        "route_confirmed": true,
        "source": "discovery_lab_doors",
        "sources": [
          "discovery_lab_doors"
        ],
        "target": "path_215",
        "targets": [
          "path_215"
        ]
      }
    },
    {
      "id": "86deb7d8-8d50-5be6-b418-4afe0e81aaf1",
      "type": "Feature",
      "feature_type": "navigation",
      "geometry": {
        "type": "Point",
        "coordinates": [
          -123.2501565,
          49.2636958
        ]
      },
      "properties": {
        "debug_id": "AP-1272",
        "alt_name": {
          "en": "nav_projection_discovery_lab_table_1"
        },
        "level_id": "41d0e8ca-d315-4b25-938c-7955db2daf2e",
        "wayfinding_type": "access_projection",
        "route_confirmed": true,
        "source": "discovery_lab_table_1",
        "sources": [
          "discovery_lab_table_1"
        ],
        "target": "path_217",
        "targets": [
          "path_217"
        ]
      }
    },
    {
      "id": "e0ce75d4-8401-5ae2-9a12-8a0efcc3c264",
      "type": "Feature",
      "feature_type": "navigation",
      "geometry": {
        "type": "Point",
        "coordinates": [
          -123.2501464,
          49.2636831
        ]
      },
      "properties": {
        "debug_id": "AP-1273",
        "alt_name": {
          "en": "nav_projection_discovery_lab_table_2"
        },
        "level_id": "41d0e8ca-d315-4b25-938c-7955db2daf2e",
        "wayfinding_type": "access_projection",
        "route_confirmed": true,
        "source": "discovery_lab_table_2",
        "sources": [
          "discovery_lab_table_2"
        ],
        "target": "path_218",
        "targets": [
          "path_218"
        ]
      }
    },
    {
      "id": "56694bb3-0533-5b2e-add2-62453457056d",
      "type": "Feature",
      "feature_type": "navigation",
      "geometry": {
        "type": "Point",
        "coordinates": [
          -123.2501356,
          49.2636688
        ]
      },
      "properties": {
        "debug_id": "AP-1274",
        "alt_name": {
          "en": "nav_projection_discovery_lab_table_3"
        },
        "level_id": "41d0e8ca-d315-4b25-938c-7955db2daf2e",
        "wayfinding_type": "access_projection",
        "route_confirmed": true,
        "source": "discovery_lab_table_3",
        "sources": [
          "discovery_lab_table_3"
        ],
        "target": "path_219",
        "targets": [
          "path_219"
        ]
      }
    },
    {
      "id": "4636eef0-e671-5748-8e19-9c165091b78f",
      "type": "Feature",
      "feature_type": "navigation",
      "geometry": {
        "type": "Point",
        "coordinates": [
          -123.2501249,
          49.263655
        ]
      },
      "properties": {
        "debug_id": "AP-1275",
        "alt_name": {
          "en": "nav_projection_discovery_lab_table_4"
        },
        "level_id": "41d0e8ca-d315-4b25-938c-7955db2daf2e",
        "wayfinding_type": "access_projection",
        "route_confirmed": true,
        "source": "discovery_lab_table_4",
        "sources": [
          "discovery_lab_table_4"
        ],
        "target": "path_220",
        "targets": [
          "path_220"
        ]
      }
    },
    {
      "id": "ebb44d9c-cdcc-5c4c-8734-4ae35d668ce7",
      "type": "Feature",
      "feature_type": "navigation",
      "geometry": {
        "type": "Point",
        "coordinates": [
          -123.2501231,
          49.2637085
        ]
      },
      "properties": {
        "debug_id": "AP-1276",
        "alt_name": {
          "en": "nav_projection_discovery_lab_table_5"
        },
        "level_id": "41d0e8ca-d315-4b25-938c-7955db2daf2e",
        "wayfinding_type": "access_projection",
        "route_confirmed": true,
        "source": "discovery_lab_table_5",
        "sources": [
          "discovery_lab_table_5"
        ],
        "target": "path_221",
        "targets": [
          "path_221"
        ]
      }
    },
    {
      "id": "0d514ea9-4190-5dee-8ff9-c8948cab0bc2",
      "type": "Feature",
      "feature_type": "navigation",
      "geometry": {
        "type": "Point",
        "coordinates": [
          -123.2501116,
          49.2636947
        ]
      },
      "properties": {
        "debug_id": "AP-1277",
        "alt_name": {
          "en": "nav_projection_discovery_lab_table_6"
        },
        "level_id": "41d0e8ca-d315-4b25-938c-7955db2daf2e",
        "wayfinding_type": "access_projection",
        "route_confirmed": true,
        "source": "discovery_lab_table_6",
        "sources": [
          "discovery_lab_table_6"
        ],
        "target": "path_222",
        "targets": [
          "path_222"
        ]
      }
    },
    {
      "id": "3edcff83-b450-5e0e-a1ff-6a71156699bd",
      "type": "Feature",
      "feature_type": "navigation",
      "geometry": {
        "type": "Point",
        "coordinates": [
          -123.2501015,
          49.263682
        ]
      },
      "properties": {
        "debug_id": "AP-1278",
        "alt_name": {
          "en": "nav_projection_discovery_lab_table_7"
        },
        "level_id": "41d0e8ca-d315-4b25-938c-7955db2daf2e",
        "wayfinding_type": "access_projection",
        "route_confirmed": true,
        "source": "discovery_lab_table_7",
        "sources": [
          "discovery_lab_table_7"
        ],
        "target": "path_223",
        "targets": [
          "path_223"
        ]
      }
    },
    {
      "id": "9f4d169f-8e32-5f4e-a65f-47002792edaf",
      "type": "Feature",
      "feature_type": "navigation",
      "geometry": {
        "type": "Point",
        "coordinates": [
          -123.2500902,
          49.2636684
        ]
      },
      "properties": {
        "debug_id": "AP-1279",
        "alt_name": {
          "en": "nav_projection_discovery_lab_table_8"
        },
        "level_id": "41d0e8ca-d315-4b25-938c-7955db2daf2e",
        "wayfinding_type": "access_projection",
        "route_confirmed": true,
        "source": "discovery_lab_table_8",
        "sources": [
          "discovery_lab_table_8"
        ],
        "target": "path_224",
        "targets": [
          "path_224"
        ]
      }
    },
    {
      "type": "Feature",
      "id": "957432fe-b99a-5253-b3ea-93357dd9c76f",
      "properties": {
        "debug_id": "AP-1280",
        "alt_name": {
          "en": "nav_projection_discovery_lab_sink"
        },
        "level_id": "41d0e8ca-d315-4b25-938c-7955db2daf2e",
        "wayfinding_type": "access_projection",
        "route_confirmed": true,
        "source": "discovery_lab_sink",
        "sources": [
          "discovery_lab_sink"
        ],
        "target": "path_228",
        "targets": [
          "path_228"
        ]
      },
      "geometry": {
        "type": "Point",
        "coordinates": [
          -123.2501234,
          49.263728
        ]
      }
    },
    {
      "type": "Feature",
      "id": "a41779d6-4ef7-59e1-921d-ab428dd8f7ac",
      "properties": {
        "debug_id": "AP-1281",
        "alt_name": {
          "en": "nav_projection_discovery_lab_microscope"
        },
        "level_id": "41d0e8ca-d315-4b25-938c-7955db2daf2e",
        "wayfinding_type": "access_projection",
        "route_confirmed": true,
        "source": "discovery_lab_microscope",
        "sources": [
          "discovery_lab_microscope"
        ],
        "target": "path_229",
        "targets": [
          "path_229"
        ]
      },
      "geometry": {
        "type": "Point",
        "coordinates": [
          -123.2500656,
          49.26366
        ]
      }
    },
    {
      "type": "Feature",
      "id": "b4a91c5d-eb5d-5c25-86b0-41666d2a2080",
      "properties": {
        "debug_id": "AP-1282",
        "alt_name": {
          "en": "nav_projection_theatre_west_doors"
        },
        "level_id": "41d0e8ca-d315-4b25-938c-7955db2daf2e",
        "wayfinding_type": "access_projection",
        "route_confirmed": true,
        "source": "theatre_west_doors",
        "sources": [
          "theatre_west_doors"
        ],
        "target": "path_230",
        "targets": [
          "path_230"
        ]
      },
      "geometry": {
        "type": "Point",
        "coordinates": [
          -123.25090675000149,
          49.26313860000095
        ]
      }
    },
    {
      "type": "Feature",
      "id": "5e6dc79f-d561-56ec-ab63-a259430aa87a",
      "properties": {
        "debug_id": "AP-1283",
        "alt_name": {
          "en": "nav_projection_theatre_east_doors"
        },
        "level_id": "41d0e8ca-d315-4b25-938c-7955db2daf2e",
        "wayfinding_type": "access_projection",
        "route_confirmed": true,
        "source": "theatre_east_doors",
        "sources": [
          "theatre_east_doors"
        ],
        "target": "path_231",
        "targets": [
          "path_231"
        ]
      },
      "geometry": {
        "type": "Point",
        "coordinates": [
          -123.25081795000158,
          49.263171800000904
        ]
      }
    },
    {
      "type": "Feature",
      "id": "6ec13f82-55d0-56e4-8a7f-887aeb663cff",
      "properties": {
        "debug_id": "AP-1284",
        "alt_name": {
          "en": "nav_projection_theatre_accessibility_ramp_entrance"
        },
        "level_id": "41d0e8ca-d315-4b25-938c-7955db2daf2e",
        "wayfinding_type": "access_projection",
        "route_confirmed": true,
        "source": "theatre_accessibility_ramp_entrance",
        "sources": [
          "theatre_accessibility_ramp_entrance"
        ],
        "target": "path_232",
        "targets": [
          "path_232"
        ]
      },
      "geometry": {
        "type": "Point",
        "coordinates": [
          -123.25090544999965,
          49.263115000000056
        ]
      }
    },
    {
      "type": "Feature",
      "id": "5a215d79-5038-568c-b6b0-15b2968aa9b6",
      "properties": {
        "debug_id": "AP-1285",
        "alt_name": {
          "en": "nav_projection_theatre_accessibility_ramp_exit"
        },
        "level_id": "41d0e8ca-d315-4b25-938c-7955db2daf2e",
        "wayfinding_type": "access_projection",
        "route_confirmed": true,
        "source": "theatre_accessibility_ramp_exit",
        "sources": [
          "theatre_accessibility_ramp_exit"
        ],
        "target": "path_234",
        "targets": [
          "path_234"
        ]
      },
      "geometry": {
        "type": "Point",
        "coordinates": [
          -123.2507113000005,
          49.26305595000027
        ]
      }
    },
    {
      "type": "Feature",
      "id": "5faf6a41-6f54-595f-b493-d9a134148afc",
      "properties": {
        "debug_id": "AP-1286",
        "alt_name": {
          "en": "nav_projection_discovery_lab_emergency_exit"
        },
        "level_id": "41d0e8ca-d315-4b25-938c-7955db2daf2e",
        "wayfinding_type": "access_projection",
        "route_confirmed": true,
        "source": "discovery_lab_emergency_exit",
        "sources": [
          "discovery_lab_emergency_exit"
        ],
        "target": "path_236",
        "targets": [
          "path_236"
        ]
      },
      "geometry": {
        "type": "Point",
        "coordinates": [
          -123.25017470000026,
          49.263749800000156
        ]
      }
    }
  ]
}
